

INSERT INTO `system_dept` (`id`, `name`, `pid`, `enabled`, `create_time`, `update_time`, `is_del`) VALUES (1, 'MSHOP', 0, b'1', '2019-03-01 12:07:37', '2023-04-25 08:53:01', 0);
INSERT INTO `system_dept` (`id`, `name`, `pid`, `enabled`, `create_time`, `update_time`, `is_del`) VALUES (2, '研发部', 7, b'1', '2019-03-25 09:15:32', NULL, 0);
INSERT INTO `system_dept` (`id`, `name`, `pid`, `enabled`, `create_time`, `update_time`, `is_del`) VALUES (5, '人事部', 7, b'1', '2019-03-25 09:20:44', NULL, 0);
INSERT INTO `system_dept` (`id`, `name`, `pid`, `enabled`, `create_time`, `update_time`, `is_del`) VALUES (7, '苏州总部', 1, b'1', '2019-03-25 11:04:50', NULL, 0);
INSERT INTO `system_dept` (`id`, `name`, `pid`, `enabled`, `create_time`, `update_time`, `is_del`) VALUES (8, '南京分部', 1, b'1', '2019-03-25 11:04:53', NULL, 0);
INSERT INTO `system_dept` (`id`, `name`, `pid`, `enabled`, `create_time`, `update_time`, `is_del`) VALUES (11, '人事部', 8, b'1', '2019-03-25 11:07:58', NULL, 0);
INSERT INTO `system_dept` (`id`, `name`, `pid`, `enabled`, `create_time`, `update_time`, `is_del`) VALUES (13, '管理层', 7, b'1', '2023-04-25 08:53:32', NULL, 0);


INSERT INTO `system_job` (`id`, `name`, `enabled`, `sort`, `dept_id`, `create_time`, `update_time`, `is_del`) VALUES (8, '人事专员', b'1', 3, 11, '2019-03-29 14:52:28', NULL, 0);
INSERT INTO `system_job` (`id`, `name`, `enabled`, `sort`, `dept_id`, `create_time`, `update_time`, `is_del`) VALUES (10, '产品经理', b'1', 4, 2, '2019-03-29 14:55:51', NULL, 0);
INSERT INTO `system_job` (`id`, `name`, `enabled`, `sort`, `dept_id`, `create_time`, `update_time`, `is_del`) VALUES (11, '全栈开发', b'1', 2, 2, '2019-03-31 13:39:30', '2023-04-25 08:54:03', 0);
INSERT INTO `system_job` (`id`, `name`, `enabled`, `sort`, `dept_id`, `create_time`, `update_time`, `is_del`) VALUES (12, '软件测试', b'1', 5, 2, '2019-03-31 13:39:43', NULL, 0);
INSERT INTO `system_job` (`id`, `name`, `enabled`, `sort`, `dept_id`, `create_time`, `update_time`, `is_del`) VALUES (13, '部门经理', b'1', 999, 13, '2023-04-25 08:53:56', NULL, 0);

INSERT INTO `system_menu` (`id`, `i_frame`, `name`, `component`, `pid`, `sort`, `icon`, `path`, `cache`, `hidden`, `component_name`, `create_time`, `permission`, `type`, `update_time`, `is_del`) VALUES (1, b'0', '系统管理', NULL, 0, 99, 'system', 'system', b'0', b'0', NULL, '2018-12-18 15:11:29', NULL, 1, '2020-07-16 20:05:34', 0);
INSERT INTO `system_menu` (`id`, `i_frame`, `name`, `component`, `pid`, `sort`, `icon`, `path`, `cache`, `hidden`, `component_name`, `create_time`, `permission`, `type`, `update_time`, `is_del`) VALUES (2, b'0', '用户管理', 'system/user/index', 1, 2, 'peoples', 'user', b'0', b'0', 'User', '2018-12-18 15:14:44', 'user:list', 1, NULL, 0);
INSERT INTO `system_menu` (`id`, `i_frame`, `name`, `component`, `pid`, `sort`, `icon`, `path`, `cache`, `hidden`, `component_name`, `create_time`, `permission`, `type`, `update_time`, `is_del`) VALUES (3, b'0', '角色管理', 'system/role/index', 1, 3, 'role', 'role', b'0', b'0', 'Role', '2018-12-18 15:16:07', 'roles:list', 1, NULL, 0);
INSERT INTO `system_menu` (`id`, `i_frame`, `name`, `component`, `pid`, `sort`, `icon`, `path`, `cache`, `hidden`, `component_name`, `create_time`, `permission`, `type`, `update_time`, `is_del`) VALUES (5, b'0', '菜单管理', 'system/menu/index', 1, 5, 'menu', 'menu', b'0', b'0', 'Menu', '2018-12-18 15:17:28', 'menu:list', 1, NULL, 0);
INSERT INTO `system_menu` (`id`, `i_frame`, `name`, `component`, `pid`, `sort`, `icon`, `path`, `cache`, `hidden`, `component_name`, `create_time`, `permission`, `type`, `update_time`, `is_del`) VALUES (6, b'0', '系统监控', NULL, 0, 100, 'monitor', 'monitor', b'0', b'0', NULL, '2018-12-18 15:17:48', NULL, 1, NULL, 0);
INSERT INTO `system_menu` (`id`, `i_frame`, `name`, `component`, `pid`, `sort`, `icon`, `path`, `cache`, `hidden`, `component_name`, `create_time`, `permission`, `type`, `update_time`, `is_del`) VALUES (7, b'0', '操作日志', 'monitor/log/index', 6, 11, 'log', 'logs', b'1', b'0', 'Log', '2018-12-18 15:18:26', 'log:list', 1, NULL, 0);
INSERT INTO `system_menu` (`id`, `i_frame`, `name`, `component`, `pid`, `sort`, `icon`, `path`, `cache`, `hidden`, `component_name`, `create_time`, `permission`, `type`, `update_time`, `is_del`) VALUES (9, b'0', 'SQL监控', 'monitor/sql/index', 6, 14, 'sqlMonitor', 'druid', b'0', b'0', 'Sql', '2018-12-18 15:19:34', NULL, 1, NULL, 0);
INSERT INTO `system_menu` (`id`, `i_frame`, `name`, `component`, `pid`, `sort`, `icon`, `path`, `cache`, `hidden`, `component_name`, `create_time`, `permission`, `type`, `update_time`, `is_del`) VALUES (18, b'0', '存储管理', 'tools/storage/index', 36, 23, 'qiniu', 'storage', b'0', b'0', 'Storage', '2018-12-31 11:12:15', 'storage:list', 1, '2020-08-06 22:57:28', 0);
INSERT INTO `system_menu` (`id`, `i_frame`, `name`, `component`, `pid`, `sort`, `icon`, `path`, `cache`, `hidden`, `component_name`, `create_time`, `permission`, `type`, `update_time`, `is_del`) VALUES (28, b'0', '定时任务', 'system/timing/index', 36, 21, 'timing', 'timing', b'0', b'0', 'Timing', '2019-01-07 20:34:40', 'timing:list', 1, NULL, 0);
INSERT INTO `system_menu` (`id`, `i_frame`, `name`, `component`, `pid`, `sort`, `icon`, `path`, `cache`, `hidden`, `component_name`, `create_time`, `permission`, `type`, `update_time`, `is_del`) VALUES (30, b'0', '代码生成', 'generator/index', 36, 22, 'dev', 'generator', b'0', b'0', 'GeneratorIndex', '2019-01-11 15:45:55', NULL, 1, NULL, 0);
INSERT INTO `system_menu` (`id`, `i_frame`, `name`, `component`, `pid`, `sort`, `icon`, `path`, `cache`, `hidden`, `component_name`, `create_time`, `permission`, `type`, `update_time`, `is_del`) VALUES (32, b'0', '异常日志', 'monitor/log/errorLog', 6, 12, 'error', 'errorLog', b'0', b'0', 'ErrorLog', '2019-01-13 13:49:03', 'logError:list,logError:detail', 1, NULL, 0);
INSERT INTO `system_menu` (`id`, `i_frame`, `name`, `component`, `pid`, `sort`, `icon`, `path`, `cache`, `hidden`, `component_name`, `create_time`, `permission`, `type`, `update_time`, `is_del`) VALUES (35, b'0', '部门管理', 'system/dept/index', 1, 6, 'dept', 'dept', b'0', b'0', 'Dept', '2019-03-25 09:46:00', 'dept:list', 1, NULL, 0);
INSERT INTO `system_menu` (`id`, `i_frame`, `name`, `component`, `pid`, `sort`, `icon`, `path`, `cache`, `hidden`, `component_name`, `create_time`, `permission`, `type`, `update_time`, `is_del`) VALUES (36, b'0', '系统工具', '', 0, 101, 'sys-tools', 'sys-tools', b'0', b'0', NULL, '2019-03-29 10:57:35', NULL, 1, NULL, 0);
INSERT INTO `system_menu` (`id`, `i_frame`, `name`, `component`, `pid`, `sort`, `icon`, `path`, `cache`, `hidden`, `component_name`, `create_time`, `permission`, `type`, `update_time`, `is_del`) VALUES (37, b'0', '岗位管理', 'system/job/index', 1, 7, 'Steve-Jobs', 'job', b'0', b'0', 'Job', '2019-03-29 13:51:18', 'user:list', 1, NULL, 0);
INSERT INTO `system_menu` (`id`, `i_frame`, `name`, `component`, `pid`, `sort`, `icon`, `path`, `cache`, `hidden`, `component_name`, `create_time`, `permission`, `type`, `update_time`, `is_del`) VALUES (39, b'0', '字典管理', 'system/dict/index', 1, 8, 'dictionary', 'dict', b'0', b'0', 'Dict', '2019-04-10 11:49:04', 'dict:list', 1, NULL, 0);
INSERT INTO `system_menu` (`id`, `i_frame`, `name`, `component`, `pid`, `sort`, `icon`, `path`, `cache`, `hidden`, `component_name`, `create_time`, `permission`, `type`, `update_time`, `is_del`) VALUES (40, b'0', '商品管理', '', 0, 1, 'shop', 'shop', b'1', b'0', '', '2019-10-03 17:40:19', NULL, 1, NULL, 0);
INSERT INTO `system_menu` (`id`, `i_frame`, `name`, `component`, `pid`, `sort`, `icon`, `path`, `cache`, `hidden`, `component_name`, `create_time`, `permission`, `type`, `update_time`, `is_del`) VALUES (41, b'0', '商品分类', 'shop/cate/index', 40, 11, 'icon', 'cate', b'0', b'0', 'Cate', '2019-10-03 17:42:35', 'MWSTORECATEGORY_ALL,MWSTORECATEGORY_SELECT', 1, NULL, 0);
INSERT INTO `system_menu` (`id`, `i_frame`, `name`, `component`, `pid`, `sort`, `icon`, `path`, `cache`, `hidden`, `component_name`, `create_time`, `permission`, `type`, `update_time`, `is_del`) VALUES (45, b'0', '管理商品', 'shop/goods/tab', 40, 12, 'develop', 'goods', b'1', b'0', 'Goods', '2019-10-04 15:34:35', 'MWSTOREPRODUCT_SELECT,MWSTORECATEGORY_ALL,MWSTORECATEGORY_SELECT,MWSYSTEMGROUPDATA_SELECT', 1, '2020-08-06 23:01:36', 0);
INSERT INTO `system_menu` (`id`, `i_frame`, `name`, `component`, `pid`, `sort`, `icon`, `path`, `cache`, `hidden`, `component_name`, `create_time`, `permission`, `type`, `update_time`, `is_del`) VALUES (46, b'0', '会员管理', '', 0, 2, 'peoples', 'member', b'0', b'0', '', '2019-10-06 16:18:05', NULL, 1, NULL, 0);
INSERT INTO `system_menu` (`id`, `i_frame`, `name`, `component`, `pid`, `sort`, `icon`, `path`, `cache`, `hidden`, `component_name`, `create_time`, `permission`, `type`, `update_time`, `is_del`) VALUES (47, b'0', '会员', 'shop/user/index', 46, 20, 'peoples', 'member', b'1', b'0', 'Member', '2019-10-06 16:20:17', 'MWUSER_SELECT', 1, '2023-10-21 19:20:24', 0);
INSERT INTO `system_menu` (`id`, `i_frame`, `name`, `component`, `pid`, `sort`, `icon`, `path`, `cache`, `hidden`, `component_name`, `create_time`, `permission`, `type`, `update_time`, `is_del`) VALUES (48, b'0', '微信管理', '', 0, 14, 'weixin', 'wechat', b'0', b'0', '', '2019-10-06 18:28:54', NULL, 1, '2020-06-26 15:18:32', 0);
INSERT INTO `system_menu` (`id`, `i_frame`, `name`, `component`, `pid`, `sort`, `icon`, `path`, `cache`, `hidden`, `component_name`, `create_time`, `permission`, `type`, `update_time`, `is_del`) VALUES (49, b'0', '微信菜单', 'wechat/menu/index', 48, 31, 'menu', 'wemenu', b'0', b'0', 'WeMenu', '2019-10-06 18:31:06', 'MwWechatMenu_ALL,MwWechatMenu_SELECT', 1, NULL, 0);
INSERT INTO `system_menu` (`id`, `i_frame`, `name`, `component`, `pid`, `sort`, `icon`, `path`, `cache`, `hidden`, `component_name`, `create_time`, `permission`, `type`, `update_time`, `is_del`) VALUES (50, b'0', '图文管理', 'wechat/article/index', 48, 32, 'article', 'wearticle', b'0', b'0', 'WeArticle', '2019-10-07 17:33:45', 'MWARTICLE_ALL,MWARTICLE_SELECT', 1, NULL, 0);
INSERT INTO `system_menu` (`id`, `i_frame`, `name`, `component`, `pid`, `sort`, `icon`, `path`, `cache`, `hidden`, `component_name`, `create_time`, `permission`, `type`, `update_time`, `is_del`) VALUES (51, b'0', '自动回复', 'wechat/reply/index', 48, 33, 'reply', 'wereply', b'0', b'0', 'Wereply', '2019-10-10 09:58:31', 'MWWECHATREPLY_ALL', 1, NULL, 0);
INSERT INTO `system_menu` (`id`, `i_frame`, `name`, `component`, `pid`, `sort`, `icon`, `path`, `cache`, `hidden`, `component_name`, `create_time`, `permission`, `type`, `update_time`, `is_del`) VALUES (52, b'0', '密钥配置', 'wechat/config/index', 48, 34, 'configure', 'weconfig', b'0', b'0', 'WeConfig', '2019-10-10 15:52:24', 'MWSYSTEMCONFIG_ALL', 1, '2023-03-10 22:13:27', 0);
INSERT INTO `system_menu` (`id`, `i_frame`, `name`, `component`, `pid`, `sort`, `icon`, `path`, `cache`, `hidden`, `component_name`, `create_time`, `permission`, `type`, `update_time`, `is_del`) VALUES (53, b'0', '订单管理', '', 0, 4, 'lock', 'order', b'0', b'0', '', '2019-10-14 14:35:18', NULL, 1, NULL, 0);
INSERT INTO `system_menu` (`id`, `i_frame`, `name`, `component`, `pid`, `sort`, `icon`, `path`, `cache`, `hidden`, `component_name`, `create_time`, `permission`, `type`, `update_time`, `is_del`) VALUES (54, b'0', '积分订单', 'shop/order/index', 53, 41, 'order', 'order', b'0', b'0', 'Order', '2019-10-14 14:36:28', 'MWSTOREORDER_SELECT,MWEXPRESS_SELECT', 1, '2022-08-29 23:02:52', 0);
INSERT INTO `system_menu` (`id`, `i_frame`, `name`, `component`, `pid`, `sort`, `icon`, `path`, `cache`, `hidden`, `component_name`, `create_time`, `permission`, `type`, `update_time`, `is_del`) VALUES (55, b'0', '商城配置', '', 0, 15, 'configure', 'set', b'0', b'0', '', '2019-10-18 15:21:26', NULL, 1, '2020-06-26 15:18:20', 0);
INSERT INTO `system_menu` (`id`, `i_frame`, `name`, `component`, `pid`, `sort`, `icon`, `path`, `cache`, `hidden`, `component_name`, `create_time`, `permission`, `type`, `update_time`, `is_del`) VALUES (60, b'0', '热门搜索', 'shop/set/hot', 55, 55, 'search', 'hot', b'0', b'0', 'Hot', '2019-10-26 18:21:54', 'MWSYSTEMGROUPDATA_ALL,MWSYSTEMGROUPDATA_SELECT', 1, NULL, 0);
INSERT INTO `system_menu` (`id`, `i_frame`, `name`, `component`, `pid`, `sort`, `icon`, `path`, `cache`, `hidden`, `component_name`, `create_time`, `permission`, `type`, `update_time`, `is_del`) VALUES (61, b'0', '个人中心菜单', 'shop/set/usermenu', 55, 56, 'menu', 'userMenu', b'0', b'0', 'UserMenu', '2019-10-26 18:42:18', 'MWSYSTEMGROUPDATA_ALL,MWSYSTEMGROUPDATA_SELECT', 1, NULL, 0);
INSERT INTO `system_menu` (`id`, `i_frame`, `name`, `component`, `pid`, `sort`, `icon`, `path`, `cache`, `hidden`, `component_name`, `create_time`, `permission`, `type`, `update_time`, `is_del`) VALUES (62, b'0', '评论管理', 'shop/reply/index', 53, 42, 'comment', 'reply', b'0', b'0', 'Reply', '2019-11-03 14:39:09', 'MWSTOREPRODUCTREPLY_SELECT', 1, NULL, 0);
INSERT INTO `system_menu` (`id`, `i_frame`, `name`, `component`, `pid`, `sort`, `icon`, `path`, `cache`, `hidden`, `component_name`, `create_time`, `permission`, `type`, `update_time`, `is_del`) VALUES (63, b'0', '营销管理', '', 0, 6, 'yingxiao', 'activity', b'0', b'1', '', '2019-11-09 14:17:42', NULL, 1, '2022-09-27 20:23:28', 0);
INSERT INTO `system_menu` (`id`, `i_frame`, `name`, `component`, `pid`, `sort`, `icon`, `path`, `cache`, `hidden`, `component_name`, `create_time`, `permission`, `type`, `update_time`, `is_del`) VALUES (64, b'0', '优惠券制作', 'activity/coupon/index', 229, 61, 'coupon', 'coupon', b'0', b'0', 'Coupon', '2019-11-09 14:18:58', 'MWSTORECOUPON_SELECT', 1, '2020-06-26 15:16:40', 0);
INSERT INTO `system_menu` (`id`, `i_frame`, `name`, `component`, `pid`, `sort`, `icon`, `path`, `cache`, `hidden`, `component_name`, `create_time`, `permission`, `type`, `update_time`, `is_del`) VALUES (65, b'0', '已发布优惠券', 'activity/couponissue/index', 229, 62, 'coupon2', 'couponissue', b'0', b'0', 'Couponissue', '2019-11-09 14:20:35', 'MWSTORECOUPONISSUE_SELECT', 1, '2020-06-26 15:16:48', 0);
INSERT INTO `system_menu` (`id`, `i_frame`, `name`, `component`, `pid`, `sort`, `icon`, `path`, `cache`, `hidden`, `component_name`, `create_time`, `permission`, `type`, `update_time`, `is_del`) VALUES (66, b'0', '优惠券领取记录', 'activity/storecouponuser/index', 229, 63, 'log', 'couponuser', b'0', b'0', 'Couponuser', '2019-11-09 14:21:35', 'MWSTORECOUPONUSER_SELECT,MWSTORECOUPONUSER_SELECT', 1, '2020-08-06 23:11:10', 0);
INSERT INTO `system_menu` (`id`, `i_frame`, `name`, `component`, `pid`, `sort`, `icon`, `path`, `cache`, `hidden`, `component_name`, `create_time`, `permission`, `type`, `update_time`, `is_del`) VALUES (68, b'0', '积分配置', 'wechat/config/point', 227, 59, 'configure', 'pointConfig', b'0', b'0', 'PointConfig', '2019-11-10 18:45:55', 'MWSYSTEMCONFIG_SELECT,MWSYSTEMCONFIG_SELECT', 1, '2020-08-06 23:09:31', 0);
INSERT INTO `system_menu` (`id`, `i_frame`, `name`, `component`, `pid`, `sort`, `icon`, `path`, `cache`, `hidden`, `component_name`, `create_time`, `permission`, `type`, `update_time`, `is_del`) VALUES (69, b'0', '分销管理', '', 0, 7, 'fenxiao', 'promoter', b'0', b'0', '', '2019-11-11 10:42:16', NULL, 1, NULL, 0);
INSERT INTO `system_menu` (`id`, `i_frame`, `name`, `component`, `pid`, `sort`, `icon`, `path`, `cache`, `hidden`, `component_name`, `create_time`, `permission`, `type`, `update_time`, `is_del`) VALUES (70, b'0', '分销配置', 'wechat/config/promoter', 69, 71, 'configure', 'promoterconfig', b'0', b'0', 'Promoterconfig', '2019-11-11 10:48:37', 'MWSYSTEMCONFIG_SELECT,MWSYSTEMCONFIG_SELECT', 1, '2020-08-06 23:12:31', 0);
INSERT INTO `system_menu` (`id`, `i_frame`, `name`, `component`, `pid`, `sort`, `icon`, `path`, `cache`, `hidden`, `component_name`, `create_time`, `permission`, `type`, `update_time`, `is_del`) VALUES (71, b'0', '分销员', 'shop/user/aindex', 69, 72, 'user', 'agent', b'0', b'0', 'Agent', '2019-11-13 18:32:00', 'MWUSER_SELECT', 1, NULL, 1);
INSERT INTO `system_menu` (`id`, `i_frame`, `name`, `component`, `pid`, `sort`, `icon`, `path`, `cache`, `hidden`, `component_name`, `create_time`, `permission`, `type`, `update_time`, `is_del`) VALUES (72, b'0', '提现管理', 'activity/extract/index', 176, 81, 'tixian', 'extract', b'0', b'0', 'Extract', '2019-11-14 10:49:39', 'admin,MWUSEREXTRACT_SELECT', 1, '2023-06-13 11:02:57', 0);
INSERT INTO `system_menu` (`id`, `i_frame`, `name`, `component`, `pid`, `sort`, `icon`, `path`, `cache`, `hidden`, `component_name`, `create_time`, `permission`, `type`, `update_time`, `is_del`) VALUES (73, b'0', '拼团产品', 'activity/combination/index', 63, 64, 'peoples', 'combination', b'0', b'0', 'Combination', '2019-11-18 14:23:04', 'MWSTORECOMBINATION_SELECT', 1, NULL, 0);
INSERT INTO `system_menu` (`id`, `i_frame`, `name`, `component`, `pid`, `sort`, `icon`, `path`, `cache`, `hidden`, `component_name`, `create_time`, `permission`, `type`, `update_time`, `is_del`) VALUES (74, b'0', '拼团列表', 'activity/combinlist/index', 63, 65, 'list', 'pink', b'0', b'0', 'Pink', '2019-11-21 19:35:58', 'MWSTOREPINK_SELECT', 1, NULL, 0);
INSERT INTO `system_menu` (`id`, `i_frame`, `name`, `component`, `pid`, `sort`, `icon`, `path`, `cache`, `hidden`, `component_name`, `create_time`, `permission`, `type`, `update_time`, `is_del`) VALUES (75, b'0', '微信支付配置', 'wechat/config/pay', 48, 35, 'wxpay', 'wxpayconfig', b'0', b'0', 'Wxpayconfig', '2019-11-28 17:06:22', 'MWSYSTEMCONFIG_ALL', 1, NULL, 0);
INSERT INTO `system_menu` (`id`, `i_frame`, `name`, `component`, `pid`, `sort`, `icon`, `path`, `cache`, `hidden`, `component_name`, `create_time`, `permission`, `type`, `update_time`, `is_del`) VALUES (76, b'0', '小程序配置', 'wechat/config/wxapp', 48, 36, 'configure', 'wxapp', b'0', b'0', 'Wxapp', '2019-11-29 15:13:46', 'MWSYSTEMCONFIG_ALL', 1, NULL, 0);
INSERT INTO `system_menu` (`id`, `i_frame`, `name`, `component`, `pid`, `sort`, `icon`, `path`, `cache`, `hidden`, `component_name`, `create_time`, `permission`, `type`, `update_time`, `is_del`) VALUES (77, b'0', '会员等级', 'shop/userlevel/index', 46, 22, 'dengji', 'userlevel', b'0', b'0', 'Userlevel', '2019-12-04 16:35:41', 'MWSYSTEMUSERLEVEL_SELECT', 1, NULL, 0);
INSERT INTO `system_menu` (`id`, `i_frame`, `name`, `component`, `pid`, `sort`, `icon`, `path`, `cache`, `hidden`, `component_name`, `create_time`, `permission`, `type`, `update_time`, `is_del`) VALUES (78, b'0', '等级任务', 'shop/usertask/index', 46, 23, 'task manege', 'usertask', b'0', b'0', 'Usertask', '2019-12-04 17:26:19', 'MWSYSTEMUSERTASK_SELECT', 1, NULL, 0);
INSERT INTO `system_menu` (`id`, `i_frame`, `name`, `component`, `pid`, `sort`, `icon`, `path`, `cache`, `hidden`, `component_name`, `create_time`, `permission`, `type`, `update_time`, `is_del`) VALUES (79, b'0', '签到天数配置', 'shop/set/sign', 227, 61, 'sign2', 'signday', b'0', b'0', 'Signday', '2019-12-05 14:12:16', 'MWSYSTEMGROUPDATA_ALL,MWSYSTEMGROUPDATA_SELECT', 1, '2020-06-26 15:09:25', 0);
INSERT INTO `system_menu` (`id`, `i_frame`, `name`, `component`, `pid`, `sort`, `icon`, `path`, `cache`, `hidden`, `component_name`, `create_time`, `permission`, `type`, `update_time`, `is_del`) VALUES (80, b'0', '用户账单', 'shop/user/bill', 46, 24, 'list', 'bill', b'1', b'0', 'Bill', '2019-12-11 17:28:38', 'MWUSERBILL_ALL,MWUSERBILL_SELECT', 1, '2023-07-04 19:21:05', 0);
INSERT INTO `system_menu` (`id`, `i_frame`, `name`, `component`, `pid`, `sort`, `icon`, `path`, `cache`, `hidden`, `component_name`, `create_time`, `permission`, `type`, `update_time`, `is_del`) VALUES (81, b'0', '物流快递', 'shop/express/index', 53, 43, 'express', 'express', b'0', b'0', 'Express', '2019-12-12 16:36:00', 'MWEXPRESS_SELECT', 1, NULL, 0);
INSERT INTO `system_menu` (`id`, `i_frame`, `name`, `component`, `pid`, `sort`, `icon`, `path`, `cache`, `hidden`, `component_name`, `create_time`, `permission`, `type`, `update_time`, `is_del`) VALUES (82, b'0', '微信模板消息', 'wechat/template/index', 48, 35, 'anq', 'template', b'0', b'0', 'Template', '2019-12-13 14:42:50', 'mwWechatTemplate:list', 1, NULL, 0);
INSERT INTO `system_menu` (`id`, `i_frame`, `name`, `component`, `pid`, `sort`, `icon`, `path`, `cache`, `hidden`, `component_name`, `create_time`, `permission`, `type`, `update_time`, `is_del`) VALUES (83, b'0', '秒杀产品', 'activity/seckill/index', 63, 66, 'seckill', 'seckill', b'0', b'0', 'Seckill', '2019-12-16 13:06:29', 'MWSTORESECKILL_SELECT', 1, NULL, 0);
INSERT INTO `system_menu` (`id`, `i_frame`, `name`, `component`, `pid`, `sort`, `icon`, `path`, `cache`, `hidden`, `component_name`, `create_time`, `permission`, `type`, `update_time`, `is_del`) VALUES (84, b'0', '秒杀配置', 'shop/set/seckill', 63, 67, 'configure', 'seckillconfig', b'0', b'0', 'Seckillconfig', '2019-12-16 16:07:42', 'MWSYSTEMGROUPDATA_SELECT', 1, NULL, 0);
INSERT INTO `system_menu` (`id`, `i_frame`, `name`, `component`, `pid`, `sort`, `icon`, `path`, `cache`, `hidden`, `component_name`, `create_time`, `permission`, `type`, `update_time`, `is_del`) VALUES (86, b'0', '砍价产品', 'activity/bargain/index', 63, 956, 'Sign', 'bargain', b'0', b'0', 'Bargain', '2019-12-22 12:25:55', 'MWSTOREBARGAIN_SELECT', 1, NULL, 0);
INSERT INTO `system_menu` (`id`, `i_frame`, `name`, `component`, `pid`, `sort`, `icon`, `path`, `cache`, `hidden`, `component_name`, `create_time`, `permission`, `type`, `update_time`, `is_del`) VALUES (87, b'0', '生成配置', 'generator/config', 36, 33, 'dev', 'generator/config/:tableName', b'1', b'1', 'GeneratorConfig', '2019-11-17 20:08:56', '', 1, NULL, 0);
INSERT INTO `system_menu` (`id`, `i_frame`, `name`, `component`, `pid`, `sort`, `icon`, `path`, `cache`, `hidden`, `component_name`, `create_time`, `permission`, `type`, `update_time`, `is_del`) VALUES (88, b'0', '生成预览', 'generator/preview', 36, 999, 'java', 'generator/preview/:tableName', b'1', b'1', 'Preview', '2019-11-26 14:54:36', NULL, 1, NULL, 0);
INSERT INTO `system_menu` (`id`, `i_frame`, `name`, `component`, `pid`, `sort`, `icon`, `path`, `cache`, `hidden`, `component_name`, `create_time`, `permission`, `type`, `update_time`, `is_del`) VALUES (116, b'0', '生成配置', 'generator/config', 36, 33, 'dev', 'generator/config/:tableName', b'1', b'1', 'GeneratorConfig', '2019-11-17 20:08:56', '', 1, NULL, 0);
INSERT INTO `system_menu` (`id`, `i_frame`, `name`, `component`, `pid`, `sort`, `icon`, `path`, `cache`, `hidden`, `component_name`, `create_time`, `permission`, `type`, `update_time`, `is_del`) VALUES (117, b'0', '图表库', 'components/Echarts', 10, 50, 'chart', 'echarts', b'1', b'0', 'Echarts', '2019-11-21 09:04:32', '', 1, NULL, 0);
INSERT INTO `system_menu` (`id`, `i_frame`, `name`, `component`, `pid`, `sort`, `icon`, `path`, `cache`, `hidden`, `component_name`, `create_time`, `permission`, `type`, `update_time`, `is_del`) VALUES (118, b'0', '商品新增', 'shop/goods/form', 40, 1, 'anq', 'goodsAdd', b'0', b'1', 'GoodsAdd', '2019-12-24 13:00:47', 'MWSTOREPRODUCT_EDIT', 1, '2020-07-10 16:45:19', 0);
INSERT INTO `system_menu` (`id`, `i_frame`, `name`, `component`, `pid`, `sort`, `icon`, `path`, `cache`, `hidden`, `component_name`, `create_time`, `permission`, `type`, `update_time`, `is_del`) VALUES (119, b'0', '商品修改', 'shop/goods/form', 40, 3, 'anq', 'goodsEdit/:id', b'0', b'1', 'GoodsEdit', '2019-12-24 13:02:23', 'MWSTOREPRODUCT_CREATE', 1, '2020-07-10 16:45:33', 0);
INSERT INTO `system_menu` (`id`, `i_frame`, `name`, `component`, `pid`, `sort`, `icon`, `path`, `cache`, `hidden`, `component_name`, `create_time`, `permission`, `type`, `update_time`, `is_del`) VALUES (120, b'0', '商品删除', NULL, 45, 4, NULL, NULL, b'0', b'0', NULL, '2019-12-24 13:03:51', 'MWSTOREPRODUCT_DELETE', 2, '2020-07-10 16:22:51', 0);
INSERT INTO `system_menu` (`id`, `i_frame`, `name`, `component`, `pid`, `sort`, `icon`, `path`, `cache`, `hidden`, `component_name`, `create_time`, `permission`, `type`, `update_time`, `is_del`) VALUES (121, b'0', '在线用户', 'monitor/online/index', 6, 10, 'Steve-Jobs', 'online', b'0', b'0', 'OnlineUser', '2020-01-06 22:46:43', NULL, 1, NULL, 0);
INSERT INTO `system_menu` (`id`, `i_frame`, `name`, `component`, `pid`, `sort`, `icon`, `path`, `cache`, `hidden`, `component_name`, `create_time`, `permission`, `type`, `update_time`, `is_del`) VALUES (122, b'0', '浏览记录', 'monitor/log/mlog', 40, 13, 'log', 'viewlog', b'0', b'0', 'Viewlog', '2020-01-07 13:17:21', NULL, 1, NULL, 1);
INSERT INTO `system_menu` (`id`, `i_frame`, `name`, `component`, `pid`, `sort`, `icon`, `path`, `cache`, `hidden`, `component_name`, `create_time`, `permission`, `type`, `update_time`, `is_del`) VALUES (123, b'0', '接口文档', 'tools/swagger/index', 36, 31, 'swagger', 'swagger2', b'0', b'0', 'Swagger', '2020-01-07 18:05:52', NULL, 1, NULL, 0);
INSERT INTO `system_menu` (`id`, `i_frame`, `name`, `component`, `pid`, `sort`, `icon`, `path`, `cache`, `hidden`, `component_name`, `create_time`, `permission`, `type`, `update_time`, `is_del`) VALUES (124, b'0', '在线会员', 'monitor/online/indext', 46, 25, 'Steve-Jobs', 'onlinet', b'0', b'0', 'OnlineMember', '2020-01-13 10:53:07', 'auth_online', 1, '2020-08-06 22:50:49', 0);
INSERT INTO `system_menu` (`id`, `i_frame`, `name`, `component`, `pid`, `sort`, `icon`, `path`, `cache`, `hidden`, `component_name`, `create_time`, `permission`, `type`, `update_time`, `is_del`) VALUES (125, b'0', '邮费配置', 'wechat/config/postage', 55, 58, 'configure', 'postageConfig', b'0', b'0', 'PostageConfig', '2020-02-13 15:38:24', 'MWSYSTEMCONFIG_SELECT', 1, NULL, 1);
INSERT INTO `system_menu` (`id`, `i_frame`, `name`, `component`, `pid`, `sort`, `icon`, `path`, `cache`, `hidden`, `component_name`, `create_time`, `permission`, `type`, `update_time`, `is_del`) VALUES (126, b'0', '编辑', NULL, 54, 1, NULL, NULL, b'0', b'0', NULL, '2020-02-14 21:05:28', 'MWSTOREORDER_EDIT', 2, NULL, 0);
INSERT INTO `system_menu` (`id`, `i_frame`, `name`, `component`, `pid`, `sort`, `icon`, `path`, `cache`, `hidden`, `component_name`, `create_time`, `permission`, `type`, `update_time`, `is_del`) VALUES (127, b'0', '用户新增', NULL, 2, 2, NULL, NULL, b'0', b'0', NULL, '2020-02-14 21:12:21', 'user:add', 2, NULL, 0);
INSERT INTO `system_menu` (`id`, `i_frame`, `name`, `component`, `pid`, `sort`, `icon`, `path`, `cache`, `hidden`, `component_name`, `create_time`, `permission`, `type`, `update_time`, `is_del`) VALUES (128, b'0', '用户编辑', NULL, 2, 3, NULL, NULL, b'0', b'0', NULL, '2020-02-14 21:12:47', 'user:edit', 2, NULL, 0);
INSERT INTO `system_menu` (`id`, `i_frame`, `name`, `component`, `pid`, `sort`, `icon`, `path`, `cache`, `hidden`, `component_name`, `create_time`, `permission`, `type`, `update_time`, `is_del`) VALUES (129, b'0', '用户删除', NULL, 2, 4, NULL, NULL, b'0', b'0', NULL, '2020-02-14 21:13:08', 'user:del', 2, NULL, 0);
INSERT INTO `system_menu` (`id`, `i_frame`, `name`, `component`, `pid`, `sort`, `icon`, `path`, `cache`, `hidden`, `component_name`, `create_time`, `permission`, `type`, `update_time`, `is_del`) VALUES (130, b'0', '角色创建', NULL, 3, 2, NULL, NULL, b'0', b'0', NULL, '2020-02-14 21:13:49', 'roles:add', 2, NULL, 0);
INSERT INTO `system_menu` (`id`, `i_frame`, `name`, `component`, `pid`, `sort`, `icon`, `path`, `cache`, `hidden`, `component_name`, `create_time`, `permission`, `type`, `update_time`, `is_del`) VALUES (131, b'0', '角色修改', NULL, 3, 3, NULL, NULL, b'0', b'0', NULL, '2020-02-14 21:14:11', 'roles:edit', 2, NULL, 0);
INSERT INTO `system_menu` (`id`, `i_frame`, `name`, `component`, `pid`, `sort`, `icon`, `path`, `cache`, `hidden`, `component_name`, `create_time`, `permission`, `type`, `update_time`, `is_del`) VALUES (132, b'0', '角色删除', NULL, 3, 999, NULL, NULL, b'0', b'0', NULL, '2020-02-14 21:14:38', 'roles:del', 2, NULL, 0);
INSERT INTO `system_menu` (`id`, `i_frame`, `name`, `component`, `pid`, `sort`, `icon`, `path`, `cache`, `hidden`, `component_name`, `create_time`, `permission`, `type`, `update_time`, `is_del`) VALUES (133, b'0', '菜单新增', NULL, 5, 2, NULL, NULL, b'0', b'0', NULL, '2020-02-14 21:15:05', 'menu:add', 2, NULL, 0);
INSERT INTO `system_menu` (`id`, `i_frame`, `name`, `component`, `pid`, `sort`, `icon`, `path`, `cache`, `hidden`, `component_name`, `create_time`, `permission`, `type`, `update_time`, `is_del`) VALUES (134, b'0', '菜单编辑', NULL, 5, 3, NULL, NULL, b'0', b'0', NULL, '2020-02-14 21:18:44', 'menu:edit', 2, NULL, 0);
INSERT INTO `system_menu` (`id`, `i_frame`, `name`, `component`, `pid`, `sort`, `icon`, `path`, `cache`, `hidden`, `component_name`, `create_time`, `permission`, `type`, `update_time`, `is_del`) VALUES (135, b'0', '菜单删除', NULL, 5, 4, NULL, NULL, b'0', b'0', NULL, '2020-02-14 21:19:05', 'menu:del', 2, NULL, 0);
INSERT INTO `system_menu` (`id`, `i_frame`, `name`, `component`, `pid`, `sort`, `icon`, `path`, `cache`, `hidden`, `component_name`, `create_time`, `permission`, `type`, `update_time`, `is_del`) VALUES (136, b'0', '部门新增', NULL, 35, 2, NULL, NULL, b'0', b'0', NULL, '2020-02-14 21:21:07', 'dept:add', 2, NULL, 0);
INSERT INTO `system_menu` (`id`, `i_frame`, `name`, `component`, `pid`, `sort`, `icon`, `path`, `cache`, `hidden`, `component_name`, `create_time`, `permission`, `type`, `update_time`, `is_del`) VALUES (137, b'0', '部门编辑', NULL, 35, 3, NULL, NULL, b'0', b'0', NULL, '2020-02-14 21:21:33', 'dept:edit', 2, NULL, 0);
INSERT INTO `system_menu` (`id`, `i_frame`, `name`, `component`, `pid`, `sort`, `icon`, `path`, `cache`, `hidden`, `component_name`, `create_time`, `permission`, `type`, `update_time`, `is_del`) VALUES (138, b'0', '部门删除', NULL, 35, 4, NULL, NULL, b'0', b'0', NULL, '2020-02-14 21:21:53', 'dept:del', 2, NULL, 0);
INSERT INTO `system_menu` (`id`, `i_frame`, `name`, `component`, `pid`, `sort`, `icon`, `path`, `cache`, `hidden`, `component_name`, `create_time`, `permission`, `type`, `update_time`, `is_del`) VALUES (139, b'0', '岗位新增', NULL, 37, 2, NULL, NULL, b'0', b'0', NULL, '2020-02-14 21:29:04', 'job:add', 2, NULL, 0);
INSERT INTO `system_menu` (`id`, `i_frame`, `name`, `component`, `pid`, `sort`, `icon`, `path`, `cache`, `hidden`, `component_name`, `create_time`, `permission`, `type`, `update_time`, `is_del`) VALUES (140, b'0', '岗位编辑', NULL, 37, 3, NULL, NULL, b'0', b'0', NULL, '2020-02-14 21:48:38', 'job:edit', 2, NULL, 0);
INSERT INTO `system_menu` (`id`, `i_frame`, `name`, `component`, `pid`, `sort`, `icon`, `path`, `cache`, `hidden`, `component_name`, `create_time`, `permission`, `type`, `update_time`, `is_del`) VALUES (141, b'0', '岗位删除', NULL, 37, 4, NULL, NULL, b'0', b'0', NULL, '2020-02-14 21:49:00', 'job:del', 2, NULL, 0);
INSERT INTO `system_menu` (`id`, `i_frame`, `name`, `component`, `pid`, `sort`, `icon`, `path`, `cache`, `hidden`, `component_name`, `create_time`, `permission`, `type`, `update_time`, `is_del`) VALUES (142, b'0', '字典新增', NULL, 39, 2, NULL, NULL, b'0', b'0', NULL, '2020-02-14 21:49:26', 'dict:add', 2, NULL, 0);
INSERT INTO `system_menu` (`id`, `i_frame`, `name`, `component`, `pid`, `sort`, `icon`, `path`, `cache`, `hidden`, `component_name`, `create_time`, `permission`, `type`, `update_time`, `is_del`) VALUES (143, b'0', '字典编辑', NULL, 39, 3, NULL, NULL, b'0', b'0', NULL, '2020-02-14 21:49:39', 'dict:edit', 2, NULL, 0);
INSERT INTO `system_menu` (`id`, `i_frame`, `name`, `component`, `pid`, `sort`, `icon`, `path`, `cache`, `hidden`, `component_name`, `create_time`, `permission`, `type`, `update_time`, `is_del`) VALUES (144, b'0', '字典删除', NULL, 39, 4, NULL, NULL, b'0', b'0', NULL, '2020-02-14 21:49:56', 'dict:del', 2, NULL, 0);
INSERT INTO `system_menu` (`id`, `i_frame`, `name`, `component`, `pid`, `sort`, `icon`, `path`, `cache`, `hidden`, `component_name`, `create_time`, `permission`, `type`, `update_time`, `is_del`) VALUES (147, b'0', '上传文件', NULL, 18, 2, NULL, NULL, b'0', b'0', NULL, '2020-02-14 21:53:49', 'storage:add', 2, NULL, 0);
INSERT INTO `system_menu` (`id`, `i_frame`, `name`, `component`, `pid`, `sort`, `icon`, `path`, `cache`, `hidden`, `component_name`, `create_time`, `permission`, `type`, `update_time`, `is_del`) VALUES (148, b'0', '文件编辑', NULL, 18, 3, NULL, NULL, b'0', b'0', NULL, '2020-02-14 21:54:06', 'storage:edit', 2, NULL, 0);
INSERT INTO `system_menu` (`id`, `i_frame`, `name`, `component`, `pid`, `sort`, `icon`, `path`, `cache`, `hidden`, `component_name`, `create_time`, `permission`, `type`, `update_time`, `is_del`) VALUES (149, b'0', '文件删除', NULL, 18, 4, NULL, NULL, b'0', b'0', NULL, '2020-02-14 21:54:27', 'storage:del', 2, NULL, 0);
INSERT INTO `system_menu` (`id`, `i_frame`, `name`, `component`, `pid`, `sort`, `icon`, `path`, `cache`, `hidden`, `component_name`, `create_time`, `permission`, `type`, `update_time`, `is_del`) VALUES (150, b'0', '任务新增', NULL, 28, 2, NULL, NULL, b'0', b'0', NULL, '2020-02-14 21:55:58', 'timing:add', 2, NULL, 0);
INSERT INTO `system_menu` (`id`, `i_frame`, `name`, `component`, `pid`, `sort`, `icon`, `path`, `cache`, `hidden`, `component_name`, `create_time`, `permission`, `type`, `update_time`, `is_del`) VALUES (151, b'0', '任务编辑', NULL, 28, 3, NULL, NULL, b'0', b'0', NULL, '2020-02-14 21:56:54', 'timing:edit', 2, NULL, 0);
INSERT INTO `system_menu` (`id`, `i_frame`, `name`, `component`, `pid`, `sort`, `icon`, `path`, `cache`, `hidden`, `component_name`, `create_time`, `permission`, `type`, `update_time`, `is_del`) VALUES (152, b'0', '任务删除', NULL, 28, 4, NULL, NULL, b'0', b'0', NULL, '2020-02-14 21:57:10', 'timing:del', 2, NULL, 0);
INSERT INTO `system_menu` (`id`, `i_frame`, `name`, `component`, `pid`, `sort`, `icon`, `path`, `cache`, `hidden`, `component_name`, `create_time`, `permission`, `type`, `update_time`, `is_del`) VALUES (153, b'0', '新增分类', NULL, 41, 2, NULL, NULL, b'0', b'0', NULL, '2020-02-14 22:00:41', 'MWSTORECATEGORY_CREATE', 2, NULL, 0);
INSERT INTO `system_menu` (`id`, `i_frame`, `name`, `component`, `pid`, `sort`, `icon`, `path`, `cache`, `hidden`, `component_name`, `create_time`, `permission`, `type`, `update_time`, `is_del`) VALUES (154, b'0', '分类编辑', NULL, 41, 3, NULL, NULL, b'0', b'0', NULL, '2020-02-14 22:01:15', 'MWSTORECATEGORY_EDIT', 2, NULL, 0);
INSERT INTO `system_menu` (`id`, `i_frame`, `name`, `component`, `pid`, `sort`, `icon`, `path`, `cache`, `hidden`, `component_name`, `create_time`, `permission`, `type`, `update_time`, `is_del`) VALUES (155, b'0', '分类删除', NULL, 41, 4, NULL, NULL, b'0', b'0', NULL, '2020-02-14 22:01:37', 'MWSTORECATEGORY_DELETE', 2, NULL, 0);
INSERT INTO `system_menu` (`id`, `i_frame`, `name`, `component`, `pid`, `sort`, `icon`, `path`, `cache`, `hidden`, `component_name`, `create_time`, `permission`, `type`, `update_time`, `is_del`) VALUES (156, b'0', '修改会员', NULL, 46, 2, NULL, NULL, b'0', b'0', NULL, '2020-02-14 22:03:40', 'MWUSER_EDIT', 2, '2023-06-13 11:15:49', 0);
INSERT INTO `system_menu` (`id`, `i_frame`, `name`, `component`, `pid`, `sort`, `icon`, `path`, `cache`, `hidden`, `component_name`, `create_time`, `permission`, `type`, `update_time`, `is_del`) VALUES (157, b'0', '等级新增', NULL, 77, 2, NULL, NULL, b'0', b'0', NULL, '2020-02-14 22:06:55', 'MWSYSTEMUSERLEVEL_CREATE', 2, NULL, 0);
INSERT INTO `system_menu` (`id`, `i_frame`, `name`, `component`, `pid`, `sort`, `icon`, `path`, `cache`, `hidden`, `component_name`, `create_time`, `permission`, `type`, `update_time`, `is_del`) VALUES (158, b'0', '等级编辑', NULL, 77, 3, NULL, NULL, b'0', b'0', NULL, '2020-02-14 22:08:03', 'MWSYSTEMUSERLEVEL_EDIT', 2, NULL, 0);
INSERT INTO `system_menu` (`id`, `i_frame`, `name`, `component`, `pid`, `sort`, `icon`, `path`, `cache`, `hidden`, `component_name`, `create_time`, `permission`, `type`, `update_time`, `is_del`) VALUES (159, b'0', '等级删除', NULL, 77, 4, NULL, NULL, b'0', b'0', NULL, '2020-02-14 22:08:41', 'MWSYSTEMUSERLEVEL_DELETE', 2, NULL, 0);
INSERT INTO `system_menu` (`id`, `i_frame`, `name`, `component`, `pid`, `sort`, `icon`, `path`, `cache`, `hidden`, `component_name`, `create_time`, `permission`, `type`, `update_time`, `is_del`) VALUES (160, b'0', '编辑任务', NULL, 78, 2, NULL, NULL, b'0', b'0', NULL, '2020-02-14 22:10:08', 'MWSYSTEMUSERTASK_EDIT', 2, NULL, 0);
INSERT INTO `system_menu` (`id`, `i_frame`, `name`, `component`, `pid`, `sort`, `icon`, `path`, `cache`, `hidden`, `component_name`, `create_time`, `permission`, `type`, `update_time`, `is_del`) VALUES (161, b'0', '评论删除', NULL, 62, 2, NULL, NULL, b'0', b'0', NULL, '2020-02-14 22:14:22', 'MWSTOREPRODUCTREPLY_DELETE', 2, NULL, 0);
INSERT INTO `system_menu` (`id`, `i_frame`, `name`, `component`, `pid`, `sort`, `icon`, `path`, `cache`, `hidden`, `component_name`, `create_time`, `permission`, `type`, `update_time`, `is_del`) VALUES (162, b'0', '新增物流', NULL, 81, 2, NULL, NULL, b'0', b'0', NULL, '2020-02-14 22:15:33', 'MWEXPRESS_CREATE', 2, NULL, 0);
INSERT INTO `system_menu` (`id`, `i_frame`, `name`, `component`, `pid`, `sort`, `icon`, `path`, `cache`, `hidden`, `component_name`, `create_time`, `permission`, `type`, `update_time`, `is_del`) VALUES (163, b'0', '编辑物流', NULL, 81, 3, NULL, NULL, b'0', b'0', NULL, '2020-02-14 22:15:53', 'MWEXPRESS_EDIT', 2, NULL, 0);
INSERT INTO `system_menu` (`id`, `i_frame`, `name`, `component`, `pid`, `sort`, `icon`, `path`, `cache`, `hidden`, `component_name`, `create_time`, `permission`, `type`, `update_time`, `is_del`) VALUES (164, b'0', '删除物流', NULL, 81, 4, NULL, NULL, b'0', b'0', NULL, '2020-02-14 22:16:11', 'MWEXPRESS_DELETE', 2, NULL, 0);
INSERT INTO `system_menu` (`id`, `i_frame`, `name`, `component`, `pid`, `sort`, `icon`, `path`, `cache`, `hidden`, `component_name`, `create_time`, `permission`, `type`, `update_time`, `is_del`) VALUES (165, b'0', '新增优惠券', NULL, 64, 2, NULL, NULL, b'0', b'0', NULL, '2020-02-14 22:18:32', 'MWSTORECOUPON_CREATE', 2, NULL, 0);
INSERT INTO `system_menu` (`id`, `i_frame`, `name`, `component`, `pid`, `sort`, `icon`, `path`, `cache`, `hidden`, `component_name`, `create_time`, `permission`, `type`, `update_time`, `is_del`) VALUES (166, b'0', '编辑优惠券', NULL, 64, 3, NULL, NULL, b'0', b'0', NULL, '2020-02-14 22:18:50', 'MWSTORECOUPON_EDIT', 2, NULL, 0);
INSERT INTO `system_menu` (`id`, `i_frame`, `name`, `component`, `pid`, `sort`, `icon`, `path`, `cache`, `hidden`, `component_name`, `create_time`, `permission`, `type`, `update_time`, `is_del`) VALUES (167, b'0', '删除优惠券', NULL, 64, 4, NULL, NULL, b'0', b'0', NULL, '2020-02-14 22:19:10', 'MWSTORECOUPON_DELETE', 2, NULL, 0);
INSERT INTO `system_menu` (`id`, `i_frame`, `name`, `component`, `pid`, `sort`, `icon`, `path`, `cache`, `hidden`, `component_name`, `create_time`, `permission`, `type`, `update_time`, `is_del`) VALUES (168, b'0', '编辑已发布', NULL, 65, 2, NULL, NULL, b'0', b'0', NULL, '2020-02-14 22:20:23', 'MWSTORECOUPONISSUE_EDIT', 2, NULL, 0);
INSERT INTO `system_menu` (`id`, `i_frame`, `name`, `component`, `pid`, `sort`, `icon`, `path`, `cache`, `hidden`, `component_name`, `create_time`, `permission`, `type`, `update_time`, `is_del`) VALUES (169, b'0', '删除已发布', NULL, 65, 3, NULL, NULL, b'0', b'0', NULL, '2020-02-14 22:20:42', 'MWSTORECOUPONISSUE_DELETE', 2, NULL, 0);
INSERT INTO `system_menu` (`id`, `i_frame`, `name`, `component`, `pid`, `sort`, `icon`, `path`, `cache`, `hidden`, `component_name`, `create_time`, `permission`, `type`, `update_time`, `is_del`) VALUES (170, b'0', '编辑拼团', NULL, 73, 2, NULL, NULL, b'0', b'0', NULL, '2020-02-14 22:24:15', 'MWSTORECOMBINATION_EDIT', 2, NULL, 0);
INSERT INTO `system_menu` (`id`, `i_frame`, `name`, `component`, `pid`, `sort`, `icon`, `path`, `cache`, `hidden`, `component_name`, `create_time`, `permission`, `type`, `update_time`, `is_del`) VALUES (171, b'0', '删除拼团', NULL, 73, 3, NULL, NULL, b'0', b'0', NULL, '2020-02-14 22:24:37', 'MWSTORECOMBINATION_DELETE', 2, NULL, 0);
INSERT INTO `system_menu` (`id`, `i_frame`, `name`, `component`, `pid`, `sort`, `icon`, `path`, `cache`, `hidden`, `component_name`, `create_time`, `permission`, `type`, `update_time`, `is_del`) VALUES (172, b'0', '编辑秒杀', NULL, 83, 2, NULL, NULL, b'0', b'0', NULL, '2020-02-14 22:25:23', 'MWSTORESECKILL_EDIT', 2, NULL, 0);
INSERT INTO `system_menu` (`id`, `i_frame`, `name`, `component`, `pid`, `sort`, `icon`, `path`, `cache`, `hidden`, `component_name`, `create_time`, `permission`, `type`, `update_time`, `is_del`) VALUES (173, b'0', '删除秒杀', NULL, 83, 3, NULL, NULL, b'0', b'0', NULL, '2020-02-14 22:25:41', 'MWSTORESECKILL_DELETE', 2, NULL, 0);
INSERT INTO `system_menu` (`id`, `i_frame`, `name`, `component`, `pid`, `sort`, `icon`, `path`, `cache`, `hidden`, `component_name`, `create_time`, `permission`, `type`, `update_time`, `is_del`) VALUES (174, b'0', '编辑砍价', NULL, 86, 2, NULL, NULL, b'0', b'0', NULL, '2020-02-14 22:26:20', 'MWSTOREBARGAIN_EDIT', 2, NULL, 0);
INSERT INTO `system_menu` (`id`, `i_frame`, `name`, `component`, `pid`, `sort`, `icon`, `path`, `cache`, `hidden`, `component_name`, `create_time`, `permission`, `type`, `update_time`, `is_del`) VALUES (175, b'0', '删除砍价', NULL, 86, 999, NULL, NULL, b'0', b'0', NULL, '2020-02-14 22:26:40', 'MWSTOREBARGAIN_DELETE', 2, NULL, 0);
INSERT INTO `system_menu` (`id`, `i_frame`, `name`, `component`, `pid`, `sort`, `icon`, `path`, `cache`, `hidden`, `component_name`, `create_time`, `permission`, `type`, `update_time`, `is_del`) VALUES (176, b'0', '财务管理', NULL, 0, 8, 'price', 'price', b'0', b'0', NULL, '2020-03-02 22:30:23', NULL, 1, NULL, 0);
INSERT INTO `system_menu` (`id`, `i_frame`, `name`, `component`, `pid`, `sort`, `icon`, `path`, `cache`, `hidden`, `component_name`, `create_time`, `permission`, `type`, `update_time`, `is_del`) VALUES (177, b'0', '充值管理', 'shop/recharge/index', 176, 82, 'rec', 'recharge', b'0', b'0', 'Recharge', '2020-03-02 23:05:26', 'mwUserRecharge:list', 1, NULL, 0);
INSERT INTO `system_menu` (`id`, `i_frame`, `name`, `component`, `pid`, `sort`, `icon`, `path`, `cache`, `hidden`, `component_name`, `create_time`, `permission`, `type`, `update_time`, `is_del`) VALUES (178, b'0', '门店管理', NULL, 0, 9, 'store', 'store', b'0', b'1', NULL, '2020-03-03 17:27:53', NULL, 1, '2022-09-27 20:23:59', 0);
INSERT INTO `system_menu` (`id`, `i_frame`, `name`, `component`, `pid`, `sort`, `icon`, `path`, `cache`, `hidden`, `component_name`, `create_time`, `permission`, `type`, `update_time`, `is_del`) VALUES (179, b'0', '门店列表', 'shop/store/index', 178, 92, 'edit', 'storeinfo', b'0', b'0', 'Storeinfo', '2020-03-03 17:29:09', 'MWSystemStore:list', 1, NULL, 0);
INSERT INTO `system_menu` (`id`, `i_frame`, `name`, `component`, `pid`, `sort`, `icon`, `path`, `cache`, `hidden`, `component_name`, `create_time`, `permission`, `type`, `update_time`, `is_del`) VALUES (180, b'0', '门店配置', 'shop/store/set', 178, 91, 'configure', 'storeset', b'0', b'0', 'Storeset', '2020-03-04 13:09:54', 'MWSYSTEMCONFIG_SELECT,MWSYSTEMCONFIG_SELECT', 1, '2020-08-06 23:05:23', 0);
INSERT INTO `system_menu` (`id`, `i_frame`, `name`, `component`, `pid`, `sort`, `icon`, `path`, `cache`, `hidden`, `component_name`, `create_time`, `permission`, `type`, `update_time`, `is_del`) VALUES (181, b'0', '核销订单', 'shop/order/indext', 178, 95, 'order', 'ordert', b'0', b'0', 'Ordert', '2020-03-05 17:04:12', 'MWSTOREORDER_SELECT', 1, NULL, 0);
INSERT INTO `system_menu` (`id`, `i_frame`, `name`, `component`, `pid`, `sort`, `icon`, `path`, `cache`, `hidden`, `component_name`, `create_time`, `permission`, `type`, `update_time`, `is_del`) VALUES (182, b'0', '充值金额配置', 'shop/set/recharge', 176, 83, 'money', 'rechargeset', b'0', b'0', 'Rechargeset', '2020-03-21 14:24:05', 'MWSYSTEMGROUPDATA_ALL,MWSYSTEMGROUPDATA_SELECT', 1, '2020-06-26 15:11:06', 0);
INSERT INTO `system_menu` (`id`, `i_frame`, `name`, `component`, `pid`, `sort`, `icon`, `path`, `cache`, `hidden`, `component_name`, `create_time`, `permission`, `type`, `update_time`, `is_del`) VALUES (183, b'0', '店员列表', 'shop/storestaff/index', 178, 94, 'peoples', 'staff', b'0', b'0', 'Staff', '2020-03-22 14:11:36', 'MWSystemStoreStaff:list', 1, NULL, 0);
INSERT INTO `system_menu` (`id`, `i_frame`, `name`, `component`, `pid`, `sort`, `icon`, `path`, `cache`, `hidden`, `component_name`, `create_time`, `permission`, `type`, `update_time`, `is_del`) VALUES (184, b'0', '新增菜单', NULL, 49, 0, 'add', NULL, b'0', b'0', NULL, '2020-06-14 20:10:02', 'MwWechatMenu_CREATE', 2, NULL, 0);
INSERT INTO `system_menu` (`id`, `i_frame`, `name`, `component`, `pid`, `sort`, `icon`, `path`, `cache`, `hidden`, `component_name`, `create_time`, `permission`, `type`, `update_time`, `is_del`) VALUES (185, b'0', '模板新增', NULL, 82, 1, NULL, NULL, b'0', b'0', NULL, '2020-06-14 20:14:17', 'mwWechatTemplate:add', 2, NULL, 0);
INSERT INTO `system_menu` (`id`, `i_frame`, `name`, `component`, `pid`, `sort`, `icon`, `path`, `cache`, `hidden`, `component_name`, `create_time`, `permission`, `type`, `update_time`, `is_del`) VALUES (186, b'0', '模板修改', NULL, 82, 2, NULL, NULL, b'0', b'0', NULL, '2020-06-14 20:14:46', 'mwWechatTemplate:edit', 2, NULL, 0);
INSERT INTO `system_menu` (`id`, `i_frame`, `name`, `component`, `pid`, `sort`, `icon`, `path`, `cache`, `hidden`, `component_name`, `create_time`, `permission`, `type`, `update_time`, `is_del`) VALUES (187, b'0', '模板删除', NULL, 82, 3, NULL, NULL, b'0', b'0', NULL, '2020-06-14 20:15:10', 'mwWechatTemplate:del', 2, NULL, 0);
INSERT INTO `system_menu` (`id`, `i_frame`, `name`, `component`, `pid`, `sort`, `icon`, `path`, `cache`, `hidden`, `component_name`, `create_time`, `permission`, `type`, `update_time`, `is_del`) VALUES (188, b'0', '新增幻灯片', NULL, 56, 1, NULL, NULL, b'0', b'0', NULL, '2020-06-14 20:33:48', 'MWSYSTEMGROUPDATA_CREATE', 2, NULL, 0);
INSERT INTO `system_menu` (`id`, `i_frame`, `name`, `component`, `pid`, `sort`, `icon`, `path`, `cache`, `hidden`, `component_name`, `create_time`, `permission`, `type`, `update_time`, `is_del`) VALUES (189, b'0', '修改幻灯片', NULL, 56, 2, NULL, NULL, b'0', b'0', NULL, '2020-06-14 20:35:11', 'MWSYSTEMGROUPDATA_EDIT', 2, NULL, 0);
INSERT INTO `system_menu` (`id`, `i_frame`, `name`, `component`, `pid`, `sort`, `icon`, `path`, `cache`, `hidden`, `component_name`, `create_time`, `permission`, `type`, `update_time`, `is_del`) VALUES (190, b'0', '删除幻灯片', NULL, 56, 3, NULL, NULL, b'0', b'0', NULL, '2020-06-14 20:40:30', 'MWSYSTEMGROUPDATA_DELETE', 2, NULL, 0);
INSERT INTO `system_menu` (`id`, `i_frame`, `name`, `component`, `pid`, `sort`, `icon`, `path`, `cache`, `hidden`, `component_name`, `create_time`, `permission`, `type`, `update_time`, `is_del`) VALUES (191, b'0', '新增导航按钮', NULL, 57, 1, NULL, NULL, b'0', b'0', NULL, '2020-06-14 20:42:43', 'MWSYSTEMGROUPDATA_CREATE', 2, NULL, 0);
INSERT INTO `system_menu` (`id`, `i_frame`, `name`, `component`, `pid`, `sort`, `icon`, `path`, `cache`, `hidden`, `component_name`, `create_time`, `permission`, `type`, `update_time`, `is_del`) VALUES (192, b'0', '修改导航按钮', NULL, 57, 2, NULL, NULL, b'0', b'0', NULL, '2020-06-14 20:43:53', 'MWSYSTEMGROUPDATA_EDIT', 2, NULL, 0);
INSERT INTO `system_menu` (`id`, `i_frame`, `name`, `component`, `pid`, `sort`, `icon`, `path`, `cache`, `hidden`, `component_name`, `create_time`, `permission`, `type`, `update_time`, `is_del`) VALUES (193, b'0', '删除导航按钮', NULL, 57, 3, NULL, NULL, b'0', b'0', NULL, '2020-06-14 20:44:43', 'MWSYSTEMGROUPDATA_DELETE', 2, NULL, 0);
INSERT INTO `system_menu` (`id`, `i_frame`, `name`, `component`, `pid`, `sort`, `icon`, `path`, `cache`, `hidden`, `component_name`, `create_time`, `permission`, `type`, `update_time`, `is_del`) VALUES (194, b'0', '新增滚动新闻', NULL, 59, 1, NULL, NULL, b'0', b'0', NULL, '2020-06-14 20:48:32', 'MWSYSTEMGROUPDATA_CREATE', 2, NULL, 0);
INSERT INTO `system_menu` (`id`, `i_frame`, `name`, `component`, `pid`, `sort`, `icon`, `path`, `cache`, `hidden`, `component_name`, `create_time`, `permission`, `type`, `update_time`, `is_del`) VALUES (195, b'0', '修改滚动新闻', NULL, 59, 2, NULL, NULL, b'0', b'0', NULL, '2020-06-14 20:48:52', 'MWSYSTEMGROUPDATA_EDIT', 2, NULL, 0);
INSERT INTO `system_menu` (`id`, `i_frame`, `name`, `component`, `pid`, `sort`, `icon`, `path`, `cache`, `hidden`, `component_name`, `create_time`, `permission`, `type`, `update_time`, `is_del`) VALUES (196, b'0', '删除滚动新闻', NULL, 59, 3, NULL, NULL, b'0', b'0', NULL, '2020-06-14 20:49:32', 'MWSYSTEMGROUPDATA_DELETE', 2, NULL, 0);
INSERT INTO `system_menu` (`id`, `i_frame`, `name`, `component`, `pid`, `sort`, `icon`, `path`, `cache`, `hidden`, `component_name`, `create_time`, `permission`, `type`, `update_time`, `is_del`) VALUES (197, b'0', '新增热门搜索', NULL, 60, 1, NULL, NULL, b'0', b'0', NULL, '2020-06-14 21:14:25', 'MWSYSTEMGROUPDATA_CREATE', 2, NULL, 0);
INSERT INTO `system_menu` (`id`, `i_frame`, `name`, `component`, `pid`, `sort`, `icon`, `path`, `cache`, `hidden`, `component_name`, `create_time`, `permission`, `type`, `update_time`, `is_del`) VALUES (198, b'0', '修改热门搜索', NULL, 60, 2, NULL, NULL, b'0', b'0', NULL, '2020-06-14 21:14:55', 'MWSYSTEMGROUPDATA_EDIT', 2, NULL, 0);
INSERT INTO `system_menu` (`id`, `i_frame`, `name`, `component`, `pid`, `sort`, `icon`, `path`, `cache`, `hidden`, `component_name`, `create_time`, `permission`, `type`, `update_time`, `is_del`) VALUES (199, b'0', '删除热门搜索', NULL, 60, 3, NULL, NULL, b'0', b'0', NULL, '2020-06-14 21:15:25', 'MWSYSTEMGROUPDATA_DELETE', 2, NULL, 0);
INSERT INTO `system_menu` (`id`, `i_frame`, `name`, `component`, `pid`, `sort`, `icon`, `path`, `cache`, `hidden`, `component_name`, `create_time`, `permission`, `type`, `update_time`, `is_del`) VALUES (200, b'0', '新增个人中心菜单', NULL, 61, 1, NULL, NULL, b'0', b'0', NULL, '2020-06-14 21:17:47', 'MWSYSTEMGROUPDATA_CREATE', 2, NULL, 0);
INSERT INTO `system_menu` (`id`, `i_frame`, `name`, `component`, `pid`, `sort`, `icon`, `path`, `cache`, `hidden`, `component_name`, `create_time`, `permission`, `type`, `update_time`, `is_del`) VALUES (201, b'0', '修改个人中心菜单', NULL, 61, 2, NULL, NULL, b'0', b'0', NULL, '2020-06-14 21:18:37', 'MWSYSTEMGROUPDATA_EDIT', 2, NULL, 0);
INSERT INTO `system_menu` (`id`, `i_frame`, `name`, `component`, `pid`, `sort`, `icon`, `path`, `cache`, `hidden`, `component_name`, `create_time`, `permission`, `type`, `update_time`, `is_del`) VALUES (202, b'0', '删除个人中心菜单', NULL, 61, 3, NULL, NULL, b'0', b'0', NULL, '2020-06-14 21:19:47', 'MWSYSTEMGROUPDATA_DELETE', 2, NULL, 0);
INSERT INTO `system_menu` (`id`, `i_frame`, `name`, `component`, `pid`, `sort`, `icon`, `path`, `cache`, `hidden`, `component_name`, `create_time`, `permission`, `type`, `update_time`, `is_del`) VALUES (203, b'0', '新增积分配置', NULL, 68, 1, NULL, NULL, b'0', b'0', NULL, '2020-06-14 21:20:47', 'MWSYSTEMCONFIG_CREATE', 2, NULL, 0);
INSERT INTO `system_menu` (`id`, `i_frame`, `name`, `component`, `pid`, `sort`, `icon`, `path`, `cache`, `hidden`, `component_name`, `create_time`, `permission`, `type`, `update_time`, `is_del`) VALUES (204, b'0', '新增签到天数', NULL, 79, 1, NULL, NULL, b'0', b'0', NULL, '2020-06-14 21:26:32', 'MWSYSTEMGROUPDATA_CREATE', 2, NULL, 0);
INSERT INTO `system_menu` (`id`, `i_frame`, `name`, `component`, `pid`, `sort`, `icon`, `path`, `cache`, `hidden`, `component_name`, `create_time`, `permission`, `type`, `update_time`, `is_del`) VALUES (205, b'0', '修改签到天数', NULL, 79, 2, NULL, NULL, b'0', b'0', NULL, '2020-06-14 22:26:32', 'MWSYSTEMGROUPDATA_EDIT', 2, NULL, 0);
INSERT INTO `system_menu` (`id`, `i_frame`, `name`, `component`, `pid`, `sort`, `icon`, `path`, `cache`, `hidden`, `component_name`, `create_time`, `permission`, `type`, `update_time`, `is_del`) VALUES (206, b'0', '删除签到天数', NULL, 79, 3, NULL, NULL, b'0', b'0', NULL, '2020-06-14 22:26:52', 'MWSYSTEMGROUPDATA_DELETE', 2, NULL, 0);
INSERT INTO `system_menu` (`id`, `i_frame`, `name`, `component`, `pid`, `sort`, `icon`, `path`, `cache`, `hidden`, `component_name`, `create_time`, `permission`, `type`, `update_time`, `is_del`) VALUES (207, b'0', '新增邮费配置', NULL, 125, 1, NULL, NULL, b'0', b'0', NULL, '2020-06-14 21:29:20', 'MWSYSTEMCONFIG_CREATE', 2, NULL, 1);
INSERT INTO `system_menu` (`id`, `i_frame`, `name`, `component`, `pid`, `sort`, `icon`, `path`, `cache`, `hidden`, `component_name`, `create_time`, `permission`, `type`, `update_time`, `is_del`) VALUES (208, b'0', '新增充值金额', NULL, 182, 1, NULL, NULL, b'0', b'0', NULL, '2020-06-14 21:30:59', 'MWSYSTEMGROUPDATA_CREATE', 2, NULL, 0);
INSERT INTO `system_menu` (`id`, `i_frame`, `name`, `component`, `pid`, `sort`, `icon`, `path`, `cache`, `hidden`, `component_name`, `create_time`, `permission`, `type`, `update_time`, `is_del`) VALUES (209, b'0', '修改充值金额', NULL, 182, 2, NULL, NULL, b'0', b'0', NULL, '2020-06-14 22:30:30', 'MWSYSTEMGROUPDATA_EDIT', 2, NULL, 0);
INSERT INTO `system_menu` (`id`, `i_frame`, `name`, `component`, `pid`, `sort`, `icon`, `path`, `cache`, `hidden`, `component_name`, `create_time`, `permission`, `type`, `update_time`, `is_del`) VALUES (210, b'0', '删除充值金额', NULL, 182, 3, NULL, NULL, b'0', b'0', NULL, '2020-06-14 22:30:59', 'MWSYSTEMGROUPDATA_DELETE', 2, NULL, 0);
INSERT INTO `system_menu` (`id`, `i_frame`, `name`, `component`, `pid`, `sort`, `icon`, `path`, `cache`, `hidden`, `component_name`, `create_time`, `permission`, `type`, `update_time`, `is_del`) VALUES (211, b'0', '新增秒杀配置', NULL, 84, 1, NULL, NULL, b'0', b'0', NULL, '2020-06-14 21:43:36', 'MWSYSTEMGROUPDATA_CREATE', 2, NULL, 0);
INSERT INTO `system_menu` (`id`, `i_frame`, `name`, `component`, `pid`, `sort`, `icon`, `path`, `cache`, `hidden`, `component_name`, `create_time`, `permission`, `type`, `update_time`, `is_del`) VALUES (212, b'0', '修改秒杀配置', NULL, 84, 2, NULL, NULL, b'0', b'0', NULL, '2020-06-14 21:43:56', 'MWSYSTEMGROUPDATA_EDIT', 2, NULL, 0);
INSERT INTO `system_menu` (`id`, `i_frame`, `name`, `component`, `pid`, `sort`, `icon`, `path`, `cache`, `hidden`, `component_name`, `create_time`, `permission`, `type`, `update_time`, `is_del`) VALUES (213, b'0', '删除秒杀配置', NULL, 84, 3, NULL, NULL, b'0', b'0', NULL, '2020-06-14 22:23:36', 'MWSYSTEMGROUPDATA_DELETE', 2, NULL, 0);
INSERT INTO `system_menu` (`id`, `i_frame`, `name`, `component`, `pid`, `sort`, `icon`, `path`, `cache`, `hidden`, `component_name`, `create_time`, `permission`, `type`, `update_time`, `is_del`) VALUES (214, b'0', '新增分销配置', NULL, 70, 1, NULL, NULL, b'0', b'0', NULL, '2020-06-14 21:46:46', 'MWSYSTEMCONFIG_CREATE', 2, NULL, 0);
INSERT INTO `system_menu` (`id`, `i_frame`, `name`, `component`, `pid`, `sort`, `icon`, `path`, `cache`, `hidden`, `component_name`, `create_time`, `permission`, `type`, `update_time`, `is_del`) VALUES (215, b'0', '提现审核', NULL, 176, 1, NULL, NULL, b'0', b'0', NULL, '2020-06-14 21:56:11', 'MWUSEREXTRACT_EDIT', 2, '2023-06-13 10:40:20', 0);
INSERT INTO `system_menu` (`id`, `i_frame`, `name`, `component`, `pid`, `sort`, `icon`, `path`, `cache`, `hidden`, `component_name`, `create_time`, `permission`, `type`, `update_time`, `is_del`) VALUES (216, b'0', '删除充值', NULL, 177, 1, NULL, NULL, b'0', b'0', NULL, '2020-06-14 21:59:11', 'mwUserRecharge:del', 2, NULL, 0);
INSERT INTO `system_menu` (`id`, `i_frame`, `name`, `component`, `pid`, `sort`, `icon`, `path`, `cache`, `hidden`, `component_name`, `create_time`, `permission`, `type`, `update_time`, `is_del`) VALUES (217, b'0', '导出充值', NULL, 177, 2, NULL, NULL, b'0', b'0', NULL, '2020-06-14 21:59:54', 'mwUserRecharge:list', 2, NULL, 0);
INSERT INTO `system_menu` (`id`, `i_frame`, `name`, `component`, `pid`, `sort`, `icon`, `path`, `cache`, `hidden`, `component_name`, `create_time`, `permission`, `type`, `update_time`, `is_del`) VALUES (218, b'0', '新增门店', NULL, 179, 1, NULL, NULL, b'0', b'0', NULL, '2020-06-14 22:01:57', 'mwSystemStore:add', 2, NULL, 0);
INSERT INTO `system_menu` (`id`, `i_frame`, `name`, `component`, `pid`, `sort`, `icon`, `path`, `cache`, `hidden`, `component_name`, `create_time`, `permission`, `type`, `update_time`, `is_del`) VALUES (219, b'0', '修改门店', NULL, 179, 2, NULL, NULL, b'0', b'0', NULL, '2020-06-14 22:02:30', 'mwSystemStore:edit', 2, NULL, 0);
INSERT INTO `system_menu` (`id`, `i_frame`, `name`, `component`, `pid`, `sort`, `icon`, `path`, `cache`, `hidden`, `component_name`, `create_time`, `permission`, `type`, `update_time`, `is_del`) VALUES (220, b'0', '删除门店', NULL, 179, 3, NULL, NULL, b'0', b'0', NULL, '2020-06-14 22:02:57', 'mwSystemStore:del', 2, NULL, 0);
INSERT INTO `system_menu` (`id`, `i_frame`, `name`, `component`, `pid`, `sort`, `icon`, `path`, `cache`, `hidden`, `component_name`, `create_time`, `permission`, `type`, `update_time`, `is_del`) VALUES (221, b'0', '新增门店配置', NULL, 180, 1, NULL, NULL, b'0', b'0', NULL, '2020-06-14 22:04:25', 'MWSYSTEMCONFIG_CREATE', 2, NULL, 0);
INSERT INTO `system_menu` (`id`, `i_frame`, `name`, `component`, `pid`, `sort`, `icon`, `path`, `cache`, `hidden`, `component_name`, `create_time`, `permission`, `type`, `update_time`, `is_del`) VALUES (222, b'0', '编辑核销订单', NULL, 181, 1, NULL, NULL, b'0', b'0', NULL, '2020-06-14 22:07:26', 'MWSTOREORDER_EDIT', 2, NULL, 0);
INSERT INTO `system_menu` (`id`, `i_frame`, `name`, `component`, `pid`, `sort`, `icon`, `path`, `cache`, `hidden`, `component_name`, `create_time`, `permission`, `type`, `update_time`, `is_del`) VALUES (223, b'0', '新增店员', NULL, 183, 1, NULL, NULL, b'0', b'0', NULL, '2020-06-14 22:11:13', 'mwSystemStoreStaff:add', 2, NULL, 0);
INSERT INTO `system_menu` (`id`, `i_frame`, `name`, `component`, `pid`, `sort`, `icon`, `path`, `cache`, `hidden`, `component_name`, `create_time`, `permission`, `type`, `update_time`, `is_del`) VALUES (224, b'0', '修改店员', NULL, 183, 2, NULL, NULL, b'0', b'0', NULL, '2020-06-14 22:11:37', 'mwSystemStoreStaff:edit', 2, NULL, 0);
INSERT INTO `system_menu` (`id`, `i_frame`, `name`, `component`, `pid`, `sort`, `icon`, `path`, `cache`, `hidden`, `component_name`, `create_time`, `permission`, `type`, `update_time`, `is_del`) VALUES (225, b'0', '删除店员', NULL, 183, 3, NULL, NULL, b'0', b'0', NULL, '2020-06-14 22:11:59', 'mwSystemStoreStaff:del', 2, NULL, 0);
INSERT INTO `system_menu` (`id`, `i_frame`, `name`, `component`, `pid`, `sort`, `icon`, `path`, `cache`, `hidden`, `component_name`, `create_time`, `permission`, `type`, `update_time`, `is_del`) VALUES (226, b'0', '流量扶持记录', 'shop/user/brobill', 69, 72, 'log', 'prolog', b'0', b'0', 'Prolog', '2020-06-26 14:52:30', 'MWUSERBILL_ALL,MWUSERBILL_SELECT,MWUSERBILL_SELECT', 1, '2023-12-26 13:24:31', 1);
INSERT INTO `system_menu` (`id`, `i_frame`, `name`, `component`, `pid`, `sort`, `icon`, `path`, `cache`, `hidden`, `component_name`, `create_time`, `permission`, `type`, `update_time`, `is_del`) VALUES (227, b'0', '积分管理', NULL, 0, 10, 'Sign', 'syspoints', b'0', b'0', '-', '2020-06-26 15:00:59', NULL, 1, '2020-06-26 15:06:11', 0);
INSERT INTO `system_menu` (`id`, `i_frame`, `name`, `component`, `pid`, `sort`, `icon`, `path`, `cache`, `hidden`, `component_name`, `create_time`, `permission`, `type`, `update_time`, `is_del`) VALUES (228, b'0', '积分记录', 'shop/user/pobill', 227, 60, 'log', 'pobill', b'0', b'0', 'Pobill', '2020-06-26 15:04:17', 'MWUSERBILL_ALL,MWUSERBILL_SELECT,MWUSERBILL_SELECT', 1, '2020-08-06 23:09:57', 0);
INSERT INTO `system_menu` (`id`, `i_frame`, `name`, `component`, `pid`, `sort`, `icon`, `path`, `cache`, `hidden`, `component_name`, `create_time`, `permission`, `type`, `update_time`, `is_del`) VALUES (229, b'0', '电子券管理', NULL, 0, 5, 'coupon', 'syscoupon', b'0', b'1', '', '2020-06-26 15:15:47', NULL, 1, '2022-09-27 20:24:35', 0);
INSERT INTO `system_menu` (`id`, `i_frame`, `name`, `component`, `pid`, `sort`, `icon`, `path`, `cache`, `hidden`, `component_name`, `create_time`, `permission`, `type`, `update_time`, `is_del`) VALUES (230, b'0', '商城系统配置', 'wechat/config/shop', 55, 59, 'shop', 'shopconfig', b'0', b'0', 'Shopconfig', '2020-06-26 15:45:32', 'MWSYSTEMCONFIG_SELECT', 1, '2020-07-04 18:50:34', 0);
INSERT INTO `system_menu` (`id`, `i_frame`, `name`, `component`, `pid`, `sort`, `icon`, `path`, `cache`, `hidden`, `component_name`, `create_time`, `permission`, `type`, `update_time`, `is_del`) VALUES (231, b'0', '阿里云短信', 'wechat/config/sms', 55, 60, 'sys-tools', 'smsconfig', b'0', b'0', 'Smsconfig', '2020-06-26 16:06:08', 'MWSYSTEMCONFIG_SELECT', 1, NULL, 0);
INSERT INTO `system_menu` (`id`, `i_frame`, `name`, `component`, `pid`, `sort`, `icon`, `path`, `cache`, `hidden`, `component_name`, `create_time`, `permission`, `type`, `update_time`, `is_del`) VALUES (232, b'0', '快递鸟配置', 'wechat/config/express', 55, 61, 'news', 'expressconfig', b'0', b'0', 'Expressconfig', '2020-06-26 16:08:10', 'MWSYSTEMCONFIG_SELECT', 1, NULL, 0);
INSERT INTO `system_menu` (`id`, `i_frame`, `name`, `component`, `pid`, `sort`, `icon`, `path`, `cache`, `hidden`, `component_name`, `create_time`, `permission`, `type`, `update_time`, `is_del`) VALUES (233, b'0', '商品规格', 'shop/storeProductRule/index', 40, 13, 'mnt', 'productRule', b'0', b'0', 'ProductRule', '2020-06-28 16:35:00', 'mwStoreProductRule:list', 1, '2020-07-10 16:21:48', 0);
INSERT INTO `system_menu` (`id`, `i_frame`, `name`, `component`, `pid`, `sort`, `icon`, `path`, `cache`, `hidden`, `component_name`, `create_time`, `permission`, `type`, `update_time`, `is_del`) VALUES (234, b'0', '运费模板', 'shop/shippingTemplates/index', 40, 14, 'exit-fullscreen', 'shippingTemplates', b'0', b'0', 'ShippingTemplates', '2020-06-29 17:16:06', 'mwShippingTemplates:list', 1, '2020-07-10 16:57:13', 0);
INSERT INTO `system_menu` (`id`, `i_frame`, `name`, `component`, `pid`, `sort`, `icon`, `path`, `cache`, `hidden`, `component_name`, `create_time`, `permission`, `type`, `update_time`, `is_del`) VALUES (235, b'0', '图文添加', 'wechat/article/form', 48, 36, 'article', 'artadd', b'0', b'1', 'Artadd', '2020-07-01 18:50:35', NULL, 1, '2020-07-02 11:24:45', 0);
INSERT INTO `system_menu` (`id`, `i_frame`, `name`, `component`, `pid`, `sort`, `icon`, `path`, `cache`, `hidden`, `component_name`, `create_time`, `permission`, `type`, `update_time`, `is_del`) VALUES (236, b'0', '图文编辑', 'wechat/article/form', 48, 37, 'alipay', 'artadd/:id', b'0', b'1', 'Editadd', '2020-07-02 11:24:39', NULL, 1, NULL, 0);
INSERT INTO `system_menu` (`id`, `i_frame`, `name`, `component`, `pid`, `sort`, `icon`, `path`, `cache`, `hidden`, `component_name`, `create_time`, `permission`, `type`, `update_time`, `is_del`) VALUES (237, b'0', '规格新增、修改', NULL, 233, 1, NULL, NULL, b'0', b'0', NULL, '2020-06-28 16:35:00', 'mwStoreProductRule:add,mwStoreProductRule:edit', 2, '2020-07-16 20:09:03', 0);
INSERT INTO `system_menu` (`id`, `i_frame`, `name`, `component`, `pid`, `sort`, `icon`, `path`, `cache`, `hidden`, `component_name`, `create_time`, `permission`, `type`, `update_time`, `is_del`) VALUES (238, b'0', '规格删除', NULL, 233, 1, NULL, NULL, b'0', b'0', NULL, '2020-06-28 16:35:00', 'mwStoreProductRule:del', 2, '2020-07-16 20:08:57', 0);
INSERT INTO `system_menu` (`id`, `i_frame`, `name`, `component`, `pid`, `sort`, `icon`, `path`, `cache`, `hidden`, `component_name`, `create_time`, `permission`, `type`, `update_time`, `is_del`) VALUES (240, b'0', '新增、修改模板', NULL, 234, 1, NULL, NULL, b'0', b'0', NULL, '2020-06-29 17:16:06', 'mwShippingTemplates:add', 2, '2020-07-16 20:09:11', 0);
INSERT INTO `system_menu` (`id`, `i_frame`, `name`, `component`, `pid`, `sort`, `icon`, `path`, `cache`, `hidden`, `component_name`, `create_time`, `permission`, `type`, `update_time`, `is_del`) VALUES (241, b'0', '删除模板', NULL, 234, 2, NULL, NULL, b'0', b'0', NULL, '2020-06-29 17:16:06', 'mwShippingTemplates:del', 2, '2020-07-16 20:09:16', 0);
INSERT INTO `system_menu` (`id`, `i_frame`, `name`, `component`, `pid`, `sort`, `icon`, `path`, `cache`, `hidden`, `component_name`, `create_time`, `permission`, `type`, `update_time`, `is_del`) VALUES (242, b'0', '直播管理', 'wechat/live/index', 48, 999, 'weixin', 'wxlive', b'0', b'0', 'Wxlive', '2020-08-10 17:20:54', NULL, 1, NULL, 0);
INSERT INTO `system_menu` (`id`, `i_frame`, `name`, `component`, `pid`, `sort`, `icon`, `path`, `cache`, `hidden`, `component_name`, `create_time`, `permission`, `type`, `update_time`, `is_del`) VALUES (243, b'0', '直播商品管理', 'wechat/goods/index', 48, 999, 'weixin', 'wxlivegoods', b'0', b'0', 'WxliveGoods', '2020-08-10 17:20:54', NULL, 1, NULL, 0);
INSERT INTO `system_menu` (`id`, `i_frame`, `name`, `component`, `pid`, `sort`, `icon`, `path`, `cache`, `hidden`, `component_name`, `create_time`, `permission`, `type`, `update_time`, `is_del`) VALUES (244, b'0', '拼团商品添加', 'activity/combination/form', 63, 999, NULL, 'combinationAdd', b'0', b'1', 'CombinationAdd', '2020-08-13 21:28:45', 'MWSTORECOMBINATION_EDIT', 1, '2020-08-13 21:31:26', 0);
INSERT INTO `system_menu` (`id`, `i_frame`, `name`, `component`, `pid`, `sort`, `icon`, `path`, `cache`, `hidden`, `component_name`, `create_time`, `permission`, `type`, `update_time`, `is_del`) VALUES (245, b'0', '拼团商品修改', 'activity/combination/form', 63, 3, 'anq', 'combinationEdit/:id', b'0', b'1', 'CombinationEdit', '2019-12-24 13:02:23', 'MWSTORECOMBINATION_EDIT', 1, '2020-07-10 16:45:33', 0);
INSERT INTO `system_menu` (`id`, `i_frame`, `name`, `component`, `pid`, `sort`, `icon`, `path`, `cache`, `hidden`, `component_name`, `create_time`, `permission`, `type`, `update_time`, `is_del`) VALUES (246, b'0', '秒杀商品添加', 'activity/seckill/form', 63, 999, NULL, 'secKillAdd', b'0', b'1', 'SecKillAdd', '2020-08-13 21:28:45', 'MWSTORESECKILL_EDIT', 1, '2020-08-13 21:31:26', 0);
INSERT INTO `system_menu` (`id`, `i_frame`, `name`, `component`, `pid`, `sort`, `icon`, `path`, `cache`, `hidden`, `component_name`, `create_time`, `permission`, `type`, `update_time`, `is_del`) VALUES (247, b'0', '秒杀商品修改', 'activity/seckill/form', 63, 3, 'anq', 'secKillEdit/:id', b'0', b'1', 'SecKillEdit', '2019-12-24 13:02:23', 'MWSTORESECKILL_EDIT', 1, '2020-07-10 16:45:33', 0);
INSERT INTO `system_menu` (`id`, `i_frame`, `name`, `component`, `pid`, `sort`, `icon`, `path`, `cache`, `hidden`, `component_name`, `create_time`, `permission`, `type`, `update_time`, `is_del`) VALUES (248, b'0', '多级菜单', NULL, 0, 999, 'menu', 'nested', b'0', b'0', '-', '2020-08-19 11:31:10', NULL, 0, '2022-09-27 20:29:00', 1);
INSERT INTO `system_menu` (`id`, `i_frame`, `name`, `component`, `pid`, `sort`, `icon`, `path`, `cache`, `hidden`, `component_name`, `create_time`, `permission`, `type`, `update_time`, `is_del`) VALUES (249, b'0', '二级菜单1', 'nested/menu1/index', 248, 999, 'menu', 'menu1', b'0', b'0', '-', '2020-08-19 11:34:34', NULL, 1, '2022-09-27 20:29:00', 1);
INSERT INTO `system_menu` (`id`, `i_frame`, `name`, `component`, `pid`, `sort`, `icon`, `path`, `cache`, `hidden`, `component_name`, `create_time`, `permission`, `type`, `update_time`, `is_del`) VALUES (250, b'0', '三级菜单1', 'nested/menu1/menu1-1', 249, 999, 'menu', 'menu1-1', b'0', b'0', '-', '2020-08-19 11:35:52', NULL, 1, '2022-09-27 20:29:00', 1);
INSERT INTO `system_menu` (`id`, `i_frame`, `name`, `component`, `pid`, `sort`, `icon`, `path`, `cache`, `hidden`, `component_name`, `create_time`, `permission`, `type`, `update_time`, `is_del`) VALUES (251, b'0', '三级菜单2', 'nested/menu1/menu1-2', 249, 999, 'menu', 'menu1-2', b'0', b'0', '-', '2020-08-19 11:37:48', NULL, 1, '2022-09-27 20:29:00', 1);
INSERT INTO `system_menu` (`id`, `i_frame`, `name`, `component`, `pid`, `sort`, `icon`, `path`, `cache`, `hidden`, `component_name`, `create_time`, `permission`, `type`, `update_time`, `is_del`) VALUES (252, b'0', '二级菜单2', 'nested/menu2/index', 248, 999, 'menu', 'menu2', b'0', b'0', '-', '2020-08-19 11:38:35', NULL, 1, '2022-09-27 20:29:00', 1);
INSERT INTO `system_menu` (`id`, `i_frame`, `name`, `component`, `pid`, `sort`, `icon`, `path`, `cache`, `hidden`, `component_name`, `create_time`, `permission`, `type`, `update_time`, `is_del`) VALUES (253, b'0', '浏览记录', 'monitor/log/mlog', 46, 35, 'log', 'viewlog', b'0', b'0', 'Viewlog', '2020-07-31 09:47:11', 'log:list', 1, '2023-03-23 19:41:07', 0);
INSERT INTO `system_menu` (`id`, `i_frame`, `name`, `component`, `pid`, `sort`, `icon`, `path`, `cache`, `hidden`, `component_name`, `create_time`, `permission`, `type`, `update_time`, `is_del`) VALUES (256, b'0', '商品收藏', 'shop/collect/index', 46, 36, 'menu', 'productRelation', b'0', b'0', 'ProductRelation', '2020-09-03 14:32:49', 'mwStoreProductRelation:list', 1, '2023-03-23 19:41:12', 0);
INSERT INTO `system_menu` (`id`, `i_frame`, `name`, `component`, `pid`, `sort`, `icon`, `path`, `cache`, `hidden`, `component_name`, `create_time`, `permission`, `type`, `update_time`, `is_del`) VALUES (257, b'0', '用户足迹', 'shop/foot/index', 46, 37, 'list', 'footRelation', b'0', b'0', 'FootRelation', '2020-09-03 16:20:21', 'mwStoreProductRelation:list', 1, '2023-03-23 19:41:18', 0);
INSERT INTO `system_menu` (`id`, `i_frame`, `name`, `component`, `pid`, `sort`, `icon`, `path`, `cache`, `hidden`, `component_name`, `create_time`, `permission`, `type`, `update_time`, `is_del`) VALUES (258, b'0', '订单详情', 'shop/order/detail', 53, 999, 'sqlMonitor', 'detail/:id', b'0', b'1', 'Detail', '2020-09-10 07:29:34', NULL, 1, '2020-09-10 08:52:09', 0);
INSERT INTO `system_menu` (`id`, `i_frame`, `name`, `component`, `pid`, `sort`, `icon`, `path`, `cache`, `hidden`, `component_name`, `create_time`, `permission`, `type`, `update_time`, `is_del`) VALUES (259, b'0', 'App版本', 'shop/appVersion/index', 55, 999, 'app', 'appVersion', b'0', b'0', '', '2020-12-09 11:04:33', 'mwAppVersion:list', 1, '2020-12-09 11:07:13', 0);
INSERT INTO `system_menu` (`id`, `i_frame`, `name`, `component`, `pid`, `sort`, `icon`, `path`, `cache`, `hidden`, `component_name`, `create_time`, `permission`, `type`, `update_time`, `is_del`) VALUES (260, b'0', '订单消息管理', 'shop/customer/index', 55, 4, 'peoples', 'storeCustomer', b'0', b'0', 'msgInfo', '2020-04-02 14:16:43', 'mwStoreCustomer:list', 1, '2020-12-10 11:44:49', 0);
INSERT INTO `system_menu` (`id`, `i_frame`, `name`, `component`, `pid`, `sort`, `icon`, `path`, `cache`, `hidden`, `component_name`, `create_time`, `permission`, `type`, `update_time`, `is_del`) VALUES (261, b'0', '添加人员', NULL, 260, 1, NULL, NULL, b'0', b'0', NULL, '2020-04-02 14:18:30', 'mwStoreCustomer:add', 2, NULL, 0);
INSERT INTO `system_menu` (`id`, `i_frame`, `name`, `component`, `pid`, `sort`, `icon`, `path`, `cache`, `hidden`, `component_name`, `create_time`, `permission`, `type`, `update_time`, `is_del`) VALUES (262, b'0', '编辑人员', NULL, 260, 2, NULL, NULL, b'0', b'0', NULL, '2020-04-02 14:18:47', 'mwStoreCustomer:edit', 2, NULL, 0);
INSERT INTO `system_menu` (`id`, `i_frame`, `name`, `component`, `pid`, `sort`, `icon`, `path`, `cache`, `hidden`, `component_name`, `create_time`, `permission`, `type`, `update_time`, `is_del`) VALUES (263, b'0', '删除人员', NULL, 260, 3, NULL, NULL, b'0', b'0', NULL, '2020-04-02 14:19:07', 'mwStoreCustomer:del', 2, NULL, 0);
INSERT INTO `system_menu` (`id`, `i_frame`, `name`, `component`, `pid`, `sort`, `icon`, `path`, `cache`, `hidden`, `component_name`, `create_time`, `permission`, `type`, `update_time`, `is_del`) VALUES (264, b'0', '终端装修', NULL, 0, 0, 'theme', 'theme', b'0', b'1', '--', '2021-02-25 19:33:17', '', 1, '2022-09-27 20:25:24', 0);
INSERT INTO `system_menu` (`id`, `i_frame`, `name`, `component`, `pid`, `sort`, `icon`, `path`, `cache`, `hidden`, `component_name`, `create_time`, `permission`, `type`, `update_time`, `is_del`) VALUES (265, b'0', '商城装修', 'theme/container/index', 264, 999, 'theme', 'container', b'0', b'0', 'Container', '2021-02-25 19:35:13', NULL, 1, NULL, 0);
INSERT INTO `system_menu` (`id`, `i_frame`, `name`, `component`, `pid`, `sort`, `icon`, `path`, `cache`, `hidden`, `component_name`, `create_time`, `permission`, `type`, `update_time`, `is_del`) VALUES (266, b'0', '售后', 'shop/afterSeals/index', 53, 44, 'order', 'afterSeals', b'0', b'0', 'AfterSeals', '2021-06-30 15:23:38', 'mwStoreAfterSales:list', 1, '2021-06-30 15:33:14', 0);
INSERT INTO `system_menu` (`id`, `i_frame`, `name`, `component`, `pid`, `sort`, `icon`, `path`, `cache`, `hidden`, `component_name`, `create_time`, `permission`, `type`, `update_time`, `is_del`) VALUES (267, b'0', '新增', NULL, 266, 999, NULL, NULL, b'0', b'0', '-', '2021-06-30 15:34:17', 'mwStoreAfterSales:add', 2, NULL, 0);
INSERT INTO `system_menu` (`id`, `i_frame`, `name`, `component`, `pid`, `sort`, `icon`, `path`, `cache`, `hidden`, `component_name`, `create_time`, `permission`, `type`, `update_time`, `is_del`) VALUES (268, b'0', '修改', NULL, 266, 999, NULL, NULL, b'0', b'0', '-', '2021-06-30 15:34:39', 'mwStoreAfterSales:edit', 2, NULL, 0);
INSERT INTO `system_menu` (`id`, `i_frame`, `name`, `component`, `pid`, `sort`, `icon`, `path`, `cache`, `hidden`, `component_name`, `create_time`, `permission`, `type`, `update_time`, `is_del`) VALUES (269, b'0', '删除', NULL, 266, 999, NULL, NULL, b'0', b'0', '-', '2021-06-30 15:34:55', 'mwStoreAfterSales:del', 2, NULL, 0);
INSERT INTO `system_menu` (`id`, `i_frame`, `name`, `component`, `pid`, `sort`, `icon`, `path`, `cache`, `hidden`, `component_name`, `create_time`, `permission`, `type`, `update_time`, `is_del`) VALUES (270, b'0', '淘宝订单', 'mailvorTbOrder/index', 53, 200, 'backup', 'mailvorTbOrder', b'0', b'0', 'MailvorTbOrder', '2022-08-29 23:05:47', 'admin,mailvorTbOrder:list', 1, '2023-06-13 10:48:33', 0);
INSERT INTO `system_menu` (`id`, `i_frame`, `name`, `component`, `pid`, `sort`, `icon`, `path`, `cache`, `hidden`, `component_name`, `create_time`, `permission`, `type`, `update_time`, `is_del`) VALUES (271, b'0', '京东订单', 'mailvorJdOrder/index', 53, 210, 'Sign', 'mailvorJdOrder', b'0', b'0', 'MailvorJdOrder', '2022-09-05 22:44:23', 'admin,mailvorJdOrder:list', 1, '2023-06-13 10:48:41', 0);
INSERT INTO `system_menu` (`id`, `i_frame`, `name`, `component`, `pid`, `sort`, `icon`, `path`, `cache`, `hidden`, `component_name`, `create_time`, `permission`, `type`, `update_time`, `is_del`) VALUES (272, b'0', '拼多多订单', 'mailvorPddOrder/index', 53, 220, 'Steve-Jobs', 'mailvorPddOrder', b'0', b'0', 'MailvorPddOrder', '2022-09-06 21:07:23', 'admin,mailvorPddOrder:list', 1, '2023-06-13 10:48:47', 0);
INSERT INTO `system_menu` (`id`, `i_frame`, `name`, `component`, `pid`, `sort`, `icon`, `path`, `cache`, `hidden`, `component_name`, `create_time`, `permission`, `type`, `update_time`, `is_del`) VALUES (273, b'0', '唯品会订单', 'mailvorVipOrder/index', 53, 500, 'app', 'mailvorVipOrder', b'0', b'0', 'MailvorVipOrder', '2022-09-07 19:56:23', 'admin,mailvorVipOrder:list', 1, '2023-06-13 10:47:56', 0);
INSERT INTO `system_menu` (`id`, `i_frame`, `name`, `component`, `pid`, `sort`, `icon`, `path`, `cache`, `hidden`, `component_name`, `create_time`, `permission`, `type`, `update_time`, `is_del`) VALUES (274, b'0', '抖音订单', 'mailvorDyOrder/index', 53, 260, 'coupon', 'mailvorDyOrder', b'0', b'0', 'MailvorDyOrder', '2022-09-07 23:05:42', 'admin,mailvorDyOrder:list', 1, '2023-06-13 10:48:56', 0);
INSERT INTO `system_menu` (`id`, `i_frame`, `name`, `component`, `pid`, `sort`, `icon`, `path`, `cache`, `hidden`, `component_name`, `create_time`, `permission`, `type`, `update_time`, `is_del`) VALUES (275, b'0', '流量扶持订单记录', 'traffic/index', 69, 74, 'Sign', 'traffic', b'0', b'0', 'Traffic', '2023-02-21 19:52:57', 'traffic:list', 1, '2023-12-26 13:24:36', 1);
INSERT INTO `system_menu` (`id`, `i_frame`, `name`, `component`, `pid`, `sort`, `icon`, `path`, `cache`, `hidden`, `component_name`, `create_time`, `permission`, `type`, `update_time`, `is_del`) VALUES (276, b'0', '开店审核', 'shop/card/index', 46, 300, 'Steve-Jobs', 'card', b'0', b'0', 'Card', '2023-04-05 19:41:59', 'MWUSER_CARD_SELECT', 1, '2023-04-05 19:52:47', 0);
INSERT INTO `system_menu` (`id`, `i_frame`, `name`, `component`, `pid`, `sort`, `icon`, `path`, `cache`, `hidden`, `component_name`, `create_time`, `permission`, `type`, `update_time`, `is_del`) VALUES (277, b'0', '支付通道设置', 'shop/payset/index', 176, 100, 'alipay', 'payset', b'0', b'0', 'PaySet', '2023-04-15 16:02:37', 'PAYSET_ALL,PAYSET_SELECT', 1, '2023-04-15 16:37:38', 0);
INSERT INTO `system_menu` (`id`, `i_frame`, `name`, `component`, `pid`, `sort`, `icon`, `path`, `cache`, `hidden`, `component_name`, `create_time`, `permission`, `type`, `update_time`, `is_del`) VALUES (278, b'0', '新增通道', NULL, 277, 1, NULL, NULL, b'0', b'0', '-', '2023-04-15 16:33:32', 'PAYSET_CREATE', 2, NULL, 0);
INSERT INTO `system_menu` (`id`, `i_frame`, `name`, `component`, `pid`, `sort`, `icon`, `path`, `cache`, `hidden`, `component_name`, `create_time`, `permission`, `type`, `update_time`, `is_del`) VALUES (279, b'0', '修改通道', NULL, 277, 2, NULL, NULL, b'0', b'0', '-', '2023-04-15 16:34:20', 'PAYSET_EDIT', 2, NULL, 0);
INSERT INTO `system_menu` (`id`, `i_frame`, `name`, `component`, `pid`, `sort`, `icon`, `path`, `cache`, `hidden`, `component_name`, `create_time`, `permission`, `type`, `update_time`, `is_del`) VALUES (280, b'0', '删除通道', NULL, 277, 3, NULL, NULL, b'0', b'0', '-', '2023-04-15 16:34:42', 'PAYSET_DELETE', 2, NULL, 0);
INSERT INTO `system_menu` (`id`, `i_frame`, `name`, `component`, `pid`, `sort`, `icon`, `path`, `cache`, `hidden`, `component_name`, `create_time`, `permission`, `type`, `update_time`, `is_del`) VALUES (281, b'0', '支付主体设置', 'shop/payset/company', 176, 120, 'anq', 'paycompany', b'0', b'0', 'PayCompany', '2023-04-15 20:03:26', 'PAYCOMPANY_ALL,PAYCOMPANY_SELECT', 1, '2023-04-15 20:03:39', 0);
INSERT INTO `system_menu` (`id`, `i_frame`, `name`, `component`, `pid`, `sort`, `icon`, `path`, `cache`, `hidden`, `component_name`, `create_time`, `permission`, `type`, `update_time`, `is_del`) VALUES (282, b'0', '新增支付主体', NULL, 281, 999, NULL, NULL, b'0', b'0', '-', '2023-04-15 20:04:34', 'PAYCOMPANY_ALL,PAYCOMPANY_CREATE', 2, '2023-04-15 20:05:25', 1);
INSERT INTO `system_menu` (`id`, `i_frame`, `name`, `component`, `pid`, `sort`, `icon`, `path`, `cache`, `hidden`, `component_name`, `create_time`, `permission`, `type`, `update_time`, `is_del`) VALUES (283, b'0', '新增支付主体', NULL, 281, 1, NULL, NULL, b'0', b'0', '-', '2023-04-15 20:05:40', 'PAYCOMPANY_CREATE', 2, NULL, 0);
INSERT INTO `system_menu` (`id`, `i_frame`, `name`, `component`, `pid`, `sort`, `icon`, `path`, `cache`, `hidden`, `component_name`, `create_time`, `permission`, `type`, `update_time`, `is_del`) VALUES (284, b'0', '编辑支付主体', NULL, 281, 2, NULL, NULL, b'0', b'0', '-', '2023-04-15 20:05:59', 'PAYCOMPANY_EDIT', 2, NULL, 0);
INSERT INTO `system_menu` (`id`, `i_frame`, `name`, `component`, `pid`, `sort`, `icon`, `path`, `cache`, `hidden`, `component_name`, `create_time`, `permission`, `type`, `update_time`, `is_del`) VALUES (285, b'0', '删除支付主体', NULL, 281, 3, NULL, NULL, b'0', b'0', '-', '2023-04-15 20:06:18', 'PAYCOMPANY_DELETE', 2, NULL, 0);
INSERT INTO `system_menu` (`id`, `i_frame`, `name`, `component`, `pid`, `sort`, `icon`, `path`, `cache`, `hidden`, `component_name`, `create_time`, `permission`, `type`, `update_time`, `is_del`) VALUES (293, b'0', '额外支出管理', 'shop/set/expend', 176, 150, 'bargain', 'expendset', b'0', b'0', 'Expendset', '2023-07-06 23:34:38', 'EXPEND_ALL,EXPEND_SELECT', 1, '2023-07-06 23:41:58', 0);
INSERT INTO `system_menu` (`id`, `i_frame`, `name`, `component`, `pid`, `sort`, `icon`, `path`, `cache`, `hidden`, `component_name`, `create_time`, `permission`, `type`, `update_time`, `is_del`) VALUES (294, b'0', '新增额外支出', NULL, 293, 1, NULL, NULL, b'0', b'0', '-', '2023-07-06 23:35:43', 'EXPEND_CREATE', 2, NULL, 0);
INSERT INTO `system_menu` (`id`, `i_frame`, `name`, `component`, `pid`, `sort`, `icon`, `path`, `cache`, `hidden`, `component_name`, `create_time`, `permission`, `type`, `update_time`, `is_del`) VALUES (295, b'0', '修改额外支出', NULL, 293, 2, NULL, NULL, b'0', b'0', '-', '2023-07-06 23:36:18', 'EXPEND_EDIT', 2, NULL, 0);
INSERT INTO `system_menu` (`id`, `i_frame`, `name`, `component`, `pid`, `sort`, `icon`, `path`, `cache`, `hidden`, `component_name`, `create_time`, `permission`, `type`, `update_time`, `is_del`) VALUES (296, b'0', '删除额外支出', NULL, 293, 3, NULL, NULL, b'0', b'0', '-', '2023-07-06 23:36:35', 'EXPEND_DELETE', 2, NULL, 0);
INSERT INTO `system_menu` (`id`, `i_frame`, `name`, `component`, `pid`, `sort`, `icon`, `path`, `cache`, `hidden`, `component_name`, `create_time`, `permission`, `type`, `update_time`, `is_del`) VALUES (297, b'0', '会员额外信息', 'shop/user/userExtra', 46, 21, 'Sign', 'userExtra', b'1', b'0', 'UserExtra', '2023-10-21 19:21:50', 'MWUSER_SELECT', 1, '2023-10-21 23:17:52', 1);
INSERT INTO `system_menu` (`id`, `i_frame`, `name`, `component`, `pid`, `sort`, `icon`, `path`, `cache`, `hidden`, `component_name`, `create_time`, `permission`, `type`, `update_time`, `is_del`) VALUES (299, b'0', '禁止提现', 'activity/extract/invalidExtract', 176, 88, 'alipay', 'extractConfig', b'0', b'0', 'ExtractConfig', '2023-11-05 19:45:28', 'admin,MWUSEREXTRACT_SELECT', 1, NULL, 0);
INSERT INTO `system_menu` (`id`, `i_frame`, `name`, `component`, `pid`, `sort`, `icon`, `path`, `cache`, `hidden`, `component_name`, `create_time`, `permission`, `type`, `update_time`, `is_del`) VALUES (300, b'0', '美团订单', 'mailvorMtOrder/index', 53, 600, 'Sign', 'mailvorMtOrder', b'0', b'0', 'MailvorMtOrder', '2024-02-04 18:17:44', 'admin,mailvorVipOrder:list', 1, '2024-02-04 18:19:24', 0);
INSERT INTO `system_menu` (`id`, `i_frame`, `name`, `component`, `pid`, `sort`, `icon`, `path`, `cache`, `hidden`, `component_name`, `create_time`, `permission`, `type`, `update_time`, `is_del`) VALUES (301, b'0', '美团活动配置', 'shop/set/mtactivity', 69, 999, 'Steve-Jobs', 'mtactivityset', b'0', b'0', 'mtactivityset', '2024-02-04 19:44:28', 'MWSYSTEMGROUPDATA_ALL,MWSYSTEMGROUPDATA_SELECT', 1, '2024-02-04 19:47:51', 0);
INSERT INTO `system_menu` (`id`, `i_frame`, `name`, `component`, `pid`, `sort`, `icon`, `path`, `cache`, `hidden`, `component_name`, `create_time`, `permission`, `type`, `update_time`, `is_del`) VALUES (302, b'0', '美团活动增加', NULL, 301, 999, NULL, NULL, b'0', b'0', '-', '2024-02-04 19:48:38', 'MWSYSTEMGROUPDATA_CREATE', 2, NULL, 0);



INSERT INTO `system_user_avatar` (`id`, `real_name`, `path`, `size`, `create_time`) VALUES (1, 'logo1024.png', 'https://oss.mailvor.cn/sfb/avatar/logo1024.png', '56.46KB   ', '2020-06-27 12:05:56');

INSERT INTO `system_user` (`id`, `avatar_id`, `email`, `enabled`, `password`, `username`, `dept_id`, `phone`, `job_id`, `create_time`, `last_password_reset_time`, `nick_name`, `sex`, `update_time`, `is_del`) VALUES (1, 1, 'mshop@qq.com', 1, '$2a$10$2PfD9WuGoKKuiWTg2hgVDOEkK6fVPGPDUlpkKDPrQKZYXrPDx4Pg.', 'admin', 13, '134xxxx5476', 13, '2018-08-23 09:11:56', '2023-05-06 22:56:15', '超级管理员', '男', '2023-09-03 16:39:15', 0);
INSERT INTO `system_user` (`id`, `avatar_id`, `email`, `enabled`, `password`, `username`, `dept_id`, `phone`, `job_id`, `create_time`, `last_password_reset_time`, `nick_name`, `sex`, `update_time`, `is_del`) VALUES (3, NULL, 'test@mshop.net', 1, '$2a$10$2PfD9WuGoKKuiWTg2hgVDOEkK6fVPGPDUlpkKDPrQKZYXrPDx4Pg.', 'test', 2, '199xxxxxxxx', 12, '2018-12-27 20:05:26', '2019-04-01 09:15:24', '测试', '男', '2023-06-13 13:37:56', 0);

INSERT INTO `system_role` (`id`, `name`, `remark`, `data_scope`, `level`, `create_time`, `permission`, `update_time`, `is_del`) VALUES (1, '超级管理员', '-', '全部', 1, '2018-11-23 11:04:37', 'admin', NULL, 0);
INSERT INTO `system_role` (`id`, `name`, `remark`, `data_scope`, `level`, `create_time`, `permission`, `update_time`, `is_del`) VALUES (2, '普通用户', '-', '本级', 2, '2018-11-23 13:09:06', 'common', NULL, 0);
INSERT INTO `system_role` (`id`, `name`, `remark`, `data_scope`, `level`, `create_time`, `permission`, `update_time`, `is_del`) VALUES (3, '管理员2', '222', '全部', 3, '2020-01-31 16:53:25', '22', '2023-04-25 08:52:17', 1);
INSERT INTO `system_role` (`id`, `name`, `remark`, `data_scope`, `level`, `create_time`, `permission`, `update_time`, `is_del`) VALUES (4, '财务', NULL, '本级', 3, '2023-05-03 19:36:14', 'common', NULL, 0);


INSERT INTO `system_roles_menus` (`menu_id`, `role_id`) VALUES (1, 1);
INSERT INTO `system_roles_menus` (`menu_id`, `role_id`) VALUES (2, 1);
INSERT INTO `system_roles_menus` (`menu_id`, `role_id`) VALUES (3, 1);
INSERT INTO `system_roles_menus` (`menu_id`, `role_id`) VALUES (5, 1);
INSERT INTO `system_roles_menus` (`menu_id`, `role_id`) VALUES (6, 1);
INSERT INTO `system_roles_menus` (`menu_id`, `role_id`) VALUES (7, 1);
INSERT INTO `system_roles_menus` (`menu_id`, `role_id`) VALUES (9, 1);
INSERT INTO `system_roles_menus` (`menu_id`, `role_id`) VALUES (28, 1);
INSERT INTO `system_roles_menus` (`menu_id`, `role_id`) VALUES (32, 1);
INSERT INTO `system_roles_menus` (`menu_id`, `role_id`) VALUES (35, 1);
INSERT INTO `system_roles_menus` (`menu_id`, `role_id`) VALUES (36, 1);
INSERT INTO `system_roles_menus` (`menu_id`, `role_id`) VALUES (37, 1);
INSERT INTO `system_roles_menus` (`menu_id`, `role_id`) VALUES (39, 1);
INSERT INTO `system_roles_menus` (`menu_id`, `role_id`) VALUES (46, 1);
INSERT INTO `system_roles_menus` (`menu_id`, `role_id`) VALUES (47, 1);
INSERT INTO `system_roles_menus` (`menu_id`, `role_id`) VALUES (48, 1);
INSERT INTO `system_roles_menus` (`menu_id`, `role_id`) VALUES (52, 1);
INSERT INTO `system_roles_menus` (`menu_id`, `role_id`) VALUES (53, 1);
INSERT INTO `system_roles_menus` (`menu_id`, `role_id`) VALUES (54, 1);
INSERT INTO `system_roles_menus` (`menu_id`, `role_id`) VALUES (55, 1);
INSERT INTO `system_roles_menus` (`menu_id`, `role_id`) VALUES (63, 1);
INSERT INTO `system_roles_menus` (`menu_id`, `role_id`) VALUES (64, 1);
INSERT INTO `system_roles_menus` (`menu_id`, `role_id`) VALUES (65, 1);
INSERT INTO `system_roles_menus` (`menu_id`, `role_id`) VALUES (66, 1);
INSERT INTO `system_roles_menus` (`menu_id`, `role_id`) VALUES (69, 1);
INSERT INTO `system_roles_menus` (`menu_id`, `role_id`) VALUES (70, 1);
INSERT INTO `system_roles_menus` (`menu_id`, `role_id`) VALUES (72, 1);
INSERT INTO `system_roles_menus` (`menu_id`, `role_id`) VALUES (73, 1);
INSERT INTO `system_roles_menus` (`menu_id`, `role_id`) VALUES (74, 1);
INSERT INTO `system_roles_menus` (`menu_id`, `role_id`) VALUES (75, 1);
INSERT INTO `system_roles_menus` (`menu_id`, `role_id`) VALUES (77, 1);
INSERT INTO `system_roles_menus` (`menu_id`, `role_id`) VALUES (80, 1);
INSERT INTO `system_roles_menus` (`menu_id`, `role_id`) VALUES (83, 1);
INSERT INTO `system_roles_menus` (`menu_id`, `role_id`) VALUES (84, 1);
INSERT INTO `system_roles_menus` (`menu_id`, `role_id`) VALUES (86, 1);
INSERT INTO `system_roles_menus` (`menu_id`, `role_id`) VALUES (121, 1);
INSERT INTO `system_roles_menus` (`menu_id`, `role_id`) VALUES (123, 1);
INSERT INTO `system_roles_menus` (`menu_id`, `role_id`) VALUES (124, 1);
INSERT INTO `system_roles_menus` (`menu_id`, `role_id`) VALUES (126, 1);
INSERT INTO `system_roles_menus` (`menu_id`, `role_id`) VALUES (127, 1);
INSERT INTO `system_roles_menus` (`menu_id`, `role_id`) VALUES (128, 1);
INSERT INTO `system_roles_menus` (`menu_id`, `role_id`) VALUES (129, 1);
INSERT INTO `system_roles_menus` (`menu_id`, `role_id`) VALUES (130, 1);
INSERT INTO `system_roles_menus` (`menu_id`, `role_id`) VALUES (131, 1);
INSERT INTO `system_roles_menus` (`menu_id`, `role_id`) VALUES (132, 1);
INSERT INTO `system_roles_menus` (`menu_id`, `role_id`) VALUES (133, 1);
INSERT INTO `system_roles_menus` (`menu_id`, `role_id`) VALUES (134, 1);
INSERT INTO `system_roles_menus` (`menu_id`, `role_id`) VALUES (135, 1);
INSERT INTO `system_roles_menus` (`menu_id`, `role_id`) VALUES (136, 1);
INSERT INTO `system_roles_menus` (`menu_id`, `role_id`) VALUES (137, 1);
INSERT INTO `system_roles_menus` (`menu_id`, `role_id`) VALUES (138, 1);
INSERT INTO `system_roles_menus` (`menu_id`, `role_id`) VALUES (139, 1);
INSERT INTO `system_roles_menus` (`menu_id`, `role_id`) VALUES (140, 1);
INSERT INTO `system_roles_menus` (`menu_id`, `role_id`) VALUES (141, 1);
INSERT INTO `system_roles_menus` (`menu_id`, `role_id`) VALUES (142, 1);
INSERT INTO `system_roles_menus` (`menu_id`, `role_id`) VALUES (143, 1);
INSERT INTO `system_roles_menus` (`menu_id`, `role_id`) VALUES (144, 1);
INSERT INTO `system_roles_menus` (`menu_id`, `role_id`) VALUES (150, 1);
INSERT INTO `system_roles_menus` (`menu_id`, `role_id`) VALUES (151, 1);
INSERT INTO `system_roles_menus` (`menu_id`, `role_id`) VALUES (152, 1);
INSERT INTO `system_roles_menus` (`menu_id`, `role_id`) VALUES (156, 1);
INSERT INTO `system_roles_menus` (`menu_id`, `role_id`) VALUES (157, 1);
INSERT INTO `system_roles_menus` (`menu_id`, `role_id`) VALUES (158, 1);
INSERT INTO `system_roles_menus` (`menu_id`, `role_id`) VALUES (159, 1);
INSERT INTO `system_roles_menus` (`menu_id`, `role_id`) VALUES (165, 1);
INSERT INTO `system_roles_menus` (`menu_id`, `role_id`) VALUES (166, 1);
INSERT INTO `system_roles_menus` (`menu_id`, `role_id`) VALUES (167, 1);
INSERT INTO `system_roles_menus` (`menu_id`, `role_id`) VALUES (168, 1);
INSERT INTO `system_roles_menus` (`menu_id`, `role_id`) VALUES (169, 1);
INSERT INTO `system_roles_menus` (`menu_id`, `role_id`) VALUES (170, 1);
INSERT INTO `system_roles_menus` (`menu_id`, `role_id`) VALUES (171, 1);
INSERT INTO `system_roles_menus` (`menu_id`, `role_id`) VALUES (172, 1);
INSERT INTO `system_roles_menus` (`menu_id`, `role_id`) VALUES (173, 1);
INSERT INTO `system_roles_menus` (`menu_id`, `role_id`) VALUES (174, 1);
INSERT INTO `system_roles_menus` (`menu_id`, `role_id`) VALUES (175, 1);
INSERT INTO `system_roles_menus` (`menu_id`, `role_id`) VALUES (176, 1);
INSERT INTO `system_roles_menus` (`menu_id`, `role_id`) VALUES (177, 1);
INSERT INTO `system_roles_menus` (`menu_id`, `role_id`) VALUES (178, 1);
INSERT INTO `system_roles_menus` (`menu_id`, `role_id`) VALUES (179, 1);
INSERT INTO `system_roles_menus` (`menu_id`, `role_id`) VALUES (180, 1);
INSERT INTO `system_roles_menus` (`menu_id`, `role_id`) VALUES (181, 1);
INSERT INTO `system_roles_menus` (`menu_id`, `role_id`) VALUES (182, 1);
INSERT INTO `system_roles_menus` (`menu_id`, `role_id`) VALUES (183, 1);
INSERT INTO `system_roles_menus` (`menu_id`, `role_id`) VALUES (208, 1);
INSERT INTO `system_roles_menus` (`menu_id`, `role_id`) VALUES (209, 1);
INSERT INTO `system_roles_menus` (`menu_id`, `role_id`) VALUES (210, 1);
INSERT INTO `system_roles_menus` (`menu_id`, `role_id`) VALUES (211, 1);
INSERT INTO `system_roles_menus` (`menu_id`, `role_id`) VALUES (212, 1);
INSERT INTO `system_roles_menus` (`menu_id`, `role_id`) VALUES (213, 1);
INSERT INTO `system_roles_menus` (`menu_id`, `role_id`) VALUES (214, 1);
INSERT INTO `system_roles_menus` (`menu_id`, `role_id`) VALUES (215, 1);
INSERT INTO `system_roles_menus` (`menu_id`, `role_id`) VALUES (216, 1);
INSERT INTO `system_roles_menus` (`menu_id`, `role_id`) VALUES (217, 1);
INSERT INTO `system_roles_menus` (`menu_id`, `role_id`) VALUES (218, 1);
INSERT INTO `system_roles_menus` (`menu_id`, `role_id`) VALUES (219, 1);
INSERT INTO `system_roles_menus` (`menu_id`, `role_id`) VALUES (220, 1);
INSERT INTO `system_roles_menus` (`menu_id`, `role_id`) VALUES (221, 1);
INSERT INTO `system_roles_menus` (`menu_id`, `role_id`) VALUES (222, 1);
INSERT INTO `system_roles_menus` (`menu_id`, `role_id`) VALUES (223, 1);
INSERT INTO `system_roles_menus` (`menu_id`, `role_id`) VALUES (224, 1);
INSERT INTO `system_roles_menus` (`menu_id`, `role_id`) VALUES (225, 1);
INSERT INTO `system_roles_menus` (`menu_id`, `role_id`) VALUES (227, 1);
INSERT INTO `system_roles_menus` (`menu_id`, `role_id`) VALUES (228, 1);
INSERT INTO `system_roles_menus` (`menu_id`, `role_id`) VALUES (229, 1);
INSERT INTO `system_roles_menus` (`menu_id`, `role_id`) VALUES (230, 1);
INSERT INTO `system_roles_menus` (`menu_id`, `role_id`) VALUES (231, 1);
INSERT INTO `system_roles_menus` (`menu_id`, `role_id`) VALUES (244, 1);
INSERT INTO `system_roles_menus` (`menu_id`, `role_id`) VALUES (245, 1);
INSERT INTO `system_roles_menus` (`menu_id`, `role_id`) VALUES (246, 1);
INSERT INTO `system_roles_menus` (`menu_id`, `role_id`) VALUES (247, 1);
INSERT INTO `system_roles_menus` (`menu_id`, `role_id`) VALUES (253, 1);
INSERT INTO `system_roles_menus` (`menu_id`, `role_id`) VALUES (256, 1);
INSERT INTO `system_roles_menus` (`menu_id`, `role_id`) VALUES (257, 1);
INSERT INTO `system_roles_menus` (`menu_id`, `role_id`) VALUES (258, 1);
INSERT INTO `system_roles_menus` (`menu_id`, `role_id`) VALUES (264, 1);
INSERT INTO `system_roles_menus` (`menu_id`, `role_id`) VALUES (265, 1);
INSERT INTO `system_roles_menus` (`menu_id`, `role_id`) VALUES (270, 1);
INSERT INTO `system_roles_menus` (`menu_id`, `role_id`) VALUES (271, 1);
INSERT INTO `system_roles_menus` (`menu_id`, `role_id`) VALUES (272, 1);
INSERT INTO `system_roles_menus` (`menu_id`, `role_id`) VALUES (273, 1);
INSERT INTO `system_roles_menus` (`menu_id`, `role_id`) VALUES (274, 1);
INSERT INTO `system_roles_menus` (`menu_id`, `role_id`) VALUES (276, 1);
INSERT INTO `system_roles_menus` (`menu_id`, `role_id`) VALUES (277, 1);
INSERT INTO `system_roles_menus` (`menu_id`, `role_id`) VALUES (278, 1);
INSERT INTO `system_roles_menus` (`menu_id`, `role_id`) VALUES (279, 1);
INSERT INTO `system_roles_menus` (`menu_id`, `role_id`) VALUES (280, 1);
INSERT INTO `system_roles_menus` (`menu_id`, `role_id`) VALUES (281, 1);
INSERT INTO `system_roles_menus` (`menu_id`, `role_id`) VALUES (283, 1);
INSERT INTO `system_roles_menus` (`menu_id`, `role_id`) VALUES (284, 1);
INSERT INTO `system_roles_menus` (`menu_id`, `role_id`) VALUES (285, 1);
INSERT INTO `system_roles_menus` (`menu_id`, `role_id`) VALUES (286, 1);
INSERT INTO `system_roles_menus` (`menu_id`, `role_id`) VALUES (288, 1);
INSERT INTO `system_roles_menus` (`menu_id`, `role_id`) VALUES (289, 1);
INSERT INTO `system_roles_menus` (`menu_id`, `role_id`) VALUES (290, 1);
INSERT INTO `system_roles_menus` (`menu_id`, `role_id`) VALUES (291, 1);
INSERT INTO `system_roles_menus` (`menu_id`, `role_id`) VALUES (292, 1);
INSERT INTO `system_roles_menus` (`menu_id`, `role_id`) VALUES (293, 1);
INSERT INTO `system_roles_menus` (`menu_id`, `role_id`) VALUES (294, 1);
INSERT INTO `system_roles_menus` (`menu_id`, `role_id`) VALUES (295, 1);
INSERT INTO `system_roles_menus` (`menu_id`, `role_id`) VALUES (296, 1);
INSERT INTO `system_roles_menus` (`menu_id`, `role_id`) VALUES (298, 1);
INSERT INTO `system_roles_menus` (`menu_id`, `role_id`) VALUES (299, 1);
INSERT INTO `system_roles_menus` (`menu_id`, `role_id`) VALUES (300, 1);
INSERT INTO `system_roles_menus` (`menu_id`, `role_id`) VALUES (301, 1);
INSERT INTO `system_roles_menus` (`menu_id`, `role_id`) VALUES (302, 1);
INSERT INTO `system_roles_menus` (`menu_id`, `role_id`) VALUES (46, 2);
INSERT INTO `system_roles_menus` (`menu_id`, `role_id`) VALUES (47, 2);
INSERT INTO `system_roles_menus` (`menu_id`, `role_id`) VALUES (53, 2);
INSERT INTO `system_roles_menus` (`menu_id`, `role_id`) VALUES (72, 2);
INSERT INTO `system_roles_menus` (`menu_id`, `role_id`) VALUES (80, 2);
INSERT INTO `system_roles_menus` (`menu_id`, `role_id`) VALUES (176, 2);
INSERT INTO `system_roles_menus` (`menu_id`, `role_id`) VALUES (177, 2);
INSERT INTO `system_roles_menus` (`menu_id`, `role_id`) VALUES (216, 2);
INSERT INTO `system_roles_menus` (`menu_id`, `role_id`) VALUES (217, 2);
INSERT INTO `system_roles_menus` (`menu_id`, `role_id`) VALUES (270, 2);
INSERT INTO `system_roles_menus` (`menu_id`, `role_id`) VALUES (271, 2);
INSERT INTO `system_roles_menus` (`menu_id`, `role_id`) VALUES (272, 2);
INSERT INTO `system_roles_menus` (`menu_id`, `role_id`) VALUES (273, 2);
INSERT INTO `system_roles_menus` (`menu_id`, `role_id`) VALUES (274, 2);
INSERT INTO `system_roles_menus` (`menu_id`, `role_id`) VALUES (46, 4);
INSERT INTO `system_roles_menus` (`menu_id`, `role_id`) VALUES (47, 4);
INSERT INTO `system_roles_menus` (`menu_id`, `role_id`) VALUES (53, 4);
INSERT INTO `system_roles_menus` (`menu_id`, `role_id`) VALUES (80, 4);
INSERT INTO `system_roles_menus` (`menu_id`, `role_id`) VALUES (176, 4);
INSERT INTO `system_roles_menus` (`menu_id`, `role_id`) VALUES (177, 4);
INSERT INTO `system_roles_menus` (`menu_id`, `role_id`) VALUES (216, 4);
INSERT INTO `system_roles_menus` (`menu_id`, `role_id`) VALUES (217, 4);
INSERT INTO `system_roles_menus` (`menu_id`, `role_id`) VALUES (270, 4);
INSERT INTO `system_roles_menus` (`menu_id`, `role_id`) VALUES (271, 4);
INSERT INTO `system_roles_menus` (`menu_id`, `role_id`) VALUES (272, 4);
INSERT INTO `system_roles_menus` (`menu_id`, `role_id`) VALUES (273, 4);
INSERT INTO `system_roles_menus` (`menu_id`, `role_id`) VALUES (274, 4);


INSERT INTO `system_users_roles` (`user_id`, `role_id`) VALUES (1, 1);
INSERT INTO `system_users_roles` (`user_id`, `role_id`) VALUES (3, 4);



INSERT INTO `system_quartz_job` (`id`, `bean_name`, `cron_expression`, `is_pause`, `job_name`, `method_name`, `params`, `remark`, `create_time`, `update_time`, `is_del`) VALUES (1, 'visitsTask', '0 0 0 * * ?', b'0', '更新访客记录', 'run', NULL, '每日0点创建新的访客记录', '2019-01-08 14:53:31', NULL, 0);
INSERT INTO `system_quartz_job` (`id`, `bean_name`, `cron_expression`, `is_pause`, `job_name`, `method_name`, `params`, `remark`, `create_time`, `update_time`, `is_del`) VALUES (4, 'tbOrderCollectionTask', '0/30 * * * * ?', b'0', '订单采集-淘宝', 'run', '{}', NULL, '2022-08-04 15:15:23', '2023-07-06 08:31:24', 0);
INSERT INTO `system_quartz_job` (`id`, `bean_name`, `cron_expression`, `is_pause`, `job_name`, `method_name`, `params`, `remark`, `create_time`, `update_time`, `is_del`) VALUES (5, 'tbOrderHistoryCollectionTask', '0 0 3 * * ? ', b'0', '订单采集-淘宝-历史', 'run', '{\"day\":50,\"minutes\":20}', '每天凌晨3天执行, day 采集50天前的订单， minutes 一次采集20分钟的订单', '2022-08-05 19:16:04', '2023-04-06 21:19:07', 0);
INSERT INTO `system_quartz_job` (`id`, `bean_name`, `cron_expression`, `is_pause`, `job_name`, `method_name`, `params`, `remark`, `create_time`, `update_time`, `is_del`) VALUES (6, 'tbOrderBindTask', '0/30 * * * * ?', b'1', '追单-淘宝', 'run', '{}', NULL, '2022-08-09 19:55:56', '2023-05-19 18:08:37', 0);
INSERT INTO `system_quartz_job` (`id`, `bean_name`, `cron_expression`, `is_pause`, `job_name`, `method_name`, `params`, `remark`, `create_time`, `update_time`, `is_del`) VALUES (7, 'jdOrderHistoryCollectionTask', '0 0 4 * * ?', b'0', '订单采集-京东-历史', 'run', '{}', '每天凌晨4点执行', '2022-09-05 22:31:39', '2023-04-06 21:16:57', 0);
INSERT INTO `system_quartz_job` (`id`, `bean_name`, `cron_expression`, `is_pause`, `job_name`, `method_name`, `params`, `remark`, `create_time`, `update_time`, `is_del`) VALUES (8, 'pddOrderHistoryCollectionTask', '0 0 5 * * ?', b'1', '订单采集-拼多多-历史', 'run', '{\"minutes\":1200}', '每天凌晨5点执行', '2022-09-06 22:59:10', '2023-12-11 05:00:04', 0);
INSERT INTO `system_quartz_job` (`id`, `bean_name`, `cron_expression`, `is_pause`, `job_name`, `method_name`, `params`, `remark`, `create_time`, `update_time`, `is_del`) VALUES (9, 'vipOrderHistoryCollectionTask', '0 0 2 * * ?', b'0', '订单采集-唯品会-历史', 'run', '{\"minutes\":50}', 'minutes不能超过1小时 每天临床2点执行', '2022-09-07 21:30:13', '2023-04-06 21:17:26', 0);
INSERT INTO `system_quartz_job` (`id`, `bean_name`, `cron_expression`, `is_pause`, `job_name`, `method_name`, `params`, `remark`, `create_time`, `update_time`, `is_del`) VALUES (10, 'dyOrderHistoryCollectionTask', '0 0 1 * * ?', b'0', '订单采集-抖音-历史', 'run', '{}', '每天凌晨1点执行', '2022-09-08 00:07:45', '2023-04-06 21:18:18', 0);
INSERT INTO `system_quartz_job` (`id`, `bean_name`, `cron_expression`, `is_pause`, `job_name`, `method_name`, `params`, `remark`, `create_time`, `update_time`, `is_del`) VALUES (11, 'jdOrderCollectionTask', '0/30 * * * * ?', b'1', '订单采集-京东', 'run', '{}', NULL, '2022-09-27 19:16:31', '2024-02-04 21:06:29', 0);
INSERT INTO `system_quartz_job` (`id`, `bean_name`, `cron_expression`, `is_pause`, `job_name`, `method_name`, `params`, `remark`, `create_time`, `update_time`, `is_del`) VALUES (12, 'pddOrderCollectionTask', '0/30 * * * * ?', b'1', '订单采集-拼多多', 'run', '{}', NULL, '2022-09-27 19:18:41', '2023-07-06 08:35:23', 0);
INSERT INTO `system_quartz_job` (`id`, `bean_name`, `cron_expression`, `is_pause`, `job_name`, `method_name`, `params`, `remark`, `create_time`, `update_time`, `is_del`) VALUES (13, 'vipOrderCollectionTask', '0/30 * * * * ?', b'0', '订单采集-唯品会', 'run', '{}', NULL, '2022-09-27 19:25:38', '2023-07-05 22:53:40', 0);
INSERT INTO `system_quartz_job` (`id`, `bean_name`, `cron_expression`, `is_pause`, `job_name`, `method_name`, `params`, `remark`, `create_time`, `update_time`, `is_del`) VALUES (14, 'dyOrderCollectionTask', '0/30 * * * * ?', b'0', '订单采集-抖音', 'run', '{\"appToken\":\"6CpXnRCAQ6HrmFp4e1lhO2Dz6bsjm18vJLYdmdO5grqxXrh6uvcHhnLu-HOUnxTDatGJnRxOxerNUE1Lb99_-ko88ADTNGmgXwRC0blzI3_Y__81FftC-o60cuZ34REvGRJJhkK16aLK9iCo6EKYVK4us4YjLK23W7pgY-Y9Ehg\"}', NULL, '2022-09-27 19:29:14', '2023-07-05 22:53:44', 0);
INSERT INTO `system_quartz_job` (`id`, `bean_name`, `cron_expression`, `is_pause`, `job_name`, `method_name`, `params`, `remark`, `create_time`, `update_time`, `is_del`) VALUES (15, 'pidPoolTask', '0 0/30 * * * ?', b'1', 'pid池重置', 'run', '{}', '不授权淘宝的用户一定程度可以自动追单', '2022-09-29 21:53:24', '2023-08-06 17:26:18', 0);
INSERT INTO `system_quartz_job` (`id`, `bean_name`, `cron_expression`, `is_pause`, `job_name`, `method_name`, `params`, `remark`, `create_time`, `update_time`, `is_del`) VALUES (16, 'vipOrderBindTask', '0/30 * * * * ?', b'1', '追单-唯品会', 'run', '{}', NULL, '2022-10-02 21:37:00', '2023-05-20 17:53:19', 0);
INSERT INTO `system_quartz_job` (`id`, `bean_name`, `cron_expression`, `is_pause`, `job_name`, `method_name`, `params`, `remark`, `create_time`, `update_time`, `is_del`) VALUES (17, 'orderRefundTask', '0 0/2 * * * ?', b'1', '订单失效-扣除余额', 'run', '{\"prior\":60}', NULL, '2022-10-05 01:30:50', '2023-06-13 11:58:11', 0);
INSERT INTO `system_quartz_job` (`id`, `bean_name`, `cron_expression`, `is_pause`, `job_name`, `method_name`, `params`, `remark`, `create_time`, `update_time`, `is_del`) VALUES (18, 'jdOrderBindTask', '0/30 * * * * ?', b'1', '追单-京东', 'run', '{\"prior\":140}', '京东目前追单1400分钟', '2022-10-27 20:50:28', '2023-05-20 17:53:19', 0);
INSERT INTO `system_quartz_job` (`id`, `bean_name`, `cron_expression`, `is_pause`, `job_name`, `method_name`, `params`, `remark`, `create_time`, `update_time`, `is_del`) VALUES (19, 'tbOrderAppendTask', '0 0/30 * * * ?', b'0', '淘宝追单号追单', 'run', '{}', NULL, '2022-11-05 17:27:01', '2022-11-05 18:19:15', 1);
INSERT INTO `system_quartz_job` (`id`, `bean_name`, `cron_expression`, `is_pause`, `job_name`, `method_name`, `params`, `remark`, `create_time`, `update_time`, `is_del`) VALUES (20, 'pddOrderBindTask', '0/30 * * * * ?', b'1', '追单-拼多多', 'run', '{\"prior\":60}', '拼多多追单60分钟', '2022-11-18 22:35:07', '2023-05-20 17:53:19', 0);
INSERT INTO `system_quartz_job` (`id`, `bean_name`, `cron_expression`, `is_pause`, `job_name`, `method_name`, `params`, `remark`, `create_time`, `update_time`, `is_del`) VALUES (23, 'feeTodayTask', '0/30 * * * * ?', b'1', '预估收益-今日统计', 'run', '100', '一次批量执行多少用户', '2023-02-12 18:24:30', '2023-06-13 11:56:56', 0);
INSERT INTO `system_quartz_job` (`id`, `bean_name`, `cron_expression`, `is_pause`, `job_name`, `method_name`, `params`, `remark`, `create_time`, `update_time`, `is_del`) VALUES (24, 'feeYesterdayTask', '0 0/11 * * * ?', b'0', '预估收益-昨日统计', 'run', '600', '参数内容需要填写数字，不填会报错，建议2，可能不需要', '2023-02-12 18:26:26', '2023-04-29 23:45:51', 1);
INSERT INTO `system_quartz_job` (`id`, `bean_name`, `cron_expression`, `is_pause`, `job_name`, `method_name`, `params`, `remark`, `create_time`, `update_time`, `is_del`) VALUES (25, 'feeMonthTask', '0 0/29 * * * ?', b'1', '预估收益-本月统计', 'run', '100', '一次批量执行多少用户', '2023-02-16 22:56:44', '2023-06-13 11:56:58', 0);
INSERT INTO `system_quartz_job` (`id`, `bean_name`, `cron_expression`, `is_pause`, `job_name`, `method_name`, `params`, `remark`, `create_time`, `update_time`, `is_del`) VALUES (26, 'feeProMonthTask', '0 5 0 1 * ?', b'1', '预估收益-上月统计', 'run', '100', '一次批量执行多少用户 每月的1日的凌晨0点05分执行任务', '2023-02-16 23:01:07', '2023-06-13 11:56:53', 0);
INSERT INTO `system_quartz_job` (`id`, `bean_name`, `cron_expression`, `is_pause`, `job_name`, `method_name`, `params`, `remark`, `create_time`, `update_time`, `is_del`) VALUES (27, 'fee30DayTask', '0 0/20 * * * ?', b'0', '预估收益-30天统计', 'run', '30', NULL, '2023-02-17 19:51:41', '2023-04-22 20:49:25', 1);
INSERT INTO `system_quartz_job` (`id`, `bean_name`, `cron_expression`, `is_pause`, `job_name`, `method_name`, `params`, `remark`, `create_time`, `update_time`, `is_del`) VALUES (29, 'fee7DayTask', '0 0/21 * * * ?', b'1', '预估收益-7天统计', 'run', '100', '一次批量执行多少用户', '2023-03-25 19:09:09', '2023-06-13 11:56:51', 0);
INSERT INTO `system_quartz_job` (`id`, `bean_name`, `cron_expression`, `is_pause`, `job_name`, `method_name`, `params`, `remark`, `create_time`, `update_time`, `is_del`) VALUES (30, 'dyOrderBindTask', '0/30 * * * * ?', b'1', '追单-抖音', 'run', '{}', NULL, '2023-04-06 20:47:37', '2023-05-20 17:53:19', 0);
INSERT INTO `system_quartz_job` (`id`, `bean_name`, `cron_expression`, `is_pause`, `job_name`, `method_name`, `params`, `remark`, `create_time`, `update_time`, `is_del`) VALUES (31, 'payResetTask', '01 0 0 * * ?', b'1', '支付通道重置-勿乱点', 'run', '{}', '千万不要乱点执行，切记，每天0点执行一次', '2023-04-16 19:31:40', '2023-06-13 11:57:49', 0);
INSERT INTO `system_quartz_job` (`id`, `bean_name`, `cron_expression`, `is_pause`, `job_name`, `method_name`, `params`, `remark`, `create_time`, `update_time`, `is_del`) VALUES (37, 'feeTotalTask', '0 0 2 * * ?', b'1', '预估收益-全局统计', 'run', '100', NULL, '2023-06-11 20:15:51', NULL, 0);
INSERT INTO `system_quartz_job` (`id`, `bean_name`, `cron_expression`, `is_pause`, `job_name`, `method_name`, `params`, `remark`, `create_time`, `update_time`, `is_del`) VALUES (38, 'feeTriggerTask', '0/30 * * * * ?', b'1', '预估收益-触发统计', 'run', '1,6', NULL, '2023-06-12 20:55:03', '2023-06-15 00:39:48', 0);
INSERT INTO `system_quartz_job` (`id`, `bean_name`, `cron_expression`, `is_pause`, `job_name`, `method_name`, `params`, `remark`, `create_time`, `update_time`, `is_del`) VALUES (40, 'selfOrderHbTask', '0 0/10 * * * ?', b'1', '自购订单-拆红包', 'run', '{\"day\":3,\"limit\":10}', NULL, '2023-07-08 13:17:40', '2023-07-08 17:26:53', 0);
INSERT INTO `system_quartz_job` (`id`, `bean_name`, `cron_expression`, `is_pause`, `job_name`, `method_name`, `params`, `remark`, `create_time`, `update_time`, `is_del`) VALUES (45, 'memberExpiredTask', '01 0 0 * * ?', b'1', 'A加盟-过期重置任务', 'run', '{}', NULL, '2023-11-04 20:47:55', '2023-11-05 17:21:17', 0);
INSERT INTO `system_quartz_job` (`id`, `bean_name`, `cron_expression`, `is_pause`, `job_name`, `method_name`, `params`, `remark`, `create_time`, `update_time`, `is_del`) VALUES (46, 'orderCheckTask', '0/30 * * * * ?', b'1', '订单高佣金检查任务', 'run', '{}', NULL, '2023-11-21 23:27:27', '2023-11-21 23:34:56', 0);
INSERT INTO `system_quartz_job` (`id`, `bean_name`, `cron_expression`, `is_pause`, `job_name`, `method_name`, `params`, `remark`, `create_time`, `update_time`, `is_del`) VALUES (48, 'orderMtCPSHistoryCollectionTask', '0 10 2 * * ?', b'1', '订单采集-美团CPS-历史', 'run', '{}', NULL, '2024-02-04 16:22:51', '2024-02-04 16:23:06', 0);
INSERT INTO `system_quartz_job` (`id`, `bean_name`, `cron_expression`, `is_pause`, `job_name`, `method_name`, `params`, `remark`, `create_time`, `update_time`, `is_del`) VALUES (50, 'dyKuOrderCollectionTask', '0/30 * * * * ?', b'1', '订单采集-抖音库-商品', 'run', '{\"mediaType\":1,\"minutes\":1500}', NULL, '2024-03-17 16:22:08', '2024-03-17 16:29:09', 0);
INSERT INTO `system_quartz_job` (`id`, `bean_name`, `cron_expression`, `is_pause`, `job_name`, `method_name`, `params`, `remark`, `create_time`, `update_time`, `is_del`) VALUES (51, 'dyKuOrderHistoryCollectionTask', '0 0 1 * * ?', b'1', '订单采集-抖音库-商品历史', 'run', '{\"mediaType\":1}', NULL, '2024-03-17 16:23:21', '2024-04-12 01:02:35', 0);
INSERT INTO `system_quartz_job` (`id`, `bean_name`, `cron_expression`, `is_pause`, `job_name`, `method_name`, `params`, `remark`, `create_time`, `update_time`, `is_del`) VALUES (52, 'dyKuOrderCollectionTask', '0/30 * * * * ?', b'1', '订单采集-抖音库-本地生活', 'run', '{\"mediaType\":3,\"minutes\":1500}', NULL, '2024-03-17 16:44:13', '2024-03-23 20:52:15', 0);
INSERT INTO `system_quartz_job` (`id`, `bean_name`, `cron_expression`, `is_pause`, `job_name`, `method_name`, `params`, `remark`, `create_time`, `update_time`, `is_del`) VALUES (53, 'dyKuOrderHistoryCollectionTask', '0 0 1 * * ?', b'1', '订单采集-抖音库-本地生活历史', 'run', '{\"mediaType\":3}', NULL, '2024-03-17 16:45:07', '2024-04-21 01:07:27', 0);
INSERT INTO `system_quartz_job` (`id`, `bean_name`, `cron_expression`, `is_pause`, `job_name`, `method_name`, `params`, `remark`, `create_time`, `update_time`, `is_del`) VALUES (54, 'billUnlockTask', '0/30 * * * * ?', b'1', '账单解锁任务', 'run', '{}', NULL, '2024-04-22 22:34:17', '2024-04-24 04:27:00', 0);

INSERT INTO `system_qiniu_content` (`id`, `bucket`, `name`, `size`, `type`, `update_time`, `url`, `suffix`) VALUES (25, 'mshop', '5ca04fa9c08ef', '314.06KB   ', '公开', '2020-06-26 18:25:23', 'https://image.xxx.cn/5ca04fa9c08ef.jpg', 'jpg');
INSERT INTO `system_qiniu_content` (`id`, `bucket`, `name`, `size`, `type`, `update_time`, `url`, `suffix`) VALUES (26, 'mshop', '5ca0786c5d2c1', '388.24KB   ', '公开', '2020-06-26 18:25:23', 'https://image.xxx.cn/5ca0786c5d2c1.jpg', 'jpg');
INSERT INTO `system_qiniu_content` (`id`, `bucket`, `name`, `size`, `type`, `update_time`, `url`, `suffix`) VALUES (27, 'mshop', '5ca081af6183f', '339.37KB   ', '公开', '2020-06-26 18:25:23', 'https://image.xxx.cn/5ca081af6183f.jpg', 'jpg');

INSERT INTO `mw_wechat_template` (`id`, `tempkey`, `name`, `content`, `tempid`, `create_time`, `update_time`, `status`, `is_del`, `type`) VALUES (3, 'delivery_success', '订单发货提醒', '{{first.DATA}}\n订单编号：{{keyword1.DATA}}\n物流公司：{{keyword2.DATA}}\n物流单号：{{keyword3.DATA}}\n{{remark.DATA}}', 'NyrkeQ5TDFDq0GV0wkNA9L39GzPHfzbQqVLnbA5OTsY', '2020-06-25 18:54:35', '2020-07-06 15:52:09', 1, 1, NULL);
INSERT INTO `mw_wechat_template` (`id`, `tempkey`, `name`, `content`, `tempid`, `create_time`, `update_time`, `status`, `is_del`, `type`) VALUES (13, 'pay_success', '订单支付成功通知', '{{first.DATA}}\n订单编号：{{keyword1.DATA}}\n支付金额：{{keyword2.DATA}}\n{{remark.DATA}}', 'W5r2c2kzhbq8uxStkPAVx_sk-5aapMFCqe7b7KU5jXI', '2020-06-25 18:54:35', '2020-09-14 12:51:34', 1, 0, 'subscribe');
INSERT INTO `mw_wechat_template` (`id`, `tempkey`, `name`, `content`, `tempid`, `create_time`, `update_time`, `status`, `is_del`, `type`) VALUES (14, 'recharge_success', '帐户资金变动提醒', '{{first.DATA}}\n变动类型：{{keyword1.DATA}}\n变动时间：{{keyword2.DATA}}\n变动金额：{{keyword3.DATA}}\n{{remark.DATA}}', 'ePF4RS3ONCEuS9AuPyqZ2Th_B-HZ6E1CIpnJRt7ACwI', '2020-06-25 18:54:35', '2020-07-06 15:51:54', 1, 0, NULL);
INSERT INTO `mw_wechat_template` (`id`, `tempkey`, `name`, `content`, `tempid`, `create_time`, `update_time`, `status`, `is_del`, `type`) VALUES (15, 'refund_success', '退款进度通知', '', 'jaDVkOdbbk01WcWSxp1_liEQen44-euhj7shxjDvLIc', '2020-07-06 15:53:10', NULL, 0, 0, NULL);

INSERT INTO `mw_wechat_reply` (`id`, `key`, `type`, `data`, `status`, `hide`) VALUES (1, 'subscribe', 'text', '{\"content\":\"欢迎关注\"}', 1, NULL);

INSERT INTO `mw_wechat_menu` (`key`, `result`, `add_time`) VALUES ('wechat_menus', '[{\"subButtons\":[{\"name\":\"京东领券\",\"type\":\"view\",\"url\":\"https://sufenbao.mailvor.cn/#/jdIndex\"},{\"name\":\"多多领券\",\"type\":\"view\",\"url\":\"https://sufenbao.mailvor.cn/#/pddIndex\"}],\"name\":\"商城\",\"type\":\"click\",\"key\":\"2222\",\"url\":\"https://work.weixin.qq.com/kfid/kfccb35048d17a49efd\"},{\"subButtons\":[],\"name\":\"搜券\",\"type\":\"view\",\"key\":\"supply\",\"url\":\"https://sufenbao.mailvor.cn/#/search\"},{\"subButtons\":[{\"name\":\"APP绑定\",\"type\":\"click\",\"url\":\"https://sufenbao.mailvor.cn/#/me\",\"key\":\"2222\"},{\"name\":\"APP下载\",\"type\":\"view\",\"key\":\"https://sufenbao.mailvor.cn/#/me\",\"url\":\"https://www.pgyer.com/sufenbao\"},{\"name\":\"在线客服\",\"type\":\"view\",\"url\":\"https://work.weixin.qq.com/kfid/kfccb35048d17a49efd\"},{\"name\":\"我的\",\"type\":\"view\",\"url\":\"https://sufenbao.mailvor.cn/#/me\"}],\"name\":\"我的\",\"type\":\"click\",\"key\":\"1111\",\"url\":\"\"}]', 1570435277);

INSERT INTO `mw_wechat_live_goods` (`goods_id`, `product_id`, `cover_imge_url`, `url`, `price_type`, `price`, `price2`, `name`, `third_party_tag`, `audit_id`, `audit_status`) VALUES (7, 6, 'https://image.mailvor.cn/news.png', 'pages/shop/GoodsCon/index.html?id=30', '3', '76', '11', '印刷各种印刷', '2', 447137937, 2);
INSERT INTO `mw_wechat_live_goods` (`goods_id`, `product_id`, `cover_imge_url`, `url`, `price_type`, `price`, `price2`, `name`, `third_party_tag`, `audit_id`, `audit_status`) VALUES (8, 5, 'https://image.mailvor.cn/pink.png', 'pages/shop/GoodsCon/index.html?id=30', '3', '30', '11', '广告版定制', '2', 447137941, 2);
INSERT INTO `mw_wechat_live_goods` (`goods_id`, `product_id`, `cover_imge_url`, `url`, `price_type`, `price`, `price2`, `name`, `third_party_tag`, `audit_id`, `audit_status`) VALUES (9, 4, 'https://image.mailvor.cn/news.png', 'pages/shop/GoodsCon/index.html?id=30', '3', '23', '1', '户外写真背胶', '2', 447137947, 2);

INSERT INTO `mw_wechat_live` (`room_id`, `name`, `cover_imge`, `share_imge`, `live_status`, `start_time`, `end_time`, `anchor_name`, `anchor_wechat`, `anchor_imge`, `type`, `screen_type`, `close_like`, `close_comment`, `close_goods`, `product_id`, `close_replay`, `close_share`, `close_kf`) VALUES (20, '专业打印', 'https://consoleapi.mailvor.com/file/pic/20200903171807584910.jpg', 'https://consoleapi.mailvor.com/file/pic/20200903171807584910.jpg', 107, 1599656400, 1599703200, '阳光正好', 'simpleton_boy', 'https://consoleapi.mailvor.com/file/pic/20200903171208889668.png', 0, 0, 0, 0, 0, NULL, NULL, NULL, NULL);
INSERT INTO `mw_wechat_live` (`room_id`, `name`, `cover_imge`, `share_imge`, `live_status`, `start_time`, `end_time`, `anchor_name`, `anchor_wechat`, `anchor_imge`, `type`, `screen_type`, `close_like`, `close_comment`, `close_goods`, `product_id`, `close_replay`, `close_share`, `close_kf`) VALUES (21, '广告板定制', 'https://consoleapi.mailvor.com/file/pic/20200903171807568739.jpg', 'https://consoleapi.mailvor.com/file/pic/20200903171807568739.jpg', 103, 1599730609, 1599730645, 'mshop', 'simpleton_boy', 'https://consoleapi.mailvor.com/file/pic/20200903171208889668.png', 0, 0, 0, 0, 0, NULL, NULL, NULL, NULL);
INSERT INTO `mw_wechat_live` (`room_id`, `name`, `cover_imge`, `share_imge`, `live_status`, `start_time`, `end_time`, `anchor_name`, `anchor_wechat`, `anchor_imge`, `type`, `screen_type`, `close_like`, `close_comment`, `close_goods`, `product_id`, `close_replay`, `close_share`, `close_kf`) VALUES (22, '户外写真背胶', 'https://consoleapi.mailvor.com/file/pic/20200903171807625149.jpg', 'https://consoleapi.mailvor.com/file/pic/20200903171807625149.jpg', 107, 1599832800, 1599904800, 'mshop', 'simpleton_boy', 'https://consoleapi.mailvor.com/file/pic/20200903171208889668.png', 0, 0, 0, 0, 0, NULL, NULL, NULL, NULL);
INSERT INTO `mw_wechat_live` (`room_id`, `name`, `cover_imge`, `share_imge`, `live_status`, `start_time`, `end_time`, `anchor_name`, `anchor_wechat`, `anchor_imge`, `type`, `screen_type`, `close_like`, `close_comment`, `close_goods`, `product_id`, `close_replay`, `close_share`, `close_kf`) VALUES (23, '彩色复印-量大有优惠', 'https://consoleapi.mailvor.com/file/pic/20200903171807647067.jpg', 'https://consoleapi.mailvor.com/file/pic/20200903171807647067.jpg', 102, 1599865200, 1599926400, 'mshop', 'zimengzhiqiu', 'https://consoleapi.mailvor.com/file/pic/20200903171807647067.jpg', 0, 0, 0, 0, 0, '9,8', NULL, NULL, NULL);
INSERT INTO `mw_wechat_live` (`room_id`, `name`, `cover_imge`, `share_imge`, `live_status`, `start_time`, `end_time`, `anchor_name`, `anchor_wechat`, `anchor_imge`, `type`, `screen_type`, `close_like`, `close_comment`, `close_goods`, `product_id`, `close_replay`, `close_share`, `close_kf`) VALUES (26, 'X型展架', 'https://image.mailvor.cn/5ca081af6183f.jpg', 'https://image.mailvor.cn/5ca081af6183f.jpg', 102, 1599872400, 1599926400, 'mshop', 'zimengzhiqiu', 'https://consoleapi.mailvor.com/file/pic/20200903171208889668.png', 0, 0, 0, 0, 0, '9,8,7', NULL, NULL, NULL);

INSERT INTO `mw_user_sign` (`int`, `uid`, `title`, `number`, `balance`, `create_time`, `update_time`, `is_del`) VALUES (17, 43, '签到奖励', 10, 10, '2020-09-12 17:41:55', NULL, 0);
INSERT INTO `mw_user_sign` (`int`, `uid`, `title`, `number`, `balance`, `create_time`, `update_time`, `is_del`) VALUES (18, 44, '签到奖励', 10, 0, '2020-09-13 22:21:57', NULL, 0);

INSERT INTO `mw_user_bank` (`id`, `uid`, `bank_no`, `bank_code`, `bank_name`, `phone`, `card_type`, `request_no`, `protocol_no`, `is_default`, `extract_default`, `sign`, `link_id`, `create_time`, `update_time`, `is_del`) VALUES (1, 6, '62258852xxxx6388', NULL, '招商银行', '134xxxxxxxx', 'DEBIT', NULL, NULL, 0, 0, 0, '4ea36a842a2e4xxxxxxb759ba314ccc7', '2023-09-13 23:32:27', '2023-10-20 23:28:11', 0);

INSERT INTO `mw_system_user_task` (`id`, `name`, `real_name`, `task_type`, `number`, `level_id`, `sort`, `is_show`, `is_must`, `illustrate`, `create_time`, `update_time`, `is_del`) VALUES (1, '满足积分20分', '积分数', 'SatisfactionIntegral', 20, 1, 0, 1, 1, '', '2020-06-25 18:54:35', '2020-06-25 18:54:35', 0);
INSERT INTO `mw_system_user_task` (`id`, `name`, `real_name`, `task_type`, `number`, `level_id`, `sort`, `is_show`, `is_must`, `illustrate`, `create_time`, `update_time`, `is_del`) VALUES (2, '消费满100元', '消费金额', 'ConsumptionAmount', 100, 1, 0, 1, 1, '', '2020-06-25 18:54:35', NULL, 0);
INSERT INTO `mw_system_user_task` (`id`, `name`, `real_name`, `task_type`, `number`, `level_id`, `sort`, `is_show`, `is_must`, `illustrate`, `create_time`, `update_time`, `is_del`) VALUES (3, '满足积分200分', '积分数', 'SatisfactionIntegral', 200, 2, 0, 1, 1, '', '2020-06-25 18:54:35', NULL, 0);
INSERT INTO `mw_system_user_task` (`id`, `name`, `real_name`, `task_type`, `number`, `level_id`, `sort`, `is_show`, `is_must`, `illustrate`, `create_time`, `update_time`, `is_del`) VALUES (4, '累计签到20天', '累计签到', 'CumulativeAttendance', 20, 2, 0, 1, 1, '', '2020-06-25 18:54:35', NULL, 0);
INSERT INTO `mw_system_user_task` (`id`, `name`, `real_name`, `task_type`, `number`, `level_id`, `sort`, `is_show`, `is_must`, `illustrate`, `create_time`, `update_time`, `is_del`) VALUES (5, '满足积分500分', '积分数', 'SatisfactionIntegral', 500, 3, 0, 1, 1, '', '2020-06-25 18:54:35', NULL, 0);
INSERT INTO `mw_system_user_task` (`id`, `name`, `real_name`, `task_type`, `number`, `level_id`, `sort`, `is_show`, `is_must`, `illustrate`, `create_time`, `update_time`, `is_del`) VALUES (6, '累计签到30天', '累计签到', 'CumulativeAttendance', 30, 3, 0, 1, 1, '', '2020-06-25 18:54:35', NULL, 0);
INSERT INTO `mw_system_user_task` (`id`, `name`, `real_name`, `task_type`, `number`, `level_id`, `sort`, `is_show`, `is_must`, `illustrate`, `create_time`, `update_time`, `is_del`) VALUES (7, '满足积分1000分', '积分数', 'SatisfactionIntegral', 1000, 4, 0, 1, 1, '', '2020-06-25 18:54:35', NULL, 0);
INSERT INTO `mw_system_user_task` (`id`, `name`, `real_name`, `task_type`, `number`, `level_id`, `sort`, `is_show`, `is_must`, `illustrate`, `create_time`, `update_time`, `is_del`) VALUES (8, '累计签到10天', '累计签到', 'CumulativeAttendance', 10, 4, 0, 1, 1, '', '2020-06-25 18:54:35', NULL, 0);
INSERT INTO `mw_system_user_task` (`id`, `name`, `real_name`, `task_type`, `number`, `level_id`, `sort`, `is_show`, `is_must`, `illustrate`, `create_time`, `update_time`, `is_del`) VALUES (9, '满足积分1200分', '积分数', 'SatisfactionIntegral', 1200, 5, 0, 1, 1, '', '2020-06-25 18:54:35', NULL, 0);
INSERT INTO `mw_system_user_task` (`id`, `name`, `real_name`, `task_type`, `number`, `level_id`, `sort`, `is_show`, `is_must`, `illustrate`, `create_time`, `update_time`, `is_del`) VALUES (10, '累计签到60天', '累计签到', 'CumulativeAttendance', 60, 5, 0, 1, 1, '', '2020-06-25 18:54:35', NULL, 0);
INSERT INTO `mw_system_user_task` (`id`, `name`, `real_name`, `task_type`, `number`, `level_id`, `sort`, `is_show`, `is_must`, `illustrate`, `create_time`, `update_time`, `is_del`) VALUES (11, '消费满10000元', '消费次数', 'ConsumptionAmount', 10000, 5, 0, 1, 1, '', '2020-06-25 18:54:35', NULL, 0);
INSERT INTO `mw_system_user_task` (`id`, `name`, `real_name`, `task_type`, `number`, `level_id`, `sort`, `is_show`, `is_must`, `illustrate`, `create_time`, `update_time`, `is_del`) VALUES (12, '满足积分2000分', '积分数', 'SatisfactionIntegral', 2000, 6, 0, 1, 1, '', '2020-06-25 18:54:35', NULL, 0);
INSERT INTO `mw_system_user_task` (`id`, `name`, `real_name`, `task_type`, `number`, `level_id`, `sort`, `is_show`, `is_must`, `illustrate`, `create_time`, `update_time`, `is_del`) VALUES (13, '消费满10000元', '消费次数', 'ConsumptionAmount', 10000, 6, 0, 1, 1, '', '2020-06-25 18:54:35', NULL, 0);
INSERT INTO `mw_system_user_task` (`id`, `name`, `real_name`, `task_type`, `number`, `level_id`, `sort`, `is_show`, `is_must`, `illustrate`, `create_time`, `update_time`, `is_del`) VALUES (14, '累计签到100天', '累计签到', 'CumulativeAttendance', 100, 6, 0, 1, 1, '', '2020-06-25 18:54:35', NULL, 0);
INSERT INTO `mw_system_user_task` (`id`, `name`, `real_name`, `task_type`, `number`, `level_id`, `sort`, `is_show`, `is_must`, `illustrate`, `create_time`, `update_time`, `is_del`) VALUES (15, '消费满1000元', '消费金额', 'ConsumptionAmount', 1000, 4, 0, 1, 1, '', '2020-06-25 18:54:35', NULL, 0);
INSERT INTO `mw_system_user_task` (`id`, `name`, `real_name`, `task_type`, `number`, `level_id`, `sort`, `is_show`, `is_must`, `illustrate`, `create_time`, `update_time`, `is_del`) VALUES (16, '累计签到2天', '累计签到', 'CumulativeAttendance', 2, 1, 0, 1, 1, '', '2020-06-25 18:54:35', NULL, 0);
INSERT INTO `mw_system_user_task` (`id`, `name`, `real_name`, `task_type`, `number`, `level_id`, `sort`, `is_show`, `is_must`, `illustrate`, `create_time`, `update_time`, `is_del`) VALUES (17, '消费满100元', '消费次数', 'ConsumptionAmount', 100, 2, 0, 1, 1, '', '2020-06-25 18:54:35', NULL, 0);
INSERT INTO `mw_system_user_task` (`id`, `name`, `real_name`, `task_type`, `number`, `level_id`, `sort`, `is_show`, `is_must`, `illustrate`, `create_time`, `update_time`, `is_del`) VALUES (18, '消费满1000元', '消费金额', 'ConsumptionAmount', 1000, 3, 0, 1, 1, '', '2020-06-25 18:54:35', NULL, 0);
INSERT INTO `mw_system_user_task` (`id`, `name`, `real_name`, `task_type`, `number`, `level_id`, `sort`, `is_show`, `is_must`, `illustrate`, `create_time`, `update_time`, `is_del`) VALUES (19, '粉丝数量满足1', '累计攒粉', 'Fans', 1, 1, 0, 1, 1, '', '2020-06-25 18:54:35', NULL, 0);
INSERT INTO `mw_system_user_task` (`id`, `name`, `real_name`, `task_type`, `number`, `level_id`, `sort`, `is_show`, `is_must`, `illustrate`, `create_time`, `update_time`, `is_del`) VALUES (20, '粉丝数量满足1', '累计攒粉', 'Fans', 1, 2, 0, 1, 1, '', '2020-06-25 18:54:35', NULL, 0);
INSERT INTO `mw_system_user_task` (`id`, `name`, `real_name`, `task_type`, `number`, `level_id`, `sort`, `is_show`, `is_must`, `illustrate`, `create_time`, `update_time`, `is_del`) VALUES (21, '粉丝数量满足1', '累计攒粉', 'Fans', 1, 3, 0, 1, 1, '', '2020-06-25 18:54:35', NULL, 0);
INSERT INTO `mw_system_user_task` (`id`, `name`, `real_name`, `task_type`, `number`, `level_id`, `sort`, `is_show`, `is_must`, `illustrate`, `create_time`, `update_time`, `is_del`) VALUES (22, '粉丝数量满足1', '累计攒粉', 'Fans', 1, 4, 0, 1, 1, '', '2020-06-25 18:54:35', NULL, 0);
INSERT INTO `mw_system_user_task` (`id`, `name`, `real_name`, `task_type`, `number`, `level_id`, `sort`, `is_show`, `is_must`, `illustrate`, `create_time`, `update_time`, `is_del`) VALUES (23, '粉丝数量满足1', '累计攒粉', 'Fans', 1, 5, 0, 1, 1, '', '2020-06-25 18:54:35', NULL, 0);
INSERT INTO `mw_system_user_task` (`id`, `name`, `real_name`, `task_type`, `number`, `level_id`, `sort`, `is_show`, `is_must`, `illustrate`, `create_time`, `update_time`, `is_del`) VALUES (24, '粉丝数量满足1', '累计攒粉', 'Fans', 1, 6, 0, 1, 1, '', '2020-06-25 18:54:35', NULL, 0);

INSERT INTO `mw_system_user_level` (`id`, `mer_id`, `name`, `money`, `valid_date`, `is_forever`, `is_pay`, `is_show`, `grade`, `discount`, `discount_one`, `discount_two`, `recharge_id`, `image`, `icon`, `explain`, `type`, `create_time`, `update_time`, `is_del`) VALUES (1, 0, '普通卡', 20.00, 0, 1, 0, 0, 1, 20.00, 10.00, 5.00, '0', 'https://oss.mailvor.cn/sfb/level/5c9ccca8cd632.jpg', 'https://oss.mailvor.cn/sfb/level/5c9ccca8bc1e0.png', '普通会员', 'tb', '2020-06-25 18:54:35', '2023-03-07 21:34:30', 1);
INSERT INTO `mw_system_user_level` (`id`, `mer_id`, `name`, `money`, `valid_date`, `is_forever`, `is_pay`, `is_show`, `grade`, `discount`, `discount_one`, `discount_two`, `recharge_id`, `image`, `icon`, `explain`, `type`, `create_time`, `update_time`, `is_del`) VALUES (2, 0, '白银卡', 0.00, 365, 0, 0, 1, 2, 45.00, 5.00, 2.00, '222', 'https://oss.mailvor.cn/sfb/level/5c9ccca904016.jpg', 'https://oss.mailvor.cn/sfb/level/5c9ccca8f0a30.png', '青铜会员', 'tb', '2020-06-25 18:54:35', '2023-02-21 20:13:00', 1);
INSERT INTO `mw_system_user_level` (`id`, `mer_id`, `name`, `money`, `valid_date`, `is_forever`, `is_pay`, `is_show`, `grade`, `discount`, `discount_one`, `discount_two`, `recharge_id`, `image`, `icon`, `explain`, `type`, `create_time`, `update_time`, `is_del`) VALUES (3, 0, '黄金卡', 0.00, 365, 0, 0, 0, 3, 70.00, 0.00, 0.00, '223', 'https://oss.mailvor.cn/sfb/level/5c9ccca8b27f1.jpg', 'https://oss.mailvor.cn/sfb/level/5c9ccca8e9365.png', '黄铜会员', 'tb', '2020-06-25 18:54:35', '2023-05-19 19:27:05', 0);
INSERT INTO `mw_system_user_level` (`id`, `mer_id`, `name`, `money`, `valid_date`, `is_forever`, `is_pay`, `is_show`, `grade`, `discount`, `discount_one`, `discount_two`, `recharge_id`, `image`, `icon`, `explain`, `type`, `create_time`, `update_time`, `is_del`) VALUES (4, 0, '钻石卡', 0.00, 365, 0, 0, 1, 4, 75.00, 15.00, 8.00, '227', 'https://oss.mailvor.cn/sfb/level/5c9ccca8d6ae1.jpg', 'https://oss.mailvor.cn/sfb/level/5c9ccca8a27f0.png', '白银会员', 'tb', '2020-06-25 18:54:35', '2023-02-21 20:12:57', 1);
INSERT INTO `mw_system_user_level` (`id`, `mer_id`, `name`, `money`, `valid_date`, `is_forever`, `is_pay`, `is_show`, `grade`, `discount`, `discount_one`, `discount_two`, `recharge_id`, `image`, `icon`, `explain`, `type`, `create_time`, `update_time`, `is_del`) VALUES (5, 0, 'VIP', 0.00, 365, 0, 0, 1, 5, 70.00, 20.00, 10.00, '230', 'https://oss.mailvor.cn/sfb/level/5c9ccca8b27f1.jpg', 'https://oss.mailvor.cn/sfb/level/5c9ccca8aa5b9.png', '黄金会员', 'tb', '2020-06-25 18:54:35', '2023-06-11 10:31:53', 0);
INSERT INTO `mw_system_user_level` (`id`, `mer_id`, `name`, `money`, `valid_date`, `is_forever`, `is_pay`, `is_show`, `grade`, `discount`, `discount_one`, `discount_two`, `recharge_id`, `image`, `icon`, `explain`, `type`, `create_time`, `update_time`, `is_del`) VALUES (6, 0, '钻石会员', 0.00, 0, 1, 0, 1, 6, 88.00, 0.00, 0.00, '229', 'http://localhost:8000/file/pic/钻石-20200328094531898.jpg', 'https://oss.mailvor.cn/sfb/level/5c9ccca90d2d3.png', '钻石会员', 'tb', '2020-06-25 18:54:35', NULL, 1);
INSERT INTO `mw_system_user_level` (`id`, `mer_id`, `name`, `money`, `valid_date`, `is_forever`, `is_pay`, `is_show`, `grade`, `discount`, `discount_one`, `discount_two`, `recharge_id`, `image`, `icon`, `explain`, `type`, `create_time`, `update_time`, `is_del`) VALUES (11, 0, '普通卡', 0.00, 0, 1, 0, 0, 1, 20.00, 10.00, 5.00, '0', '', '', '', 'jd', '2023-01-20 20:30:11', '2023-03-07 21:34:25', 1);
INSERT INTO `mw_system_user_level` (`id`, `mer_id`, `name`, `money`, `valid_date`, `is_forever`, `is_pay`, `is_show`, `grade`, `discount`, `discount_one`, `discount_two`, `recharge_id`, `image`, `icon`, `explain`, `type`, `create_time`, `update_time`, `is_del`) VALUES (12, 0, '白银卡', 0.00, 365, 0, 0, 0, 2, 45.00, 5.00, 2.00, '222', '', '', '', 'jd', '2023-01-20 20:35:44', '2023-02-21 20:11:14', 1);
INSERT INTO `mw_system_user_level` (`id`, `mer_id`, `name`, `money`, `valid_date`, `is_forever`, `is_pay`, `is_show`, `grade`, `discount`, `discount_one`, `discount_two`, `recharge_id`, `image`, `icon`, `explain`, `type`, `create_time`, `update_time`, `is_del`) VALUES (13, 0, '黄金卡', 0.00, 365, 0, 0, 0, 3, 70.00, 0.00, 0.00, '223', 'https://oss.mailvor.cn/sfb/level/5c9ccca8b27f1.jpg', 'https://oss.mailvor.cn/sfb/level/5c9ccca8e9365.png', '黄铜会员', 'jd', '2020-06-25 18:54:35', '2023-04-22 15:37:33', 0);
INSERT INTO `mw_system_user_level` (`id`, `mer_id`, `name`, `money`, `valid_date`, `is_forever`, `is_pay`, `is_show`, `grade`, `discount`, `discount_one`, `discount_two`, `recharge_id`, `image`, `icon`, `explain`, `type`, `create_time`, `update_time`, `is_del`) VALUES (14, 0, '钻石卡', 0.00, 365, 0, 0, 0, 4, 75.00, 15.00, 8.00, '227', 'https://oss.mailvor.cn/sfb/level/5c9ccca8d6ae1.jpg', 'https://oss.mailvor.cn/sfb/level/5c9ccca8a27f0.png', '白银会员', 'jd', '2020-06-25 18:54:35', '2023-02-21 20:11:09', 1);
INSERT INTO `mw_system_user_level` (`id`, `mer_id`, `name`, `money`, `valid_date`, `is_forever`, `is_pay`, `is_show`, `grade`, `discount`, `discount_one`, `discount_two`, `recharge_id`, `image`, `icon`, `explain`, `type`, `create_time`, `update_time`, `is_del`) VALUES (15, 0, 'VIP', 0.00, 280, 0, 0, 1, 5, 70.00, 20.00, 10.00, '233', 'https://oss.mailvor.cn/sfb/level/5c9ccca8b27f1.jpg', 'https://oss.mailvor.cn/sfb/level/5c9ccca8aa5b9.png', '黄金会员', 'jd', '2020-06-25 18:54:35', '2023-06-12 23:08:05', 0);
INSERT INTO `mw_system_user_level` (`id`, `mer_id`, `name`, `money`, `valid_date`, `is_forever`, `is_pay`, `is_show`, `grade`, `discount`, `discount_one`, `discount_two`, `recharge_id`, `image`, `icon`, `explain`, `type`, `create_time`, `update_time`, `is_del`) VALUES (16, 0, '普通卡', 0.00, 0, 1, 0, 0, 1, 20.00, 10.00, 5.00, '0', '', '', '', 'pdd', '2023-01-20 20:30:11', '2023-03-07 21:34:22', 1);
INSERT INTO `mw_system_user_level` (`id`, `mer_id`, `name`, `money`, `valid_date`, `is_forever`, `is_pay`, `is_show`, `grade`, `discount`, `discount_one`, `discount_two`, `recharge_id`, `image`, `icon`, `explain`, `type`, `create_time`, `update_time`, `is_del`) VALUES (17, 0, '白银卡', 0.00, 365, 0, 0, 0, 2, 45.00, 5.00, 2.00, '222', '', '', '', 'pdd', '2023-01-20 20:35:44', '2023-02-21 20:11:01', 1);
INSERT INTO `mw_system_user_level` (`id`, `mer_id`, `name`, `money`, `valid_date`, `is_forever`, `is_pay`, `is_show`, `grade`, `discount`, `discount_one`, `discount_two`, `recharge_id`, `image`, `icon`, `explain`, `type`, `create_time`, `update_time`, `is_del`) VALUES (18, 0, '黄金卡', 0.00, 365, 0, 0, 0, 3, 70.00, 0.00, 0.00, '223', 'https://oss.mailvor.cn/sfb/level/5c9ccca8b27f1.jpg', 'https://oss.mailvor.cn/sfb/level/5c9ccca8e9365.png', '黄铜会员', 'pdd', '2020-06-25 18:54:35', '2023-04-22 15:37:17', 0);
INSERT INTO `mw_system_user_level` (`id`, `mer_id`, `name`, `money`, `valid_date`, `is_forever`, `is_pay`, `is_show`, `grade`, `discount`, `discount_one`, `discount_two`, `recharge_id`, `image`, `icon`, `explain`, `type`, `create_time`, `update_time`, `is_del`) VALUES (19, 0, '钻石卡', 0.00, 365, 0, 0, 0, 4, 75.00, 15.00, 8.00, '227', 'https://oss.mailvor.cn/sfb/level/5c9ccca8d6ae1.jpg', 'https://oss.mailvor.cn/sfb/level/5c9ccca8a27f0.png', '白银会员', 'pdd', '2020-06-25 18:54:35', '2023-02-21 20:10:58', 1);
INSERT INTO `mw_system_user_level` (`id`, `mer_id`, `name`, `money`, `valid_date`, `is_forever`, `is_pay`, `is_show`, `grade`, `discount`, `discount_one`, `discount_two`, `recharge_id`, `image`, `icon`, `explain`, `type`, `create_time`, `update_time`, `is_del`) VALUES (20, 0, 'VIP', 0.00, 365, 1, 0, 1, 5, 70.00, 20.00, 10.00, '231', 'https://oss.mailvor.cn/sfb/level/5c9ccca8b27f1.jpg', 'https://oss.mailvor.cn/sfb/level/5c9ccca8aa5b9.png', '黄金会员', 'pdd', '2020-06-25 18:54:35', '2023-06-12 23:08:34', 0);
INSERT INTO `mw_system_user_level` (`id`, `mer_id`, `name`, `money`, `valid_date`, `is_forever`, `is_pay`, `is_show`, `grade`, `discount`, `discount_one`, `discount_two`, `recharge_id`, `image`, `icon`, `explain`, `type`, `create_time`, `update_time`, `is_del`) VALUES (21, 0, '普通卡', 0.00, 0, 1, 0, 0, 1, 20.00, 10.00, 5.00, '0', '', '', '', 'dy', '2023-01-20 20:30:11', '2023-03-07 21:34:18', 1);
INSERT INTO `mw_system_user_level` (`id`, `mer_id`, `name`, `money`, `valid_date`, `is_forever`, `is_pay`, `is_show`, `grade`, `discount`, `discount_one`, `discount_two`, `recharge_id`, `image`, `icon`, `explain`, `type`, `create_time`, `update_time`, `is_del`) VALUES (22, 0, '白银卡', 0.00, 365, 0, 0, 0, 2, 45.00, 5.00, 2.00, '222', '', '', '', 'dy', '2023-01-20 20:35:44', '2023-02-21 20:10:53', 1);
INSERT INTO `mw_system_user_level` (`id`, `mer_id`, `name`, `money`, `valid_date`, `is_forever`, `is_pay`, `is_show`, `grade`, `discount`, `discount_one`, `discount_two`, `recharge_id`, `image`, `icon`, `explain`, `type`, `create_time`, `update_time`, `is_del`) VALUES (23, 0, '黄金卡', 0.00, 365, 0, 0, 0, 3, 70.00, 0.00, 0.00, '223', 'https://oss.mailvor.cn/sfb/level/5c9ccca8b27f1.jpg', 'https://oss.mailvor.cn/sfb/level/5c9ccca8e9365.png', '黄铜会员', 'dy', '2020-06-25 18:54:35', '2023-04-22 15:37:04', 0);
INSERT INTO `mw_system_user_level` (`id`, `mer_id`, `name`, `money`, `valid_date`, `is_forever`, `is_pay`, `is_show`, `grade`, `discount`, `discount_one`, `discount_two`, `recharge_id`, `image`, `icon`, `explain`, `type`, `create_time`, `update_time`, `is_del`) VALUES (24, 0, '钻石卡', 0.00, 365, 0, 0, 0, 4, 75.00, 15.00, 8.00, '227', 'https://oss.mailvor.cn/sfb/level/5c9ccca8d6ae1.jpg', 'https://oss.mailvor.cn/sfb/level/5c9ccca8a27f0.png', '白银会员', 'dy', '2020-06-25 18:54:35', '2023-02-21 20:10:50', 1);
INSERT INTO `mw_system_user_level` (`id`, `mer_id`, `name`, `money`, `valid_date`, `is_forever`, `is_pay`, `is_show`, `grade`, `discount`, `discount_one`, `discount_two`, `recharge_id`, `image`, `icon`, `explain`, `type`, `create_time`, `update_time`, `is_del`) VALUES (25, 0, 'VIP', 0.00, 365, 0, 0, 1, 5, 70.00, 20.00, 10.00, '232', 'https://oss.mailvor.cn/sfb/level/5c9ccca8b27f1.jpg', 'https://oss.mailvor.cn/sfb/level/5c9ccca8aa5b9.png', '黄金会员', 'dy', '2020-06-25 18:54:35', '2023-06-12 23:08:39', 0);
INSERT INTO `mw_system_user_level` (`id`, `mer_id`, `name`, `money`, `valid_date`, `is_forever`, `is_pay`, `is_show`, `grade`, `discount`, `discount_one`, `discount_two`, `recharge_id`, `image`, `icon`, `explain`, `type`, `create_time`, `update_time`, `is_del`) VALUES (26, 0, '普通卡', 0.00, 0, 1, 0, 0, 1, 20.00, 10.00, 5.00, '0', '', '', '', 'vip', '2023-01-20 20:30:11', '2023-03-07 21:34:13', 1);
INSERT INTO `mw_system_user_level` (`id`, `mer_id`, `name`, `money`, `valid_date`, `is_forever`, `is_pay`, `is_show`, `grade`, `discount`, `discount_one`, `discount_two`, `recharge_id`, `image`, `icon`, `explain`, `type`, `create_time`, `update_time`, `is_del`) VALUES (27, 0, '白银卡', 0.00, 365, 0, 0, 0, 2, 45.00, 5.00, 2.00, '222', '', '', '', 'vip', '2023-01-20 20:35:44', '2023-02-21 20:10:45', 1);
INSERT INTO `mw_system_user_level` (`id`, `mer_id`, `name`, `money`, `valid_date`, `is_forever`, `is_pay`, `is_show`, `grade`, `discount`, `discount_one`, `discount_two`, `recharge_id`, `image`, `icon`, `explain`, `type`, `create_time`, `update_time`, `is_del`) VALUES (28, 0, '黄金卡', 0.00, 365, 0, 0, 0, 3, 70.00, 0.00, 0.00, '223', 'https://oss.mailvor.cn/sfb/level/5c9ccca8b27f1.jpg', 'https://oss.mailvor.cn/sfb/level/5c9ccca8e9365.png', '黄铜会员', 'vip', '2020-06-25 18:54:35', '2023-04-22 15:36:53', 0);
INSERT INTO `mw_system_user_level` (`id`, `mer_id`, `name`, `money`, `valid_date`, `is_forever`, `is_pay`, `is_show`, `grade`, `discount`, `discount_one`, `discount_two`, `recharge_id`, `image`, `icon`, `explain`, `type`, `create_time`, `update_time`, `is_del`) VALUES (29, 0, '钻石卡', 0.00, 365, 0, 0, 0, 4, 75.00, 15.00, 8.00, '227', 'https://oss.mailvor.cn/sfb/level/5c9ccca8d6ae1.jpg', 'https://oss.mailvor.cn/sfb/level/5c9ccca8a27f0.png', '白银会员', 'vip', '2020-06-25 18:54:35', '2023-02-21 20:10:42', 1);
INSERT INTO `mw_system_user_level` (`id`, `mer_id`, `name`, `money`, `valid_date`, `is_forever`, `is_pay`, `is_show`, `grade`, `discount`, `discount_one`, `discount_two`, `recharge_id`, `image`, `icon`, `explain`, `type`, `create_time`, `update_time`, `is_del`) VALUES (30, 0, 'VIP', 0.00, 365, 0, 0, 1, 5, 70.00, 20.00, 10.00, '234', 'https://oss.mailvor.cn/sfb/level/5c9ccca8b27f1.jpg', 'https://oss.mailvor.cn/sfb/level/5c9ccca8aa5b9.png', '星耀会员', 'vip', '2020-06-25 18:54:35', '2023-06-12 23:08:44', 0);
INSERT INTO `mw_system_user_level` (`id`, `mer_id`, `name`, `money`, `valid_date`, `is_forever`, `is_pay`, `is_show`, `grade`, `discount`, `discount_one`, `discount_two`, `recharge_id`, `image`, `icon`, `explain`, `type`, `create_time`, `update_time`, `is_del`) VALUES (31, 0, '星选月会员', 0.00, 31, 0, 0, 1, 5, 70.00, 20.00, 10.00, '235', '', '', '', 'ge', '2024-01-22 15:59:18', NULL, 0);

INSERT INTO `mw_system_store_staff` (`id`, `uid`, `nickname`, `avatar`, `store_id`, `store_name`, `staff_name`, `phone`, `verify_status`, `status`, `create_time`, `update_time`, `is_del`) VALUES (2, 12, '会敲代码的喵2', 'https://image.mailvor.cn/5dc2c7f3a104c.png', 4, '信阳门店', 'tttt', '15136175423', 1, 1, '2020-06-25 18:54:35', NULL, 1);
INSERT INTO `mw_system_store_staff` (`id`, `uid`, `nickname`, `avatar`, `store_id`, `store_name`, `staff_name`, `phone`, `verify_status`, `status`, `create_time`, `update_time`, `is_del`) VALUES (3, 11, '会敲代码的喵88', 'https://image.mailvor.cn/5dc2c7f3a104c.png', 5, '郑州门店', 'tttt', '16136175234', 1, 1, '2020-06-25 18:54:35', NULL, 1);
INSERT INTO `mw_system_store_staff` (`id`, `uid`, `nickname`, `avatar`, `store_id`, `store_name`, `staff_name`, `phone`, `verify_status`, `status`, `create_time`, `update_time`, `is_del`) VALUES (4, 19, '会敲代码的喵77', 'https://image.mailvor.cn/5dc2c7f3a104c.png', 5, '郑州门店', '111', '15136175246', 1, 1, '2020-06-25 18:54:35', NULL, 0);
INSERT INTO `mw_system_store_staff` (`id`, `uid`, `nickname`, `avatar`, `store_id`, `store_name`, `staff_name`, `phone`, `verify_status`, `status`, `create_time`, `update_time`, `is_del`) VALUES (5, 20, '会敲代码的喵66', 'https://image.mailvor.cn/5e79f6cfd33b6.png', 4, '信阳门店', '444', '44444', 1, 1, NULL, '2020-06-26 10:56:09', 0);
INSERT INTO `mw_system_store_staff` (`id`, `uid`, `nickname`, `avatar`, `store_id`, `store_name`, `staff_name`, `phone`, `verify_status`, `status`, `create_time`, `update_time`, `is_del`) VALUES (6, 21, '会敲代码的喵55', 'https://image.mailvor.cn/5e79f6cfd33b6.png', 4, '信阳门店', '5555', '555555', 1, 1, '2020-06-26 10:53:46', NULL, 0);

INSERT INTO `mw_system_store` (`id`, `name`, `introduction`, `phone`, `address`, `detailed_address`, `image`, `latitude`, `longitude`, `valid_time`, `day_time`, `create_time`, `update_time`, `is_show`, `is_del`, `day_time_end`, `day_time_start`, `valid_time_end`, `valid_time_start`) VALUES (3, 'mshop店铺', 'springboot商城', '15136100000', '河南省漯河市', '', 'https://image.mailvor.cn/noMeal_tt.png', '33.54528', '113.9202', '2020-03-09 - 2020-04-30', '11:33:49 - 19:33:49', '2020-06-25 18:54:35', NULL, 0, 0, '2020-03-04 19:33:49', '2020-03-04 11:33:49', '2020-04-30 00:00:00', '2020-03-09 00:00:00');
INSERT INTO `mw_system_store` (`id`, `name`, `introduction`, `phone`, `address`, `detailed_address`, `image`, `latitude`, `longitude`, `valid_time`, `day_time`, `create_time`, `update_time`, `is_show`, `is_del`, `day_time_end`, `day_time_start`, `valid_time_end`, `valid_time_start`) VALUES (4, '信阳门店', '信阳门店', '15136200000', '河南省信阳市', '', 'https://image.mailvor.cn/noMeal_tt.png', '32.11683', '114.05857', '2020-03-21 - 2020-03-31', '17:11:13 - 20:11:13', '2020-06-25 18:54:35', NULL, 1, 0, '2020-03-21 20:11:13', '2020-03-21 17:11:13', '2020-03-31 00:00:00', '2020-03-21 00:00:00');
INSERT INTO `mw_system_store` (`id`, `name`, `introduction`, `phone`, `address`, `detailed_address`, `image`, `latitude`, `longitude`, `valid_time`, `day_time`, `create_time`, `update_time`, `is_show`, `is_del`, `day_time_end`, `day_time_start`, `valid_time_end`, `valid_time_start`) VALUES (5, '郑州门店', '郑州门店', '15136100000', '河南省郑州', '', 'https://image.mailvor.cn/noMeal_tt.png', '34.72468', '113.6401', '2020-03-21 - 2020-03-31', '17:11:13 - 20:11:15', '2020-06-25 18:54:35', '2020-06-26 10:51:21', 1, 1, '2020-03-21 20:11:15', '2020-03-21 17:11:13', '2020-03-31 00:00:00', '2020-03-21 00:00:00');

INSERT INTO `mw_system_group_data` (`id`, `group_name`, `value`, `create_time`, `update_time`, `sort`, `status`, `is_del`) VALUES (177, 'mshop_home_banner', '{\"imageArr\":[\"https://image.mailvor.cn/5c9f05aee5059.jpg\"],\"name\":\"banner2\",\"id\":177,\"pic\":\"https://image.mailvor.cn/5c9f05aee5059.jpg\",\"sort\":1,\"url\":\"wwww\",\"status\":0}', '2020-06-25 18:54:35', '2020-09-15 07:54:44', 1, 0, 0);
INSERT INTO `mw_system_group_data` (`id`, `group_name`, `value`, `create_time`, `update_time`, `sort`, `status`, `is_del`) VALUES (180, 'mshop_home_menus', '{\"imageArr\":[\"https://image.mailvor.cn/all.png\"],\"uniapp_url\":\"/pages/shop/GoodsList/index\",\"name\":\"全部商品\",\"id\":180,\"pic\":\"https://image.mailvor.cn/all.png\",\"sort\":9,\"url\":\"/goods_list\",\"wxapp_url\":\"/pages/shop/GoodsClass/main\",\"status\":1}', '2020-06-25 18:54:35', NULL, 9, 1, 0);
INSERT INTO `mw_system_group_data` (`id`, `group_name`, `value`, `create_time`, `update_time`, `sort`, `status`, `is_del`) VALUES (182, 'mshop_home_roll_news', '{\"uniapp_url\":\"/pages/shop/news/NewsList/index\",\"id\":182,\"pic\":\"https://i.loli.net/2019/10/18/DqOUgNf7wjuFpPT.png\",\"sort\":2,\"title\":\"分销、拼团、商户功能上线啦！\",\"url\":\"/news_list\",\"info\":\"mshop\",\"wxapp_url\":\"/pages/shop/news/NewsList/main\",\"status\":1}', '2020-06-25 18:54:35', '2020-06-27 15:47:38', 2, 1, 0);
INSERT INTO `mw_system_group_data` (`id`, `group_name`, `value`, `create_time`, `update_time`, `sort`, `status`, `is_del`) VALUES (183, 'mshop_hot_search', '{\"id\":183,\"title\":\"照片\"}', '2020-06-25 18:54:35', NULL, 0, 1, 0);
INSERT INTO `mw_system_group_data` (`id`, `group_name`, `value`, `create_time`, `update_time`, `sort`, `status`, `is_del`) VALUES (184, 'mshop_hot_search', '{\"id\":184,\"title\":\"springboot\"}', '2020-06-25 18:54:35', NULL, 0, 1, 0);
INSERT INTO `mw_system_group_data` (`id`, `group_name`, `value`, `create_time`, `update_time`, `sort`, `status`, `is_del`) VALUES (187, 'mshop_home_roll_news', '{\"uniapp_url\":\"/pages/shop/news/NewsList/index\",\"id\":187,\"sort\":1,\"url\":\"/news_list\",\"info\":\"mshop基于springboot2+Mybatisplus+jwt商城系统\",\"wxapp_url\":\"/pages/shop/news/NewsList/main\",\"status\":1}', '2020-06-25 18:54:35', '2020-06-27 15:47:22', 4, 1, 0);
INSERT INTO `mw_system_group_data` (`id`, `group_name`, `value`, `create_time`, `update_time`, `sort`, `status`, `is_del`) VALUES (188, 'mshop_hot_search', '{\"id\":188,\"title\":\"打印\"}', '2020-06-25 18:54:35', NULL, 0, 1, 0);
INSERT INTO `mw_system_group_data` (`id`, `group_name`, `value`, `create_time`, `update_time`, `sort`, `status`, `is_del`) VALUES (189, 'mshop_my_menus', '{\"imageArr\":[\"https://image.mailvor.cn/5dec896eeb25a.png\"],\"uniapp_url\":\"/pages/user/UserVip/index\",\"name\":\"会员中心\",\"id\":189,\"pic\":\"https://image.mailvor.cn/5dec896eeb25a.png\",\"sort\":9,\"url\":\"/user/vip\",\"wxapp_url\":\"/pages/user/UserVip/main\",\"status\":1}', '2020-06-25 18:54:35', NULL, 9, 1, 0);
INSERT INTO `mw_system_group_data` (`id`, `group_name`, `value`, `create_time`, `update_time`, `sort`, `status`, `is_del`) VALUES (190, 'mshop_my_menus', '{\"imageArr\":[\"https://image.mailvor.cn/5db428984d64d.png\"],\"uniapp_url\":\"/pages/user/coupon/UserCoupon/index\",\"name\":\"优惠券\",\"id\":190,\"pic\":\"https://image.mailvor.cn/5db428984d64d.png\",\"sort\":8,\"url\":\"/user/get_coupon\",\"wxapp_url\":\"/pages/user/coupon/UserCoupon/main\",\"status\":1}', '2020-06-25 18:54:35', NULL, 8, 1, 0);
INSERT INTO `mw_system_group_data` (`id`, `group_name`, `value`, `create_time`, `update_time`, `sort`, `status`, `is_del`) VALUES (191, 'mshop_my_menus', '{\"imageArr\":[\"https://image.mailvor.cn/5db428a8d3ab0.png\"],\"uniapp_url\":\"/pages/shop/GoodsCollection/index\",\"name\":\"收藏商品\",\"id\":191,\"pic\":\"https://image.mailvor.cn/5db428a8d3ab0.png\",\"sort\":7,\"url\":\"/collection\",\"wxapp_url\":\"/pages/shop/GoodsCollection/main\",\"status\":1}', '2020-06-25 18:54:35', NULL, 7, 1, 0);
INSERT INTO `mw_system_group_data` (`id`, `group_name`, `value`, `create_time`, `update_time`, `sort`, `status`, `is_del`) VALUES (192, 'mshop_my_menus', '{\"imageArr\":[\"https://image.mailvor.cn/5db428bd61b73.png\"],\"uniapp_url\":\"/pages/user/address/AddressManagement/index\",\"name\":\"地址管理\",\"id\":192,\"pic\":\"https://image.mailvor.cn/5db428bd61b73.png\",\"sort\":6,\"url\":\"/user/add_manage\",\"wxapp_url\":\"/pages/user/address/AddressManagement/main\",\"status\":1}', '2020-06-25 18:54:35', NULL, 6, 1, 0);
INSERT INTO `mw_system_group_data` (`id`, `group_name`, `value`, `create_time`, `update_time`, `sort`, `status`, `is_del`) VALUES (193, 'mshop_my_menus', '{\"imageArr\":[\"https://image.mailvor.cn/5db428e28dd48.png\"],\"uniapp_url\":\"/pages/user/promotion/UserPromotion/index\",\"name\":\"我的推广\",\"id\":193,\"pic\":\"https://image.mailvor.cn/5db428e28dd48.png\",\"sort\":5,\"url\":\"/user/user_promotion\",\"wxapp_url\":\"/pages/user/promotion/UserPromotion/main\",\"status\":1}', '2020-06-25 18:54:35', NULL, 5, 1, 0);
INSERT INTO `mw_system_group_data` (`id`, `group_name`, `value`, `create_time`, `update_time`, `sort`, `status`, `is_del`) VALUES (194, 'mshop_my_menus', '{\"imageArr\":[\"https://image.mailvor.cn/5db42a4208c55.png\"],\"uniapp_url\":\"/pages/user/UserAccount/index\",\"name\":\"我的余额\",\"id\":194,\"pic\":\"https://image.mailvor.cn/5db42a4208c55.png\",\"sort\":4,\"url\":\"/user/account\",\"wxapp_url\":\"/pages/user/UserAccount/main\",\"status\":1}', '2020-06-25 18:54:35', NULL, 4, 1, 0);
INSERT INTO `mw_system_group_data` (`id`, `group_name`, `value`, `create_time`, `update_time`, `sort`, `status`, `is_del`) VALUES (195, 'mshop_my_menus', '{\"imageArr\":[\"https://image.mailvor.cn/5db428f410462.png\"],\"uniapp_url\":\"/pages/user/signIn/Integral/index\",\"name\":\"我的积分\",\"id\":195,\"pic\":\"https://image.mailvor.cn/5db428f410462.png\",\"sort\":3,\"url\":\"/user/integral\",\"wxapp_url\":\"/pages/user/signIn/Integral/main\",\"status\":1}', '2020-06-25 18:54:35', NULL, 3, 1, 0);
INSERT INTO `mw_system_group_data` (`id`, `group_name`, `value`, `create_time`, `update_time`, `sort`, `status`, `is_del`) VALUES (196, 'mshop_home_menus', '{\"imageArr\":[\"https://image.mailvor.cn/xw.png\"],\"uniapp_url\":\"/pages/shop/news/NewsList/index\",\"name\":\"图文资讯\",\"id\":196,\"pic\":\"https://image.mailvor.cn/xw.png\",\"sort\":8,\"url\":\"/news_list\",\"wxapp_url\":\"/pages/shop/news/NewsList/main\",\"status\":1}', '2020-06-25 18:54:35', '2020-06-26 18:26:24', 8, 1, 0);
INSERT INTO `mw_system_group_data` (`id`, `group_name`, `value`, `create_time`, `update_time`, `sort`, `status`, `is_del`) VALUES (197, 'mshop_home_menus', '{\"imageArr\":[\"https://image.mailvor.cn/colle.png\"],\"uniapp_url\":\"/pages/shop/GoodsCollection/index\",\"name\":\"我的收藏\",\"id\":197,\"pic\":\"https://image.mailvor.cn/colle.png\",\"sort\":7,\"url\":\"/collection\",\"wxapp_url\":\"/pages/shop/GoodsCollection/main\",\"status\":1}', '2020-06-25 18:54:35', NULL, 7, 1, 0);
INSERT INTO `mw_system_group_data` (`id`, `group_name`, `value`, `create_time`, `update_time`, `sort`, `status`, `is_del`) VALUES (199, 'mshop_home_menus', '{\"imageArr\":[\"https://image.mailvor.cn/cou.png\"],\"uniapp_url\":\"/pages/user/coupon/GetCoupon/index\",\"name\":\"优惠券\",\"id\":199,\"pic\":\"https://image.mailvor.cn/cou.png\",\"sort\":6,\"url\":\"/user/get_coupon\",\"wxapp_url\":\"/pages/user/coupon/GetCoupon/main\",\"status\":1}', '2020-06-25 18:54:35', '2020-06-26 18:26:36', 6, 1, 0);
INSERT INTO `mw_system_group_data` (`id`, `group_name`, `value`, `create_time`, `update_time`, `sort`, `status`, `is_del`) VALUES (200, 'mshop_home_menus', '{\"imageArr\":[\"https://image.mailvor.cn/62ac09d2914d36c65b9b59d2147d809a.png\"],\"uniapp_url\":\"/pages/activity/GoodsGroup/index\",\"name\":\"拼团专区\",\"id\":200,\"pic\":\"https://image.mailvor.cn/62ac09d2914d36c65b9b59d2147d809a.png\",\"sort\":5,\"url\":\"/activity/group\",\"wxapp_url\":\"/pages/activity/GoodsGroup/main\",\"status\":1}', '2020-06-25 18:54:35', '2020-06-26 18:26:45', 5, 1, 0);
INSERT INTO `mw_system_group_data` (`id`, `group_name`, `value`, `create_time`, `update_time`, `sort`, `status`, `is_del`) VALUES (201, 'mshop_my_menus', '{\"imageArr\":[\"https://image.mailvor.cn/5ddb7a37d58d9.png\"],\"uniapp_url\":\"/pages/orderAdmin/OrderIndex/index\",\"name\":\"商户管理\",\"id\":201,\"pic\":\"https://image.mailvor.cn/5ddb7a37d58d9.png\",\"sort\":2,\"url\":\"/customer/index\",\"wxapp_url\":\"/pages/orderAdmin/OrderIndex/main\",\"status\":1}', '2020-06-25 18:54:35', NULL, 2, 1, 0);
INSERT INTO `mw_system_group_data` (`id`, `group_name`, `value`, `create_time`, `update_time`, `sort`, `status`, `is_del`) VALUES (202, 'mshop_sign_day_num', '{\"sign_num\":\"10\",\"id\":205,\"day\":\"第一天\"}', '2020-06-25 18:54:35', NULL, 9, 1, 0);
INSERT INTO `mw_system_group_data` (`id`, `group_name`, `value`, `create_time`, `update_time`, `sort`, `status`, `is_del`) VALUES (203, 'mshop_sign_day_num', '{\"sign_num\":\"20\",\"id\":\"\",\"day\":\"第二天\"}', '2020-06-25 18:54:35', NULL, 8, 1, 0);
INSERT INTO `mw_system_group_data` (`id`, `group_name`, `value`, `create_time`, `update_time`, `sort`, `status`, `is_del`) VALUES (204, 'mshop_sign_day_num', '{\"sign_num\":\"30\",\"id\":\"\",\"day\":\"第三天\"}', '2020-06-25 18:54:35', NULL, 7, 1, 0);
INSERT INTO `mw_system_group_data` (`id`, `group_name`, `value`, `create_time`, `update_time`, `sort`, `status`, `is_del`) VALUES (205, 'mshop_sign_day_num', '{\"addTime\":\"\",\"sign_num\":\"40\",\"id\":\"\",\"sort\":\"\",\"value\":\"\",\"day\":\"第四天\",\"status\":\"\"}', '2020-06-25 18:54:35', NULL, 6, 1, 0);
INSERT INTO `mw_system_group_data` (`id`, `group_name`, `value`, `create_time`, `update_time`, `sort`, `status`, `is_del`) VALUES (206, 'mshop_sign_day_num', '{\"addTime\":\"\",\"sign_num\":\"50\",\"id\":\"\",\"sort\":\"\",\"value\":\"\",\"day\":\"第五天\",\"status\":\"\"}', '2020-06-25 18:54:35', NULL, 5, 1, 0);
INSERT INTO `mw_system_group_data` (`id`, `group_name`, `value`, `create_time`, `update_time`, `sort`, `status`, `is_del`) VALUES (207, 'mshop_sign_day_num', '{\"addTime\":\"\",\"sign_num\":\"60\",\"id\":\"\",\"sort\":\"\",\"value\":\"\",\"day\":\"第六天\",\"status\":\"\"}', '2020-06-25 18:54:35', NULL, 4, 1, 0);
INSERT INTO `mw_system_group_data` (`id`, `group_name`, `value`, `create_time`, `update_time`, `sort`, `status`, `is_del`) VALUES (208, 'mshop_sign_day_num', '{\"addTime\":\"\",\"sign_num\":\"100\",\"id\":\"\",\"sort\":\"\",\"value\":\"\",\"day\":\"奖励\",\"status\":\"\"}', '2020-06-25 18:54:35', NULL, 3, 1, 0);
INSERT INTO `mw_system_group_data` (`id`, `group_name`, `value`, `create_time`, `update_time`, `sort`, `status`, `is_del`) VALUES (209, 'mshop_home_menus', '{\"imageArr\":[\"https://image.mailvor.cn/29ea4acebbf99e7eaf6f85af2b6d79ae.png\"],\"uniapp_url\":\"/pages/user/signIn/Sign/index\",\"name\":\"积分签到\",\"id\":209,\"pic\":\"https://image.mailvor.cn/29ea4acebbf99e7eaf6f85af2b6d79ae.png\",\"sort\":4,\"url\":\"/user/sign\",\"wxapp_url\":\"/pages/user/signIn/Sign/main\",\"status\":1}', '2020-06-25 18:54:35', '2020-06-26 18:26:56', 4, 1, 0);
INSERT INTO `mw_system_group_data` (`id`, `group_name`, `value`, `create_time`, `update_time`, `sort`, `status`, `is_del`) VALUES (210, 'mshop_seckill_time', '{\"continued\":2,\"id\":\"\",\"time\":5}', '2020-06-25 18:54:35', NULL, 0, 1, 0);
INSERT INTO `mw_system_group_data` (`id`, `group_name`, `value`, `create_time`, `update_time`, `sort`, `status`, `is_del`) VALUES (211, 'mshop_seckill_time', '{\"addTime\":\"\",\"continued\":\"3\",\"id\":\"\",\"sort\":\"\",\"time\":\"7\",\"value\":\"\",\"status\":\"\"}', '2020-06-25 18:54:35', NULL, 0, 1, 0);
INSERT INTO `mw_system_group_data` (`id`, `group_name`, `value`, `create_time`, `update_time`, `sort`, `status`, `is_del`) VALUES (212, 'mshop_seckill_time', '{\"addTime\":\"\",\"continued\":\"2\",\"id\":\"\",\"sort\":\"\",\"time\":\"10\",\"value\":\"\",\"status\":\"\"}', '2020-06-25 18:54:35', NULL, 0, 1, 0);
INSERT INTO `mw_system_group_data` (`id`, `group_name`, `value`, `create_time`, `update_time`, `sort`, `status`, `is_del`) VALUES (213, 'mshop_seckill_time', '{\"addTime\":\"\",\"continued\":\"3\",\"id\":\"\",\"sort\":\"\",\"time\":\"12\",\"value\":\"\",\"status\":\"\"}', '2020-06-25 18:54:35', NULL, 0, 1, 0);
INSERT INTO `mw_system_group_data` (`id`, `group_name`, `value`, `create_time`, `update_time`, `sort`, `status`, `is_del`) VALUES (214, 'mshop_seckill_time', '{\"continued\":\"10\",\"id\":214,\"time\":\"15\"}', '2020-06-25 18:54:35', '2020-09-05 17:16:06', 0, 1, 0);
INSERT INTO `mw_system_group_data` (`id`, `group_name`, `value`, `create_time`, `update_time`, `sort`, `status`, `is_del`) VALUES (215, 'mshop_seckill_time', '{\"continued\":\"2\",\"id\":223,\"time\":\"19\"}', '2020-06-25 18:54:35', NULL, 0, 1, 0);
INSERT INTO `mw_system_group_data` (`id`, `group_name`, `value`, `create_time`, `update_time`, `sort`, `status`, `is_del`) VALUES (216, 'mshop_home_menus', '{\"imageArr\":[\"https://image.mailvor.cn/b0344c148141b50d68db9722708ea49e.png\"],\"uniapp_url\":\"/pages/activity/GoodsSeckill/index\",\"name\":\"秒杀专区\",\"id\":216,\"pic\":\"https://image.mailvor.cn/b0344c148141b50d68db9722708ea49e.png\",\"sort\":3,\"url\":\"/activity/goods_seckill\",\"wxapp_url\":\"/pages/activity/GoodsSeckill/main\",\"status\":1}', '2020-06-25 18:54:35', '2020-06-26 18:27:06', 3, 1, 0);
INSERT INTO `mw_system_group_data` (`id`, `group_name`, `value`, `create_time`, `update_time`, `sort`, `status`, `is_del`) VALUES (217, 'mshop_home_menus', '{\"imageArr\":[\"https://image.mailvor.cn/bar.png\"],\"uniapp_url\":\"/pages/activity/GoodsBargain/index\",\"name\":\"砍价专区\",\"id\":217,\"pic\":\"https://image.mailvor.cn/bar.png\",\"sort\":2,\"url\":\"/activity/bargain\",\"wxapp_url\":\"/pages/activity/GoodsBargain/main\",\"status\":1}', '2020-06-25 18:54:35', '2020-06-26 18:27:16', 2, 1, 0);
INSERT INTO `mw_system_group_data` (`id`, `group_name`, `value`, `create_time`, `update_time`, `sort`, `status`, `is_del`) VALUES (218, 'mshop_my_menus', '{\"imageArr\":[\"https://image.mailvor.cn/5dfd7b748e053.png\"],\"uniapp_url\":\"/pages/activity/BargainRecord/index\",\"name\":\"砍价记录\",\"id\":218,\"pic\":\"https://image.mailvor.cn/5dfd7b748e053.png\",\"sort\":1,\"url\":\"/activity/bargain/record\",\"wxapp_url\":\"/pages/activity/BargainRecord/main\",\"status\":1}', '2020-06-25 18:54:35', NULL, 1, 1, 0);
INSERT INTO `mw_system_group_data` (`id`, `group_name`, `value`, `create_time`, `update_time`, `sort`, `status`, `is_del`) VALUES (219, 'mshop_home_banner', '{\"name\":\"222\",\"id\":\"\",\"pic\":\"https://image.mailvor.cn/5c9f117f624ee.jpg\",\"sort\":\"\",\"url\":\"/\",\"status\":\"\"}', '2020-06-25 18:54:35', NULL, 0, 1, 0);
INSERT INTO `mw_system_group_data` (`id`, `group_name`, `value`, `create_time`, `update_time`, `sort`, `status`, `is_del`) VALUES (221, 'mshop_my_menus', '{\"imageArr\":[\"https://image.mailvor.cn/5e60da498cfdd.png\"],\"uniapp_url\":\"/pages/orderAdmin/OrderCancellation/index\",\"name\":\"订单核销\",\"id\":221,\"pic\":\"https://image.mailvor.cn/5e60da498cfdd.png\",\"sort\":0,\"url\":\"/order/order_cancellation\",\"wxapp_url\":\"\",\"status\":1}', '2020-06-25 18:54:35', '2020-09-15 15:46:36', 0, 1, 0);
INSERT INTO `mw_system_group_data` (`id`, `group_name`, `value`, `create_time`, `update_time`, `sort`, `status`, `is_del`) VALUES (222, 'mshop_recharge_price_ways', '{\"give_price\":\"0\",\"price\":\"25\",\"id\":222,\"sort\":1,\"status\":1}', '2020-06-25 18:54:35', '2022-10-06 17:49:24', 1, 1, 0);
INSERT INTO `mw_system_group_data` (`id`, `group_name`, `value`, `create_time`, `update_time`, `sort`, `status`, `is_del`) VALUES (223, 'mshop_recharge_price_ways', '{\"price\":\"6\",\"id\":223,\"sort\":2,\"status\":1}', '2020-06-25 18:54:35', '2023-02-23 17:47:08', 2, 1, 0);
INSERT INTO `mw_system_group_data` (`id`, `group_name`, `value`, `create_time`, `update_time`, `sort`, `status`, `is_del`) VALUES (224, 'mshop_home_banner', '{\"imageArr\":[\"https://consoleapi.mailvor.com/file/pic/20200903171807647067.jpg\"],\"uniapp_url\":\"3\",\"name\":\"3\",\"id\":224,\"pic\":\"https://consoleapi.mailvor.com/file/pic/20200903171807647067.jpg\",\"sort\":0,\"url\":\"3\",\"wxapp_url\":\"\",\"status\":1}', '2020-09-03 17:13:59', '2020-09-15 07:54:11', 0, 1, 0);
INSERT INTO `mw_system_group_data` (`id`, `group_name`, `value`, `create_time`, `update_time`, `sort`, `status`, `is_del`) VALUES (225, 'mshop_my_menus', '{\"imageArr\":[\"https://consoleapi.mailvor.com/file/pic/20200911093912577832.png\"],\"uniapp_url\":\"/pages/shop/GoodsFoot/index\",\"name\":\"我的足迹\",\"id\":225,\"pic\":\"https://consoleapi.mailvor.com/file/pic/20200911093912577832.png\",\"sort\":10,\"url\":\"\",\"wxapp_url\":\"\",\"status\":1}', '2020-09-11 09:39:21', '2020-09-11 09:40:49', 10, 1, 0);
INSERT INTO `mw_system_group_data` (`id`, `group_name`, `value`, `create_time`, `update_time`, `sort`, `status`, `is_del`) VALUES (226, 'mshop_home_banner', '{\"imageArr\":[\"https://consoleapi.mailvor.com/file/pic/20200915074139926178.jpg\"],\"uniapp_url\":\"\",\"name\":\"sdaas\",\"id\":\"\",\"pic\":\"https://consoleapi.mailvor.com/file/pic/20200915074139926178.jpg\",\"sort\":0,\"url\":\"\",\"wxapp_url\":\"\",\"status\":1}', '2020-09-15 07:41:46', NULL, 0, 1, 1);
INSERT INTO `mw_system_group_data` (`id`, `group_name`, `value`, `create_time`, `update_time`, `sort`, `status`, `is_del`) VALUES (227, 'mshop_recharge_price_ways', '{\"give_price\":0,\"price\":\"78\",\"id\":227,\"sort\":0,\"status\":1}', '2022-09-14 20:14:25', '2022-10-05 02:49:54', 0, 1, 0);
INSERT INTO `mw_system_group_data` (`id`, `group_name`, `value`, `create_time`, `update_time`, `sort`, `status`, `is_del`) VALUES (228, 'mshop_recharge_price_ways', '{\"price\":\"88\",\"id\":228,\"sort\":4,\"status\":1}', '2022-09-14 20:15:24', '2023-04-15 16:53:31', 4, 1, 0);
INSERT INTO `mw_system_group_data` (`id`, `group_name`, `value`, `create_time`, `update_time`, `sort`, `status`, `is_del`) VALUES (229, 'mshop_recharge_price_ways', '{\"give_price\":0,\"price\":\"999\",\"id\":229,\"sort\":3,\"status\":1}', '2022-09-14 20:15:29', '2022-10-05 02:50:11', 3, 1, 0);
INSERT INTO `mw_system_group_data` (`id`, `group_name`, `value`, `create_time`, `update_time`, `sort`, `status`, `is_del`) VALUES (230, 'mshop_recharge_price_ways', '{\"price\":\"1998\",\"id\":230,\"sort\":0,\"status\":1}', '2023-02-21 20:03:41', '2023-05-06 23:34:11', 0, 1, 0);
INSERT INTO `mw_system_group_data` (`id`, `group_name`, `value`, `create_time`, `update_time`, `sort`, `status`, `is_del`) VALUES (231, 'mshop_recharge_price_ways', '{\"price\":\"1\",\"id\":231,\"sort\":0,\"status\":1}', '2023-02-21 20:03:46', '2023-05-08 19:35:52', 0, 1, 0);
INSERT INTO `mw_system_group_data` (`id`, `group_name`, `value`, `create_time`, `update_time`, `sort`, `status`, `is_del`) VALUES (232, 'mshop_recharge_price_ways', '{\"price\":\"0.6\",\"id\":232,\"sort\":0,\"status\":1}', '2023-02-21 20:04:27', '2023-06-18 20:20:47', 0, 1, 0);
INSERT INTO `mw_system_group_data` (`id`, `group_name`, `value`, `create_time`, `update_time`, `sort`, `status`, `is_del`) VALUES (233, 'mshop_recharge_price_ways', '{\"price\":\"1.4\",\"id\":233,\"sort\":0,\"status\":1}', '2023-02-21 20:04:32', '2023-05-08 19:36:05', 0, 1, 0);
INSERT INTO `mw_system_group_data` (`id`, `group_name`, `value`, `create_time`, `update_time`, `sort`, `status`, `is_del`) VALUES (234, 'mshop_recharge_price_ways', '{\"price\":\"0.5\",\"id\":234,\"sort\":0,\"status\":1}', '2023-02-21 20:04:38', '2023-09-04 19:40:13', 0, 1, 0);
INSERT INTO `mw_system_group_data` (`id`, `group_name`, `value`, `create_time`, `update_time`, `sort`, `status`, `is_del`) VALUES (235, 'mshop_recharge_price_ways', '{\"price\":\"298\",\"id\":\"\",\"sort\":0,\"status\":1}', '2024-01-22 15:58:14', NULL, 0, 1, 0);
INSERT INTO `mw_system_group_data` (`id`, `group_name`, `value`, `create_time`, `update_time`, `sort`, `status`, `is_del`) VALUES (236, 'mshop_meituan_activity_list', '{\"activityId\":\"OwMkGzn6oK\",\"img\":\"https://img.meituan.net/adunion/c0f09c49aff944fc0fd0caeb6f9ec56e54897.png@0_0_0_340a\",\"id\":\"\",\"endTime\":\"2024-12-31 23:59:59\",\"sort\":\"1\",\"title\":\"美团外卖优惠券\",\"status\":1}', '2024-02-04 19:52:16', NULL, 1, 1, 0);
INSERT INTO `mw_system_group_data` (`id`, `group_name`, `value`, `create_time`, `update_time`, `sort`, `status`, `is_del`) VALUES (237, 'mshop_meituan_activity_list', '{\"activityId\":\"0AlN4OtEIa\",\"img\":\"https://img.meituan.net/adunion/a3645de999510dc4595a056a8565e82b69513.jpg@0_0_0_340a\",\"id\":\"\",\"endTime\":\"2024-12-31 23:59:59\",\"sort\":\"2\",\"title\":\"美团吃喝玩乐优惠券\",\"status\":1}', '2024-02-04 19:56:25', NULL, 2, 1, 0);
INSERT INTO `mw_system_group_data` (`id`, `group_name`, `value`, `create_time`, `update_time`, `sort`, `status`, `is_del`) VALUES (238, 'mshop_meituan_activity_list', '{\"activityId\":\"mZAV9n2ekN\",\"img\":\"https://img.meituan.net/adunion/a56774d97d87f008d4b620d02eddd7f696511.jpg@0_0_0_340a\",\"id\":\"\",\"endTime\":\"2024-12-31 23:59:59\",\"sort\":\"3\",\"title\":\"外卖高佣会场\",\"status\":1}', '2024-02-04 19:57:29', NULL, 3, 1, 0);
INSERT INTO `mw_system_group_data` (`id`, `group_name`, `value`, `create_time`, `update_time`, `sort`, `status`, `is_del`) VALUES (239, 'mshop_meituan_activity_list', '{\"activityId\":\"zfganZeZjB\",\"img\":\"https://img.meituan.net/adunion/3f71bb4fa4f41f1f7f6a67a325b7dc7e106604.jpg@0_0_0_340a\",\"id\":\"\",\"endTime\":\"2024-12-31 23:59:59\",\"sort\":\"4\",\"title\":\"外卖品质页面活动\",\"status\":1}', '2024-02-04 19:58:08', NULL, 4, 1, 0);
INSERT INTO `mw_system_group_data` (`id`, `group_name`, `value`, `create_time`, `update_time`, `sort`, `status`, `is_del`) VALUES (240, 'mshop_meituan_activity_list', '{\"activityId\":\"3X6DdZHYxr\",\"img\":\"https://img.meituan.net/adunion/34199a21716af1a4cb124fbb97ba268899989.jpg@0_0_0_340a\",\"id\":\"\",\"endTime\":\"2024-08-31 23:59:59\",\"sort\":\"5\",\"title\":\"超值爆品\",\"status\":1}', '2024-02-04 19:58:53', NULL, 5, 1, 0);
INSERT INTO `mw_system_group_data` (`id`, `group_name`, `value`, `create_time`, `update_time`, `sort`, `status`, `is_del`) VALUES (241, 'mshop_meituan_activity_list', '{\"activityId\":\"mXsOceuUWy\",\"img\":\"https://img.meituan.net/adunion/8ab31463d5e80fbb690df93b79c204bc55113.jpg@0_0_0_340a\",\"id\":\"\",\"endTime\":\"2025-03-01 23:59:59\",\"sort\":0,\"title\":\"特价团购\",\"status\":1}', '2024-02-04 20:00:49', NULL, 0, 1, 0);

INSERT INTO `mw_system_config` (`id`, `menu_name`, `value`, `sort`, `status`) VALUES (162, 'wechat_share_img', '', NULL, NULL);
INSERT INTO `mw_system_config` (`id`, `menu_name`, `value`, `sort`, `status`) VALUES (165, 'wechat_avatar', '', NULL, NULL);
INSERT INTO `mw_system_config` (`id`, `menu_name`, `value`, `sort`, `status`) VALUES (172, 'wechat_share_synopsis', '', NULL, NULL);
INSERT INTO `mw_system_config` (`id`, `menu_name`, `value`, `sort`, `status`) VALUES (174, 'api', 'http://你的H5端域名/api/wechat/serve', NULL, NULL);
INSERT INTO `mw_system_config` (`id`, `menu_name`, `value`, `sort`, `status`) VALUES (175, 'wechat_share_title', '电商系统', NULL, NULL);
INSERT INTO `mw_system_config` (`id`, `menu_name`, `value`, `sort`, `status`) VALUES (177, 'store_postage', '1', 0, 0);
INSERT INTO `mw_system_config` (`id`, `menu_name`, `value`, `sort`, `status`) VALUES (178, 'store_free_postage', '1', 0, 0);
INSERT INTO `mw_system_config` (`id`, `menu_name`, `value`, `sort`, `status`) VALUES (179, 'integral_ratio', '1', 0, 0);
INSERT INTO `mw_system_config` (`id`, `menu_name`, `value`, `sort`, `status`) VALUES (180, 'store_brokerage_ratio', '10', NULL, NULL);
INSERT INTO `mw_system_config` (`id`, `menu_name`, `value`, `sort`, `status`) VALUES (182, 'user_extract_min_price', '1', NULL, NULL);
INSERT INTO `mw_system_config` (`id`, `menu_name`, `value`, `sort`, `status`) VALUES (183, 'store_brokerage_two', '5', NULL, NULL);
INSERT INTO `mw_system_config` (`id`, `menu_name`, `value`, `sort`, `status`) VALUES (184, 'site_url', 'http://127.0.0.1:8080', 0, 0);
INSERT INTO `mw_system_config` (`id`, `menu_name`, `value`, `sort`, `status`) VALUES (185, 'api_url', 'http://app.xxx.com', 0, 0);
INSERT INTO `mw_system_config` (`id`, `menu_name`, `value`, `sort`, `status`) VALUES (186, 'order_cancel_job_time', '20', 0, 0);
INSERT INTO `mw_system_config` (`id`, `menu_name`, `value`, `sort`, `status`) VALUES (187, 'wechat_appid', 'wxxxxed905', NULL, NULL);
INSERT INTO `mw_system_config` (`id`, `menu_name`, `value`, `sort`, `status`) VALUES (188, 'wechat_appsecret', 'b18xxxbfe8a60c9', NULL, NULL);
INSERT INTO `mw_system_config` (`id`, `menu_name`, `value`, `sort`, `status`) VALUES (189, 'wechat_encodingaeskey', 'P517xxxx212V6FvO1M', NULL, NULL);
INSERT INTO `mw_system_config` (`id`, `menu_name`, `value`, `sort`, `status`) VALUES (190, 'wechat_token', 'VXUxxxxiKGTA', NULL, NULL);
INSERT INTO `mw_system_config` (`id`, `menu_name`, `value`, `sort`, `status`) VALUES (191, 'wxpay_mchId', '1514444071', NULL, NULL);
INSERT INTO `mw_system_config` (`id`, `menu_name`, `value`, `sort`, `status`) VALUES (192, 'wxpay_appId', 'wx1xxxx63ebb9a29e0', NULL, NULL);
INSERT INTO `mw_system_config` (`id`, `menu_name`, `value`, `sort`, `status`) VALUES (193, 'wxpay_mchKey', 'xxxxxxxx888xxxxxxxx888xxxxxxxx88', NULL, NULL);
INSERT INTO `mw_system_config` (`id`, `menu_name`, `value`, `sort`, `status`) VALUES (194, 'wxapp_appId', 'wxc06xxxx044aeac89', NULL, NULL);
INSERT INTO `mw_system_config` (`id`, `menu_name`, `value`, `sort`, `status`) VALUES (195, 'wxapp_secret', '93bc7241xxxx0ee5f261fe0428b20a29', NULL, NULL);
INSERT INTO `mw_system_config` (`id`, `menu_name`, `value`, `sort`, `status`) VALUES (196, 'wxpay_keyPath', '/usr/wechat/apiclient_cert.p12', 0, 0);
INSERT INTO `mw_system_config` (`id`, `menu_name`, `value`, `sort`, `status`) VALUES (198, 'store_brokerage_open', '1', 0, 0);
INSERT INTO `mw_system_config` (`id`, `menu_name`, `value`, `sort`, `status`) VALUES (199, 'integral_full', '0', NULL, NULL);
INSERT INTO `mw_system_config` (`id`, `menu_name`, `value`, `sort`, `status`) VALUES (200, 'integral_max', '0', NULL, NULL);
INSERT INTO `mw_system_config` (`id`, `menu_name`, `value`, `sort`, `status`) VALUES (201, 'store_user_min_recharge', '1', 0, 0);
INSERT INTO `mw_system_config` (`id`, `menu_name`, `value`, `sort`, `status`) VALUES (203, 'store_self_mention', '1', NULL, NULL);
INSERT INTO `mw_system_config` (`id`, `menu_name`, `value`, `sort`, `status`) VALUES (204, 'tengxun_map_key', '11111111111', NULL, NULL);
INSERT INTO `mw_system_config` (`id`, `menu_name`, `value`, `sort`, `status`) VALUES (205, 'wechat_id', '', NULL, NULL);
INSERT INTO `mw_system_config` (`id`, `menu_name`, `value`, `sort`, `status`) VALUES (206, 'wechat_type', '', NULL, NULL);
INSERT INTO `mw_system_config` (`id`, `menu_name`, `value`, `sort`, `status`) VALUES (207, 'wechat_encode', '', NULL, NULL);
INSERT INTO `mw_system_config` (`id`, `menu_name`, `value`, `sort`, `status`) VALUES (208, 'wechat_sourceid', '', NULL, NULL);
INSERT INTO `mw_system_config` (`id`, `menu_name`, `value`, `sort`, `status`) VALUES (209, 'wechat_name', '', NULL, NULL);
INSERT INTO `mw_system_config` (`id`, `menu_name`, `value`, `sort`, `status`) VALUES (210, 'wechat_qrcode', '', NULL, NULL);
INSERT INTO `mw_system_config` (`id`, `menu_name`, `value`, `sort`, `status`) VALUES (211, 'wx_native_app_appId', 'wxc06xxxx044aeac89', NULL, NULL);
INSERT INTO `mw_system_config` (`id`, `menu_name`, `value`, `sort`, `status`) VALUES (212, 'file_store_mode', '2', 0, 0);
INSERT INTO `mw_system_config` (`id`, `menu_name`, `value`, `sort`, `status`) VALUES (213, 'sms_access_key', 'LTAI5tBAkxxxxth8ZtUdfLhP', 0, 0);
INSERT INTO `mw_system_config` (`id`, `menu_name`, `value`, `sort`, `status`) VALUES (214, 'sms_enable', '1', 0, 0);
INSERT INTO `mw_system_config` (`id`, `menu_name`, `value`, `sort`, `status`) VALUES (215, 'sms_access_secret', 'JzbeRVLVxxxxwJ05HRUUCuw08WWcXZ', 0, 0);
INSERT INTO `mw_system_config` (`id`, `menu_name`, `value`, `sort`, `status`) VALUES (216, 'sms_region', 'cn-hangzhou', 0, 0);
INSERT INTO `mw_system_config` (`id`, `menu_name`, `value`, `sort`, `status`) VALUES (217, 'sms_templateId', 'SMS_460680255', 0, 0);
INSERT INTO `mw_system_config` (`id`, `menu_name`, `value`, `sort`, `status`) VALUES (218, 'sms_sign', '苏分宝', 0, 0);
INSERT INTO `mw_system_config` (`id`, `menu_name`, `value`, `sort`, `status`) VALUES (219, 'exp_enable', '1', 0, 0);
INSERT INTO `mw_system_config` (`id`, `menu_name`, `value`, `sort`, `status`) VALUES (220, 'exp_appId', '1607734', 0, 0);
INSERT INTO `mw_system_config` (`id`, `menu_name`, `value`, `sort`, `status`) VALUES (221, 'exp_appKey', '33333333333333', 0, 0);
INSERT INTO `mw_system_config` (`id`, `menu_name`, `value`, `sort`, `status`) VALUES (222, 'admin_api_url', 'http://admin.xxx.com/api', 0, 0);
INSERT INTO `mw_system_config` (`id`, `menu_name`, `value`, `sort`, `status`) VALUES (223, 'imageArr', '[\"\"]', 0, 0);
INSERT INTO `mw_system_config` (`id`, `menu_name`, `value`, `sort`, `status`) VALUES (224, 'wechat_ma_encodingaeskey', '', 0, 0);
INSERT INTO `mw_system_config` (`id`, `menu_name`, `value`, `sort`, `status`) VALUES (225, 'wxapi', 'http://你的H5api端域名/api/wxapp/serve', 0, 0);
INSERT INTO `mw_system_config` (`id`, `menu_name`, `value`, `sort`, `status`) VALUES (226, 'wechat_ma_token', '', 0, 0);
INSERT INTO `mw_system_config` (`id`, `menu_name`, `value`, `sort`, `status`) VALUES (227, 'wechat_follow_img', '', 0, 0);
INSERT INTO `mw_system_config` (`id`, `menu_name`, `value`, `sort`, `status`) VALUES (228, 'mshop_show_recharge', '1', 0, 0);
INSERT INTO `mw_system_config` (`id`, `menu_name`, `value`, `sort`, `status`) VALUES (229, 'uni_site_url', '', 0, 0);
INSERT INTO `mw_system_config` (`id`, `menu_name`, `value`, `sort`, `status`) VALUES (232, 'tk_tb_rebate_scale', '90', 0, 0);
INSERT INTO `mw_system_config` (`id`, `menu_name`, `value`, `sort`, `status`) VALUES (233, 'tk_hb_rebate_scale', '70', 0, 0);
INSERT INTO `mw_system_config` (`id`, `menu_name`, `value`, `sort`, `status`) VALUES (234, 'tk_hb_min_times', '0.12', 0, 0);
INSERT INTO `mw_system_config` (`id`, `menu_name`, `value`, `sort`, `status`) VALUES (235, 'tk_hb_max_times', '2', 0, 0);
INSERT INTO `mw_system_config` (`id`, `menu_name`, `value`, `sort`, `status`) VALUES (236, 'tk_hb_unlock_day', '0', 0, 0);
INSERT INTO `mw_system_config` (`id`, `menu_name`, `value`, `sort`, `status`) VALUES (237, 'tk_hb_act_max_times', '4', 0, 0);
INSERT INTO `mw_system_config` (`id`, `menu_name`, `value`, `sort`, `status`) VALUES (238, 'tk_hb_act_min_times', '0.25', 0, 0);
INSERT INTO `mw_system_config` (`id`, `menu_name`, `value`, `sort`, `status`) VALUES (239, 'store_multi_vip_open', '1', 0, 0);
INSERT INTO `mw_system_config` (`id`, `menu_name`, `value`, `sort`, `status`) VALUES (253, 'login_must_code', '1', 0, 0);
INSERT INTO `mw_system_config` (`id`, `menu_name`, `value`, `sort`, `status`) VALUES (264, 'user_extract_auto', '2', 0, 0);
INSERT INTO `mw_system_config` (`id`, `menu_name`, `value`, `sort`, `status`) VALUES (265, 'user_extract_max', '200', 0, 0);
INSERT INTO `mw_system_config` (`id`, `menu_name`, `value`, `sort`, `status`) VALUES (266, 'tk_hb_act_order_times', '1.2', 0, 0);
INSERT INTO `mw_system_config` (`id`, `menu_name`, `value`, `sort`, `status`) VALUES (267, 'tk_hb_act_order_count', '3', 0, 0);
INSERT INTO `mw_system_config` (`id`, `menu_name`, `value`, `sort`, `status`) VALUES (268, 'mshop_show_recharge', '1', 0, 0);
INSERT INTO `mw_system_config` (`id`, `menu_name`, `value`, `sort`, `status`) VALUES (269, 'user_extract_count', '100', 0, 0);
INSERT INTO `mw_system_config` (`id`, `menu_name`, `value`, `sort`, `status`) VALUES (270, 'user_extract_max_price', '3000', 0, 0);
INSERT INTO `mw_system_config` (`id`, `menu_name`, `value`, `sort`, `status`) VALUES (500, 'exp_card_config', '{\"price\":19.9,\"expired\":7,\"one\":\"25\",\"two\":\"20\",\"orderMin\":40,\"orderMax\":50,\"min\":20,\"max\":40,\"unlockMin\":5,\"unlockMax\":7}', 0, 0);
INSERT INTO `mw_system_config` (`id`, `menu_name`, `value`, `sort`, `status`) VALUES (501, 'month_card_config', '{\"price\":298.0,\"expired\":31,\"value\":300,\"valueOne\":50,\"valueTwo\":50}', 0, 0);
INSERT INTO `mw_system_config` (`id`, `menu_name`, `value`, `sort`, `status`) VALUES (502, 'recover_scale_config', '{\"expRecoverScale\":10.00,\"monthRecoverScale\":6.66,\"expScale\":3.00,\"monthScale\":2.00,\"ExpInvalidDay\":15,\"MonthInvalidDay\":60}', 0, 0);
INSERT INTO `mw_system_config` (`id`, `menu_name`, `value`, `sort`, `status`) VALUES (503, 'spread_hb_count_config', '2', 0, 0);
INSERT INTO `mw_system_config` (`id`, `menu_name`, `value`, `sort`, `status`) VALUES (504, 'order_check_config', '{\"prior\":1,\"scale\":30,\"count\":5,\"refund\":10}', 0, 0);

INSERT INTO `mw_system_attachment` (`att_id`, `name`, `att_dir`, `satt_dir`, `att_size`, `att_type`, `pid`, `image_type`, `module_type`, `uid`, `invite_code`, `create_time`, `update_time`, `is_del`) VALUES (113, '12_55_wechat_bargain_share_wap.jpg', '/home/mshop/file/qrcode/12_55_wechat_bargain_share_wap.jpg', 'qrcode/12_55_wechat_bargain_share_wap.jpg', '3897220', 'image/jpeg', 0, 1, 1, 0, '', '2020-09-14 13:38:52', NULL, 0);
INSERT INTO `mw_system_attachment` (`att_id`, `name`, `att_dir`, `satt_dir`, `att_size`, `att_type`, `pid`, `image_type`, `module_type`, `uid`, `invite_code`, `create_time`, `update_time`, `is_del`) VALUES (114, '12_55_wechat_bargain_user_spread.jpg', '/home/mshop/file/qrcode/12_55_wechat_bargain_user_spread.jpg', 'qrcode/12_55_wechat_bargain_user_spread.jpg', '43231', 'image/jpeg', 0, 1, 1, 0, '', '2020-09-14 13:38:53', NULL, 0);
INSERT INTO `mw_system_attachment` (`att_id`, `name`, `att_dir`, `satt_dir`, `att_size`, `att_type`, `pid`, `image_type`, `module_type`, `uid`, `invite_code`, `create_time`, `update_time`, `is_del`) VALUES (116, '4_59_uniappH5_product_user_spread.jpg', '/home/mshop/file/qrcode/4_59_uniappH5_product_user_spread.jpg', 'qrcode/4_59_uniappH5_product_user_spread.jpg', '113247', 'image/jpeg', 0, 1, 1, 0, '', '2020-09-14 13:43:20', NULL, 0);
INSERT INTO `mw_system_attachment` (`att_id`, `name`, `att_dir`, `satt_dir`, `att_size`, `att_type`, `pid`, `image_type`, `module_type`, `uid`, `invite_code`, `create_time`, `update_time`, `is_del`) VALUES (118, '4_75_uniappH5_product_user_spread.jpg', '/home/mshop/file/qrcode/4_75_uniappH5_product_user_spread.jpg', 'qrcode/4_75_uniappH5_product_user_spread.jpg', '113146', 'image/jpeg', 0, 1, 1, 0, '', '2020-09-14 17:25:11', NULL, 0);
INSERT INTO `mw_system_attachment` (`att_id`, `name`, `att_dir`, `satt_dir`, `att_size`, `att_type`, `pid`, `image_type`, `module_type`, `uid`, `invite_code`, `create_time`, `update_time`, `is_del`) VALUES (119, '915891458048_mshop.jpg', '/home/mshop/file/qrcode/915891458048_mshop.jpg', 'qrcode/915891458048_mshop.jpg', '4148444', 'image/jpeg', 0, 1, 1, 0, '', '2020-09-14 22:21:17', NULL, 0);
INSERT INTO `mw_system_attachment` (`att_id`, `name`, `att_dir`, `satt_dir`, `att_size`, `att_type`, `pid`, `image_type`, `module_type`, `uid`, `invite_code`, `create_time`, `update_time`, `is_del`) VALUES (120, '915891458048_mshop.jpg', '/home/mshop/file/qrcode/915891458048_mshop.jpg', 'qrcode/915891458048_mshop.jpg', '4148444', 'image/jpeg', 0, 1, 1, 0, '', '2020-09-14 22:21:17', NULL, 0);

INSERT INTO `mw_store_seckill` (`id`, `product_id`, `image`, `images`, `title`, `info`, `price`, `cost`, `ot_price`, `give_integral`, `sort`, `stock`, `sales`, `unit_name`, `postage`, `description`, `start_time`, `stop_time`, `create_time`, `update_time`, `status`, `is_postage`, `is_hot`, `is_del`, `num`, `is_show`, `time_id`, `spec_type`, `temp_id`) VALUES (5, 6, 'https://consoleapi.mailvor.com/file/pic/20200903171807641535.jpg', 'https://consoleapi.mailvor.com/file/pic/20200903171807641535.jpg,https://consoleapi.mailvor.com/file/pic/20200903171807641535.jpg', '印刷各种印刷', '印刷各种印刷', 11.00, 22.00, 33.00, NULL, 1, 2000, 12, '张', 22.98, '<h1 style=\"text-align: center;\"><span style=\"font-family: 楷体, 楷体_GB2312, SimKai; font-size: 36px;\">印刷各种印刷</span></h1><p style=\"text-align: center;\"><span style=\"font-family: 楷体, 楷体_GB2312, SimKai; font-size: 36px;\"><br/></span></p><p style=\"text-align: center;\"><img src=\"https://consoleapi.mailvor.com/file/pic/20200903171807641535.jpg\"/><img src=\"https://consoleapi.mailvor.com/file/pic/20200903171807647067.jpg\"/><img src=\"https://consoleapi.mailvor.com/file/pic/20200903171807584910.jpg\"/><img src=\"https://consoleapi.mailvor.com/file/pic/20200903171807625149.jpg\"/></p>', '2020-09-12', '2020-09-30', '2020-09-12 16:11:31', NULL, 1, 0, 0, 0, 2, 1, 211, 0, 34);
INSERT INTO `mw_store_seckill` (`id`, `product_id`, `image`, `images`, `title`, `info`, `price`, `cost`, `ot_price`, `give_integral`, `sort`, `stock`, `sales`, `unit_name`, `postage`, `description`, `start_time`, `stop_time`, `create_time`, `update_time`, `status`, `is_postage`, `is_hot`, `is_del`, `num`, `is_show`, `time_id`, `spec_type`, `temp_id`) VALUES (6, 5, 'https://consoleapi.mailvor.com/file/pic/20200903171807568739.jpg', 'https://consoleapi.mailvor.com/file/pic/20200903171807568739.jpg', '广告版定制', '广告版定制', 2.00, 1.00, 11.00, NULL, 0, 8, 9, '米', 11.99, '<p style=\"text-align: center;\">广告版定制</p><p style=\"text-align: center;\"><img src=\"https://consoleapi.mailvor.com/file/pic/20200903171807641535.jpg\"/><img src=\"https://consoleapi.mailvor.com/file/pic/20200903171807625149.jpg\"/><img src=\"https://consoleapi.mailvor.com/file/pic/20200903171807647067.jpg\"/></p>', '2020-09-12', '2020-09-30', '2020-09-12 16:13:22', '2020-09-13 10:15:24', 1, 0, 0, 0, 2, 1, 212, 0, 34);
INSERT INTO `mw_store_seckill` (`id`, `product_id`, `image`, `images`, `title`, `info`, `price`, `cost`, `ot_price`, `give_integral`, `sort`, `stock`, `sales`, `unit_name`, `postage`, `description`, `start_time`, `stop_time`, `create_time`, `update_time`, `status`, `is_postage`, `is_hot`, `is_del`, `num`, `is_show`, `time_id`, `spec_type`, `temp_id`) VALUES (7, 8, 'https://image.mailvor.cn/5ca081af6183f.jpg', 'https://image.mailvor.cn/5ca081af6183f.jpg,https://image.mailvor.cn/5ca081af6183f.jpg,https://image.mailvor.cn/5ca04fa9c08ef.jpg', '多规格商品测试', '多规格商品测试', 4.00, 1.00, 9.00, NULL, 0, 57, 4, '张', 0.10, '<p><br/></p><p><img src=\"https://image.mailvor.cn/5ca081af6183f.jpg\"/></p>', '2020-09-10', '2020-09-30', '2020-09-12 18:23:33', NULL, 1, 0, 0, 0, 1, 1, 215, 1, 34);

INSERT INTO `mw_store_product_rule` (`id`, `rule_name`, `rule_value`, `create_time`, `update_time`, `is_del`) VALUES (10, '图文', '[{\"value\": \"纸张\", \"detail\": [\"A4\", \"A3\"]}, {\"value\": \"颜色\", \"detail\": [\"白色\", \"红色\"]}]', '2020-06-29 13:46:52', '2020-06-29 15:57:28', 0);
INSERT INTO `mw_store_product_rule` (`id`, `rule_name`, `rule_value`, `create_time`, `update_time`, `is_del`) VALUES (24, '手机', '[{\"value\": \"颜色\", \"detail\": [\"黑色\", \"白色\"]}, {\"value\": \"尺寸\", \"detail\": [\"5寸\", \"7寸\"]}]', '2020-06-29 15:55:51', '2020-07-04 19:50:14', 0);

INSERT INTO `mw_store_product_reply` (`id`, `uid`, `oid`, `unique`, `product_id`, `reply_type`, `product_score`, `service_score`, `comment`, `pics`, `create_time`, `update_time`, `merchant_reply_content`, `merchant_reply_time`, `is_del`, `is_reply`) VALUES (3, 43, 67, 'c1907f2efeff48168c119ee28ddcac42', 8, 'product', 5, 5, '棒棒哒', '', '2020-09-12 17:45:11', NULL, NULL, NULL, 0, 0);

INSERT INTO `mw_store_product_relation` (`id`, `uid`, `product_id`, `original_product_id`, `type`, `category`, `img`, `title`, `start_price`, `end_price`, `create_time`, `update_time`, `is_del`) VALUES (6762, 2406, '0v9wj0BUBKpaej3nUd', 'pOXYZ5Uxtn0oAqTe2Nhptm-0v9wj0BUBKpaej3nUd', 'collect', 'tb', 'https://img.alicdn.com/i2/3937219703/O1CN01mHhya32LY1qdxk6o3_!!3937219703-0-C2M.jpg_400x400', '【稳定签到】孕婴可用电热蚊香液1器+2液', '6.81', '5.81', '2023-04-23 12:48:43', NULL, 0);
INSERT INTO `mw_store_product_relation` (`id`, `uid`, `product_id`, `original_product_id`, `type`, `category`, `img`, `title`, `start_price`, `end_price`, `create_time`, `update_time`, `is_del`) VALUES (6763, 1, 'XqGwrmpu0pobdgDJfm', '3qBNv75tAtyeKqBf0K8s9tJ-XqGwrmpu0pobdgDJfm', 'collect', 'tb', 'https://img.alicdn.com/imgextra/i4/407336293/O1CN01565EE91wMF8WDFzIe_!!407336293.jpg_400x400', '【超值12.9！】蓝漂香水洗衣液4斤', '19.9', '12.9', '2023-04-28 06:33:14', NULL, 0);
INSERT INTO `mw_store_product_relation` (`id`, `uid`, `product_id`, `original_product_id`, `type`, `category`, `img`, `title`, `start_price`, `end_price`, `create_time`, `update_time`, `is_del`) VALUES (6764, 1, 'POG60mWHnkdX7VZYH2b', 'OvvvqxFzt7vgwqSNgQsMtJ-POG60mWHnkdX7VZYH2b', 'collect', 'tb', 'https://img.alicdn.com/i2/692420117/O1CN01ffZcSN1Cjd9p6DFoo_!!692420117.jpg_400x400', '【稳定签到！康恩贝】蓝莓叶黄素酯片60片', '49', '14', '2023-04-28 06:33:20', NULL, 0);
INSERT INTO `mw_store_product_relation` (`id`, `uid`, `product_id`, `original_product_id`, `type`, `category`, `img`, `title`, `start_price`, `end_price`, `create_time`, `update_time`, `is_del`) VALUES (6765, 1, 'woMjqrKCbJOjNobphyq', 'kWj8OAwIYtpYoVVtG97CPtJ-woMjqrKCbJOjNobphyq', 'collect', 'tb', 'https://img.alicdn.com/imgextra/i4/791877623/O1CN01tCqBMN26BNlR3f19z_!!791877623.jpg_400x400', '【罗马仕】三合一快充数据线1米', '11.9', '6.9', '2023-04-28 06:33:25', NULL, 0);
INSERT INTO `mw_store_product_relation` (`id`, `uid`, `product_id`, `original_product_id`, `type`, `category`, `img`, `title`, `start_price`, `end_price`, `create_time`, `update_time`, `is_del`) VALUES (6766, 1, 'qk84YW9Sny92yqVYt79', 'w9qKeqaUgteD99kUoVgHbtd-qk84YW9Sny92yqVYt79', 'collect', 'tb', 'https://img.alicdn.com/i1/210785179/O1CN01i9LavM1o823DYQLsG_!!210785179.jpg_400x400', '拍1发2！李时珍中药草本清湿减脂贴2盒', '69.9', '19.9', '2023-04-28 06:33:29', NULL, 0);
INSERT INTO `mw_store_product_relation` (`id`, `uid`, `product_id`, `original_product_id`, `type`, `category`, `img`, `title`, `start_price`, `end_price`, `create_time`, `update_time`, `is_del`) VALUES (6767, 1, 'jGwQkK5TX0x3J2WQhzn', '0nxPYVwS7tjZNBvf0G8h2t6-jGwQkK5TX0x3J2WQhzn', 'collect', 'tb', 'https://img.alicdn.com/imgextra/i3/2930255252/O1CN01CRJmBd1ofStJgkdKm_!!2930255252.jpg_400x400', '爆款400张/包加量装抽纸', '11.1', '5.1', '2023-04-28 12:17:19', NULL, 0);
INSERT INTO `mw_store_product_relation` (`id`, `uid`, `product_id`, `original_product_id`, `type`, `category`, `img`, `title`, `start_price`, `end_price`, `create_time`, `update_time`, `is_del`) VALUES (6768, 6, 'qk84YW9Sny92yqVYt79', 'w9qKeqaUgteD99kUoVgHbtd-qk84YW9Sny92yqVYt79', 'collect', 'tb', 'https://img.alicdn.com/i1/210785179/O1CN01i9LavM1o823DYQLsG_!!210785179.jpg_400x400', '拍1发2！李时珍中药草本清湿减脂贴2盒', '69.9', '19.9', '2023-04-29 20:12:54', NULL, 0);
INSERT INTO `mw_store_product_relation` (`id`, `uid`, `product_id`, `original_product_id`, `type`, `category`, `img`, `title`, `start_price`, `end_price`, `create_time`, `update_time`, `is_del`) VALUES (6769, 2411, 'mPkBXe3UWodenxbZFBe', '7yg68dpS4teRkGKcnk7IMtV-mPkBXe3UWodenxbZFBe', 'collect', 'tb', 'https://img.alicdn.com/imgextra/i4/416209509/O1CN01tqDpGA2K7B05KxMa1_!!416209509.jpg_400x400', '到手19.9！戴可思1器4液电蚊香液无味', '34.9', '19.9', '2023-05-01 13:32:11', NULL, 0);
INSERT INTO `mw_store_product_relation` (`id`, `uid`, `product_id`, `original_product_id`, `type`, `category`, `img`, `title`, `start_price`, `end_price`, `create_time`, `update_time`, `is_del`) VALUES (6770, 2411, 'eQGMq6ACXb6qdy2rsj', 'q3nMWnDc2tw2xpNIg55tWt0-eQGMq6ACXb6qdy2rsj', 'collect', 'tb', 'https://img.alicdn.com/imgextra/i1/2037478160/O1CN01t3qJZp2A9KiBJDXue_!!2037478160.jpg_400x400', '红色小象无味蚊香液45mlx4液+1器', '34.9', '25.9', '2023-05-01 13:32:52', NULL, 0);
INSERT INTO `mw_store_product_relation` (`id`, `uid`, `product_id`, `original_product_id`, `type`, `category`, `img`, `title`, `start_price`, `end_price`, `create_time`, `update_time`, `is_del`) VALUES (6771, 2479, '7no8vaXHYx3o9RPZIVP', '6NYxy6u8tzJW7qSwMJFot3-7no8vaXHYx3o9RPZIVP', 'collect', 'tb', 'https://img.alicdn.com/imgextra/i1/2204174570383/O1CN01xEOgbi1EhSHh7r5dE_!!0-item_pic.jpg_400x400', '【10万现货】柳州螺蛳粉5包', '33.9', '23.9', '2023-05-01 22:02:28', NULL, 0);
INSERT INTO `mw_store_product_relation` (`id`, `uid`, `product_id`, `original_product_id`, `type`, `category`, `img`, `title`, `start_price`, `end_price`, `create_time`, `update_time`, `is_del`) VALUES (6772, 2479, 'jGwQkK5TXgOaNDDZIz6', 'R7M2aKNSZtgM3Dyfr9yfMt6-jGwQkK5TXgOaNDDZIz6', 'collect', 'tb', 'https://img.alicdn.com/imgextra/i4/3471045753/O1CN01kKe2qq1sMvOt5c8ms_!!3471045753.jpg_400x400', '签到【拍5件】王小卤香辣虎皮凤爪68g*5袋', '84.9', '39.9', '2023-05-01 22:02:47', NULL, 0);
INSERT INTO `mw_store_product_relation` (`id`, `uid`, `product_id`, `original_product_id`, `type`, `category`, `img`, `title`, `start_price`, `end_price`, `create_time`, `update_time`, `is_del`) VALUES (6773, 2462, 'E9D2xgY_Hg5kBBxhwfDcWYJe5WKtu6ahWA_JQE2Z3Gp7m', '', 'collect', 'pdd', 'https://img.pddpic.com/gaudit-image/2022-11-14/f3275efdfe7db16edd82771cb9546299.jpeg', '【现货速发】舒薄棉柔婴儿纸尿裤100片批发smlXL拉拉裤男女尿不湿', '0', '16.00', '2023-05-01 22:43:24', '2023-05-01 22:43:26', 1);
INSERT INTO `mw_store_product_relation` (`id`, `uid`, `product_id`, `original_product_id`, `type`, `category`, `img`, `title`, `start_price`, `end_price`, `create_time`, `update_time`, `is_del`) VALUES (6774, 6, 'jonXnDQuXny7vBaoIy', 'PyGmkkes3tY9QgmtV0MTqU6-jonXnDQuXny7vBaoIy', 'collect', 'tb', 'https://img.alicdn.com/i3/2213116257536/O1CN012diVKT25XXUoo34pe_!!2213116257536.jpg', 'bekhan冰感月抛美瞳冰岛之夜非离子隐形眼镜', '94.9', '94.9', '2023-05-02 09:10:41', NULL, 0);
INSERT INTO `mw_store_product_relation` (`id`, `uid`, `product_id`, `original_product_id`, `type`, `category`, `img`, `title`, `start_price`, `end_price`, `create_time`, `update_time`, `is_del`) VALUES (6775, 6, 'gPGqkKxUpXNZKDaJso5', '5OZ06eGuxtYMQk9s7vpCMtV-gPGqkKxUpXNZKDaJso5', 'collect', 'tb', 'https://img.alicdn.com/i4/2212432943249/O1CN01id3i1S1Zs5eFC18Vb_!!2212432943249.jpg_400x400', '【多款任选】夏季棉质家居服套装', '124.9', '24.9', '2023-05-02 09:10:46', NULL, 0);
INSERT INTO `mw_store_product_relation` (`id`, `uid`, `product_id`, `original_product_id`, `type`, `category`, `img`, `title`, `start_price`, `end_price`, `create_time`, `update_time`, `is_del`) VALUES (6776, 2510, 'E9z2jkVWT8hkBBxhwfDcWKV9CfbL-YZvrw_JpbuHUH1x', '', 'collect', 'pdd', 'https://t00img.yangkeduo.com/goods/images/2020-10-18/7225a55b8dcf80695751d92717109c85.jpeg', '凡雅加大加厚大包竹浆本色抽纸家用大规格可湿水面巾纸20包实惠装', '0', '39.9', '2023-05-02 09:10:54', NULL, 0);
INSERT INTO `mw_store_product_relation` (`id`, `uid`, `product_id`, `original_product_id`, `type`, `category`, `img`, `title`, `start_price`, `end_price`, `create_time`, `update_time`, `is_del`) VALUES (6777, 6, '88DbxaKC0zbVVaQGhqY', 'Yy9oXpYhptZ93nGUWqWU2t6-88DbxaKC0zbVVaQGhqY', 'collect', 'tb', 'https://img.alicdn.com/i3/210785179/O1CN019ElWLR1o823dUTgyb_!!210785179.jpg_400x400', '拍1发2！广药白云山肠胃贴', '79.9', '19.9', '2023-05-02 09:10:56', NULL, 0);
INSERT INTO `mw_store_product_relation` (`id`, `uid`, `product_id`, `original_product_id`, `type`, `category`, `img`, `title`, `start_price`, `end_price`, `create_time`, `update_time`, `is_del`) VALUES (6778, 6, 'NOGKQmNH2YBJeR93upV', '26YPOzAhotOK2Gdha3GhDtD-NOGKQmNH2YBJeR93upV', 'collect', 'tb', 'https://img.alicdn.com/imgextra/i1/3872856354/O1CN01hPempk1woBMFAN8KU_!!3872856354.png', '【稳定签到】乌龟+龟粮+饲养盒', '8.8', '5.8', '2023-05-02 09:10:59', NULL, 0);
INSERT INTO `mw_store_product_relation` (`id`, `uid`, `product_id`, `original_product_id`, `type`, `category`, `img`, `title`, `start_price`, `end_price`, `create_time`, `update_time`, `is_del`) VALUES (6779, 6, '26VpOQjCMpAa0K4QhZO', 'pBvWZynixtnW2BbfeABCptm-26VpOQjCMpAa0K4QhZO', 'collect', 'tb', 'https://img.alicdn.com/i4/626309902/O1CN018ueqIL2N1Aek5yFET_!!626309902.jpg_400x400', '【30只】国标高等级KN95防护口罩5层', '39.9', '9.9', '2023-05-02 09:11:04', NULL, 0);
INSERT INTO `mw_store_product_relation` (`id`, `uid`, `product_id`, `original_product_id`, `type`, `category`, `img`, `title`, `start_price`, `end_price`, `create_time`, `update_time`, `is_del`) VALUES (6780, 2510, 'E9j29GBqEjFkBBxhwfDcWGFQ5NYnKJQnuA_JFgpvEV8j', '', 'collect', 'pdd', 'https://img.pddpic.com/gaudit-image/2022-05-31/475c5a3c30d314c409ef6b67ff0d3201.jpeg', '白色镂空方领泡泡袖连衣裙女夏夏季小众设计清纯长裙法式茶歇裙子', '0', '47.90', '2023-05-02 09:13:14', NULL, 0);
INSERT INTO `mw_store_product_relation` (`id`, `uid`, `product_id`, `original_product_id`, `type`, `category`, `img`, `title`, `start_price`, `end_price`, `create_time`, `update_time`, `is_del`) VALUES (6781, 2467, 'E9L277jjgG5kBBxhwfDcWOhiXiay6GPTbQ_JQ4OjKimdm', '', 'collect', 'pdd', 'https://img.pddpic.com/gaudit-image/2022-03-07/c5314d576c353741fbbfe6e7bebef2fc.jpeg', '儿童幻灯片投影灯手电筒故事图案发光卡通图幼儿园早教宝宝哄睡灯', '0', '5.6', '2023-05-02 11:14:19', '2023-05-02 20:04:39', 1);
INSERT INTO `mw_store_product_relation` (`id`, `uid`, `product_id`, `original_product_id`, `type`, `category`, `img`, `title`, `start_price`, `end_price`, `create_time`, `update_time`, `is_del`) VALUES (6782, 2567, 'eQGMq6ACGqNomoOXIM', 'OJ7qxpeUzt7DYQgsNgdtMtJ-eQGMq6ACGqNomoOXIM', 'collect', 'tb', 'https://img.alicdn.com/imgextra/i4/3460989628/O1CN01SneO1i2Kzg9o3RefD_!!3460989628.jpg_400x400', '【签到+首单】超亚手口湿巾80抽*1包', '35.9', '5.9', '2023-05-02 11:48:52', NULL, 0);
INSERT INTO `mw_store_product_relation` (`id`, `uid`, `product_id`, `original_product_id`, `type`, `category`, `img`, `title`, `start_price`, `end_price`, `create_time`, `update_time`, `is_del`) VALUES (6783, 2484, 'E9b2ke8XVOFkBBxhwfDcWNANlgoKgm48Gw_Jlzw83Tnx', '', 'collect', 'pdd', 'https://t00img.yangkeduo.com/goods/images/2021-04-03/4cc8d327273a5546cc55f5a7b45e7550.jpeg', '长袖衬衫男士韩版潮流休闲上衣服春秋季ins潮牌宽松帅气百搭衬衣', '0', '39.9', '2023-05-02 13:36:59', NULL, 0);
INSERT INTO `mw_store_product_relation` (`id`, `uid`, `product_id`, `original_product_id`, `type`, `category`, `img`, `title`, `start_price`, `end_price`, `create_time`, `update_time`, `is_del`) VALUES (6784, 2483, 'E9f2wYebyfNkBBxhwf_cWM65dYO2pLJzmg_JQZFH2gCFK', '', 'collect', 'pdd', 'https://img.pddpic.com/gaudit-image/2022-11-07/24dd948710de5a4aafc556488665777c.jpeg', '饼干熊真我GT大师探索版手机壳RMX3366软壳realmegt大师版手机套', '0', '5.9', '2023-05-02 19:42:01', NULL, 0);
INSERT INTO `mw_store_product_relation` (`id`, `uid`, `product_id`, `original_product_id`, `type`, `category`, `img`, `title`, `start_price`, `end_price`, `create_time`, `update_time`, `is_del`) VALUES (6785, 2494, '3601263206372407037', '', 'collect', 'dy', 'https://p3-aio.ecombdimg.com/obj/ecom-shop-material/ejNEuYYD_m_8bc8597b442234c57d7b29e40328e114_sx_324669_www800-800', 'MiiOW/猫人男士内裤冰丝夏季薄款透气中腰无痕四角裤桑蚕丝抑抗菌', '89.9', '69.9', '2023-05-02 22:38:29', '2023-05-02 22:38:30', 1);
INSERT INTO `mw_store_product_relation` (`id`, `uid`, `product_id`, `original_product_id`, `type`, `category`, `img`, `title`, `start_price`, `end_price`, `create_time`, `update_time`, `is_del`) VALUES (6786, 2650, 'pBx2XAdIR6kzkDwoHjP', 'a2M53wPhotqeAXVfQAOCjty-pBx2XAdIR6kzkDwoHjP', 'collect', 'tb', 'https://img.alicdn.com/imgextra/i3/2207691690099/O1CN01UHqGGh1CbO1lK2tBm_!!2207691690099.png', '任选三件【CEIN】洗护组合套装！', '99.9', '39.9', '2023-05-02 22:56:27', NULL, 0);
INSERT INTO `mw_store_product_relation` (`id`, `uid`, `product_id`, `original_product_id`, `type`, `category`, `img`, `title`, `start_price`, `end_price`, `create_time`, `update_time`, `is_del`) VALUES (6787, 2675, 'emK3KOMhGpkDjkejfo', 'W7rXDGKUot3KJKGUjMqiVUa-emK3KOMhGpkDjkejfo', 'collect', 'tb', 'https://img.alicdn.com/bao/uploaded/i2/2215122952671/O1CN01AbfKXZ1VbMgxatZXT_!!2215122952671.jpg', '欧普照明LED吸顶灯简约现代客厅灯卧室餐厅灯具创意智能全屋套餐', '168', '168', '2023-05-03 10:16:10', NULL, 0);
INSERT INTO `mw_store_product_relation` (`id`, `uid`, `product_id`, `original_product_id`, `type`, `category`, `img`, `title`, `start_price`, `end_price`, `create_time`, `update_time`, `is_del`) VALUES (6788, 2675, 'bm2j297hGweX6QoMiW', 'DRxJD6QHDtaVDxAUOAeTyUn-bm2j297hGweX6QoMiW', 'collect', 'tb', 'https://img.alicdn.com/bao/uploaded/i4/822664058/O1CN01QXCzYg1fqc3x8NPds_!!822664058.jpg', '米家智能2023新款客厅灯大气简约现代全屋套餐组合灯具led吸顶灯', '188', '178', '2023-05-03 11:10:22', NULL, 0);
INSERT INTO `mw_store_product_relation` (`id`, `uid`, `product_id`, `original_product_id`, `type`, `category`, `img`, `title`, `start_price`, `end_price`, `create_time`, `update_time`, `is_del`) VALUES (6789, 2411, 'ANgJ0akHKV7GdOwWFY6', 'dXQk8NIZtyYVYytj4wuet3-ANgJ0akHKV7GdOwWFY6', 'collect', 'tb', 'https://img.alicdn.com/imgextra/i2/628177660/O1CN01CNyxyF26SKhLhUwCs_!!628177660.jpg_400x400', '【爱拉森】妮佳天使透气拉拉裤', '58.9', '26.9', '2023-05-03 12:55:26', NULL, 0);
INSERT INTO `mw_store_product_relation` (`id`, `uid`, `product_id`, `original_product_id`, `type`, `category`, `img`, `title`, `start_price`, `end_price`, `create_time`, `update_time`, `is_del`) VALUES (6790, 2614, 'E9_2_vOjvqJkBBxhwfDcV-6wH59CWnQQUA_JCe9OZyZj', '', 'collect', 'pdd', 'https://img.pddpic.com/gaudit-image/2022-08-03/2401b89158cd0c489e9445841956935f.jpeg', '【抖音同款】罗美诗富勒烯冻干粉保湿补水冰膜修复提亮美白缩毛孔', '0', '19.9', '2023-05-03 13:17:04', NULL, 0);
INSERT INTO `mw_store_product_relation` (`id`, `uid`, `product_id`, `original_product_id`, `type`, `category`, `img`, `title`, `start_price`, `end_price`, `create_time`, `update_time`, `is_del`) VALUES (6791, 6, 'RgG3Qn8cVKDz5DmXI6v', 'vkYRWjPSZtoeR8DSABWH0te-RgG3Qn8cVKDz5DmXI6v', 'collect', 'tb', 'https://img.alicdn.com/imgextra/i1/4027202011/O1CN01KNdr4h1Qj5JzjrEZV_!!4027202011.jpg_400x400', '首单+签到！4支装成人超柔软毛牙刷', '14.9', '7.9', '2023-05-03 14:23:18', NULL, 0);
INSERT INTO `mw_store_product_relation` (`id`, `uid`, `product_id`, `original_product_id`, `type`, `category`, `img`, `title`, `start_price`, `end_price`, `create_time`, `update_time`, `is_del`) VALUES (6792, 6, 'BAvQrapUrV7dvROrf6G', 'r9PyapQhOto36ygT6y7TqtZ-BAvQrapUrV7dvROrf6G', 'collect', 'tb', 'https://img.alicdn.com/imgextra/i4/2206401696446/O1CN01mTEgFy1xUJrOtN9lX_!!2206401696446.png', '【水韵梦】修护补水提亮收缩温变面膜组合', '129.8', '39.8', '2023-05-03 14:24:56', NULL, 0);
INSERT INTO `mw_store_product_relation` (`id`, `uid`, `product_id`, `original_product_id`, `type`, `category`, `img`, `title`, `start_price`, `end_price`, `create_time`, `update_time`, `is_del`) VALUES (6793, 6, 'jGwQkK5TvNqYxA4gFzO', 'dMbnAegsZtyxP3bIjJ0tet3-jGwQkK5TvNqYxA4gFzO', 'collect', 'tb', 'https://img.alicdn.com/imgextra/i4/3460989628/O1CN01KwRxhj2Kzg4yf0xvk_!!3460989628.jpg_400x400', '【南京同仁堂】蜂毒膏药贴10片', '59.9', '12.9', '2023-05-08 20:55:23', NULL, 0);
INSERT INTO `mw_store_product_relation` (`id`, `uid`, `product_id`, `original_product_id`, `type`, `category`, `img`, `title`, `start_price`, `end_price`, `create_time`, `update_time`, `is_del`) VALUES (6794, 6, '3615533830099857941', '', 'collect', 'dy', 'https://p6-aio.ecombdimg.com/obj/ecom-shop-material/KnoMdPaL_m_a6b9f600201fe6e5b40103ef2e61b785_sx_291192_www1200-1200', '【预售】温与柔【唐宫】新中式碎花小众吊带长款连衣裙薄款气质', '69', '49', '2023-06-06 19:35:04', NULL, 0);
INSERT INTO `mw_store_product_relation` (`id`, `uid`, `product_id`, `original_product_id`, `type`, `category`, `img`, `title`, `start_price`, `end_price`, `create_time`, `update_time`, `is_del`) VALUES (6795, 2743, 'eQGMq6ACGwGkOy85F9D', '7X9rnAs4t46enRhn32FMtV-eQGMq6ACGwGkOy85F9D', 'collect', 'tb', 'https://img.alicdn.com/i1/725677994/O1CN01Mnn4dK28vIxhe1bpr_!!725677994.jpg_400x400', '2件！立白小苍兰香氛柔顺洗衣凝珠34颗/盒', '49.9', '29.9', '2023-08-04 16:16:31', NULL, 0);

INSERT INTO `mw_store_product_attr_value` (`id`, `product_id`, `sku`, `stock`, `sales`, `price`, `image`, `unique`, `cost`, `bar_code`, `ot_price`, `weight`, `volume`, `brokerage`, `brokerage_two`, `pink_price`, `pink_stock`, `seckill_price`, `seckill_stock`, `integral`) VALUES (79, 2, 'A4,白色', 987, 4, 10.00, 'https://consoleapi.mailvor.com/file/pic/20200903171807584910.jpg', '04e9d586cef8464aaee0a45439f12520', 11.00, '00001', 12.00, 0.00, 0.00, 0.00, 0.00, 11.09, 99, 1.00, 100, NULL);
INSERT INTO `mw_store_product_attr_value` (`id`, `product_id`, `sku`, `stock`, `sales`, `price`, `image`, `unique`, `cost`, `bar_code`, `ot_price`, `weight`, `volume`, `brokerage`, `brokerage_two`, `pink_price`, `pink_stock`, `seckill_price`, `seckill_stock`, `integral`) VALUES (80, 2, 'A4,红色', 661, 0, 11.00, 'https://consoleapi.mailvor.com/file/pic/20200903171807584910.jpg', '3d1ffa92e6064c36b614d3046c268968', 11.00, '00002', 12.00, 0.00, 0.00, 0.00, 0.00, 22.88, 99, 2.00, 100, NULL);
INSERT INTO `mw_store_product_attr_value` (`id`, `product_id`, `sku`, `stock`, `sales`, `price`, `image`, `unique`, `cost`, `bar_code`, `ot_price`, `weight`, `volume`, `brokerage`, `brokerage_two`, `pink_price`, `pink_stock`, `seckill_price`, `seckill_stock`, `integral`) VALUES (81, 2, 'A3,白色', 995, 0, 12.00, 'https://consoleapi.mailvor.com/file/pic/20200903171807584910.jpg', '344f3a0e9d644845ae483c8b9a84a112', 11.00, '00003', 12.00, 0.00, 0.00, 0.00, 0.00, 33.89, 99, 3.00, 100, NULL);
INSERT INTO `mw_store_product_attr_value` (`id`, `product_id`, `sku`, `stock`, `sales`, `price`, `image`, `unique`, `cost`, `bar_code`, `ot_price`, `weight`, `volume`, `brokerage`, `brokerage_two`, `pink_price`, `pink_stock`, `seckill_price`, `seckill_stock`, `integral`) VALUES (82, 2, 'A3,红色', 665, 0, 13.00, 'https://consoleapi.mailvor.com/file/pic/20200903171807584910.jpg', '4a9ca8587855412ea7be9ba53f829052', 11.00, '00004', 12.00, 0.00, 0.00, 0.00, 0.00, 45.66, 100, 4.00, 100, NULL);
INSERT INTO `mw_store_product_attr_value` (`id`, `product_id`, `sku`, `stock`, `sales`, `price`, `image`, `unique`, `cost`, `bar_code`, `ot_price`, `weight`, `volume`, `brokerage`, `brokerage_two`, `pink_price`, `pink_stock`, `seckill_price`, `seckill_stock`, `integral`) VALUES (83, 0, '默认', 10, 0, 100.00, 'https://consoleapi.mailvor.com/file/pic/20200911093912577832.png', 'bbdc071ff67c4892839eac9f62e7eb18', 110.00, '', 120.00, 0.00, 0.00, 0.00, 0.00, 0.00, 0, 0.00, 0, NULL);
INSERT INTO `mw_store_product_attr_value` (`id`, `product_id`, `sku`, `stock`, `sales`, `price`, `image`, `unique`, `cost`, `bar_code`, `ot_price`, `weight`, `volume`, `brokerage`, `brokerage_two`, `pink_price`, `pink_stock`, `seckill_price`, `seckill_stock`, `integral`) VALUES (120, 8, 'A4,白色', 95, 0, 9.00, 'https://image.mailvor.cn/5ca081af6183f.jpg', '9306b671348a41d2966392578a31e00b', 1.00, '', 12.00, 0.00, 0.00, 1.00, 1.00, 1.00, 9, 1.00, 10, 0000000100);
INSERT INTO `mw_store_product_attr_value` (`id`, `product_id`, `sku`, `stock`, `sales`, `price`, `image`, `unique`, `cost`, `bar_code`, `ot_price`, `weight`, `volume`, `brokerage`, `brokerage_two`, `pink_price`, `pink_stock`, `seckill_price`, `seckill_stock`, `integral`) VALUES (121, 8, 'A4,红色', 99, 0, 8.00, 'https://image.mailvor.cn/5ca081af6183f.jpg', 'e3fc8496d4a0484a9946d84b03a78eee', 1.00, '', 9.00, 0.00, 0.00, 1.00, 1.00, 2.00, 10, 1.00, 10, 0000000200);
INSERT INTO `mw_store_product_attr_value` (`id`, `product_id`, `sku`, `stock`, `sales`, `price`, `image`, `unique`, `cost`, `bar_code`, `ot_price`, `weight`, `volume`, `brokerage`, `brokerage_two`, `pink_price`, `pink_stock`, `seckill_price`, `seckill_stock`, `integral`) VALUES (122, 8, 'A3,白色', 88, 0, 7.00, 'https://image.mailvor.cn/5ca081af6183f.jpg', 'a05ff262758548edbef5fda9e6dc26de', 1.00, '', 9.00, 0.00, 0.00, 1.00, 1.00, 0.50, 10, 0.10, 10, 0000000300);
INSERT INTO `mw_store_product_attr_value` (`id`, `product_id`, `sku`, `stock`, `sales`, `price`, `image`, `unique`, `cost`, `bar_code`, `ot_price`, `weight`, `volume`, `brokerage`, `brokerage_two`, `pink_price`, `pink_stock`, `seckill_price`, `seckill_stock`, `integral`) VALUES (123, 8, 'A3,红色', 88, 0, 6.00, 'https://image.mailvor.cn/5ca081af6183f.jpg', 'dc866a081e2b4a72b2ee9468ad7ba171', 1.00, '', 9.00, 0.00, 0.00, 1.00, 1.00, 1.00, 9, 0.10, 9, 0000000400);
INSERT INTO `mw_store_product_attr_value` (`id`, `product_id`, `sku`, `stock`, `sales`, `price`, `image`, `unique`, `cost`, `bar_code`, `ot_price`, `weight`, `volume`, `brokerage`, `brokerage_two`, `pink_price`, `pink_stock`, `seckill_price`, `seckill_stock`, `integral`) VALUES (124, 8, 'A5,白色', 65, 0, 5.00, 'https://image.mailvor.cn/5ca081af6183f.jpg', '094a42db903648acb275c868af2bd6ba', 1.00, '', 9.00, 0.00, 0.00, 1.00, 1.00, 2.00, 9, 0.10, 9, 0000000500);
INSERT INTO `mw_store_product_attr_value` (`id`, `product_id`, `sku`, `stock`, `sales`, `price`, `image`, `unique`, `cost`, `bar_code`, `ot_price`, `weight`, `volume`, `brokerage`, `brokerage_two`, `pink_price`, `pink_stock`, `seckill_price`, `seckill_stock`, `integral`) VALUES (125, 8, 'A5,红色', 66, 0, 4.00, 'https://image.mailvor.cn/5ca081af6183f.jpg', 'c35190bdfb5248ba9a219481adef9b1b', 1.00, '', 9.00, 0.00, 0.00, 1.00, 1.00, 3.00, 9, 0.10, 9, 0000069090);
INSERT INTO `mw_store_product_attr_value` (`id`, `product_id`, `sku`, `stock`, `sales`, `price`, `image`, `unique`, `cost`, `bar_code`, `ot_price`, `weight`, `volume`, `brokerage`, `brokerage_two`, `pink_price`, `pink_stock`, `seckill_price`, `seckill_stock`, `integral`) VALUES (134, 7, '默认', 10, 0, 100.00, 'https://img10.360buyimg.com/n1/s450x450_jfs/t1/216578/34/14150/121785/62286978E1a6f4ef0/b6b32191c26d161b.jpg', 'd1e7decf0fa14842bfedadf26c977bfb', 110.00, '', 120.00, 0.00, 0.00, 0.00, 0.00, 1.00, 10, 0.00, 0, 0000000000);
INSERT INTO `mw_store_product_attr_value` (`id`, `product_id`, `sku`, `stock`, `sales`, `price`, `image`, `unique`, `cost`, `bar_code`, `ot_price`, `weight`, `volume`, `brokerage`, `brokerage_two`, `pink_price`, `pink_stock`, `seckill_price`, `seckill_stock`, `integral`) VALUES (135, 6, '默认', 9989, 0, 11.00, 'https://img10.360buyimg.com/n1/s450x450_jfs/t1/216578/34/14150/121785/62286978E1a6f4ef0/b6b32191c26d161b.jpg', '8f5f41f60d974416a85ea173b3a6cecc', 22.00, '00002', 33.00, 1.00, 1.00, 0.00, 0.00, 19.90, 99, 22.98, 2000, 0000000000);
INSERT INTO `mw_store_product_attr_value` (`id`, `product_id`, `sku`, `stock`, `sales`, `price`, `image`, `unique`, `cost`, `bar_code`, `ot_price`, `weight`, `volume`, `brokerage`, `brokerage_two`, `pink_price`, `pink_stock`, `seckill_price`, `seckill_stock`, `integral`) VALUES (136, 5, '默认', 11, 0, 2.00, 'https://img10.360buyimg.com/n1/s450x450_jfs/t1/216578/34/14150/121785/62286978E1a6f4ef0/b6b32191c26d161b.jpg', '03aa5b9d20a749caada825db1ebcdae7', 1.00, '1231321', 11.00, 1.00, 1.00, 0.00, 0.00, 29.00, 10, 11.99, 10, 0000000000);
INSERT INTO `mw_store_product_attr_value` (`id`, `product_id`, `sku`, `stock`, `sales`, `price`, `image`, `unique`, `cost`, `bar_code`, `ot_price`, `weight`, `volume`, `brokerage`, `brokerage_two`, `pink_price`, `pink_stock`, `seckill_price`, `seckill_stock`, `integral`) VALUES (137, 4, '默认', 93, 0, 0.00, 'https://img10.360buyimg.com/n1/s450x450_jfs/t1/216578/34/14150/121785/62286978E1a6f4ef0/b6b32191c26d161b.jpg', '5b83c22330e34146aaef0904f262dc61', 0.00, '', 0.00, 0.00, 0.00, 0.00, 0.00, 22.00, 18, 0.00, 0, 0000000000);
INSERT INTO `mw_store_product_attr_value` (`id`, `product_id`, `sku`, `stock`, `sales`, `price`, `image`, `unique`, `cost`, `bar_code`, `ot_price`, `weight`, `volume`, `brokerage`, `brokerage_two`, `pink_price`, `pink_stock`, `seckill_price`, `seckill_stock`, `integral`) VALUES (138, 3, '默认', 9999, 0, 2.00, 'https://img10.360buyimg.com/n1/s450x450_jfs/t1/216578/34/14150/121785/62286978E1a6f4ef0/b6b32191c26d161b.jpg', '66e5d538f7d54912a154df806f84ef6d', 1.00, '', 1.00, 0.00, 0.00, 0.00, 0.00, 119.99, 10, 0.00, 0, 0000000000);
INSERT INTO `mw_store_product_attr_value` (`id`, `product_id`, `sku`, `stock`, `sales`, `price`, `image`, `unique`, `cost`, `bar_code`, `ot_price`, `weight`, `volume`, `brokerage`, `brokerage_two`, `pink_price`, `pink_stock`, `seckill_price`, `seckill_stock`, `integral`) VALUES (139, 1, '默认', 999, 0, 2.00, 'https://img10.360buyimg.com/n1/s450x450_jfs/t1/216578/34/14150/121785/62286978E1a6f4ef0/b6b32191c26d161b.jpg', '34617ba8f9944ce6943e66991cd9e32a', 3.00, '00005', 1.00, 0.00, 0.00, 0.00, 0.00, 0.10, 100, 0.20, 100, 0000000000);

INSERT INTO `mw_store_product_attr_result` (`id`, `product_id`, `result`, `change_time`) VALUES (69, 7, '{\"attr\":[{\"attrHidden\":\"\",\"detail\":[\"默认\"],\"detailValue\":\"\",\"value\":\"规格\"}],\"value\":[{\"barCode\":\"\",\"brokerage\":0.0,\"brokerageTwo\":0.0,\"cost\":110.0,\"detail\":{\"规格\":\"默认\"},\"integral\":0,\"otPrice\":120.0,\"pic\":\"https://img10.360buyimg.com/n1/s450x450_jfs/t1/216578/34/14150/121785/62286978E1a6f4ef0/b6b32191c26d161b.jpg\",\"pinkPrice\":1.0,\"pinkStock\":10,\"price\":100.0,\"seckillPrice\":0.0,\"seckillStock\":0,\"stock\":10,\"value1\":\"规格\",\"volume\":0.0,\"weight\":0.0}]}', '2022-07-31 08:44:08');
INSERT INTO `mw_store_product_attr_result` (`id`, `product_id`, `result`, `change_time`) VALUES (70, 6, '{\"attr\":[{\"attrHidden\":\"\",\"detail\":[\"默认\"],\"detailValue\":\"\",\"value\":\"规格\"}],\"value\":[{\"barCode\":\"00002\",\"brokerage\":0.0,\"brokerageTwo\":0.0,\"cost\":22.0,\"detail\":{\"规格\":\"默认\"},\"integral\":0,\"otPrice\":33.0,\"pic\":\"https://img10.360buyimg.com/n1/s450x450_jfs/t1/216578/34/14150/121785/62286978E1a6f4ef0/b6b32191c26d161b.jpg\",\"pinkPrice\":19.9,\"pinkStock\":99,\"price\":11.0,\"seckillPrice\":22.98,\"seckillStock\":2000,\"stock\":9989,\"value1\":\"规格\",\"volume\":1.0,\"weight\":1.0}]}', '2022-07-31 08:44:36');
INSERT INTO `mw_store_product_attr_result` (`id`, `product_id`, `result`, `change_time`) VALUES (71, 5, '{\"attr\":[{\"attrHidden\":\"\",\"detail\":[\"默认\"],\"detailValue\":\"\",\"value\":\"规格\"}],\"value\":[{\"barCode\":\"1231321\",\"brokerage\":0.0,\"brokerageTwo\":0.0,\"cost\":1.0,\"detail\":{\"规格\":\"默认\"},\"integral\":0,\"otPrice\":11.0,\"pic\":\"https://img10.360buyimg.com/n1/s450x450_jfs/t1/216578/34/14150/121785/62286978E1a6f4ef0/b6b32191c26d161b.jpg\",\"pinkPrice\":29.0,\"pinkStock\":10,\"price\":2.0,\"seckillPrice\":11.99,\"seckillStock\":10,\"stock\":11,\"value1\":\"规格\",\"volume\":1.0,\"weight\":1.0}]}', '2022-07-31 08:44:53');
INSERT INTO `mw_store_product_attr_result` (`id`, `product_id`, `result`, `change_time`) VALUES (72, 4, '{\"attr\":[{\"attrHidden\":\"\",\"detail\":[\"默认\"],\"detailValue\":\"\",\"value\":\"规格\"}],\"value\":[{\"barCode\":\"\",\"brokerage\":0.0,\"brokerageTwo\":0.0,\"cost\":0.0,\"detail\":{\"规格\":\"默认\"},\"integral\":0,\"otPrice\":0.0,\"pic\":\"https://img10.360buyimg.com/n1/s450x450_jfs/t1/216578/34/14150/121785/62286978E1a6f4ef0/b6b32191c26d161b.jpg\",\"pinkPrice\":22.0,\"pinkStock\":18,\"price\":0.0,\"seckillPrice\":0.0,\"seckillStock\":0,\"stock\":93,\"value1\":\"规格\",\"volume\":0.0,\"weight\":0.0}]}', '2022-07-31 08:45:06');
INSERT INTO `mw_store_product_attr_result` (`id`, `product_id`, `result`, `change_time`) VALUES (73, 3, '{\"attr\":[{\"attrHidden\":\"\",\"detail\":[\"默认\"],\"detailValue\":\"\",\"value\":\"规格\"}],\"value\":[{\"barCode\":\"\",\"brokerage\":0.0,\"brokerageTwo\":0.0,\"cost\":1.0,\"detail\":{\"规格\":\"默认\"},\"integral\":0,\"otPrice\":1.0,\"pic\":\"https://img10.360buyimg.com/n1/s450x450_jfs/t1/216578/34/14150/121785/62286978E1a6f4ef0/b6b32191c26d161b.jpg\",\"pinkPrice\":119.99,\"pinkStock\":10,\"price\":2.0,\"seckillPrice\":0.0,\"seckillStock\":0,\"stock\":9999,\"value1\":\"规格\",\"volume\":0.0,\"weight\":0.0}]}', '2022-07-31 08:46:04');
INSERT INTO `mw_store_product_attr_result` (`id`, `product_id`, `result`, `change_time`) VALUES (74, 1, '{\"attr\":[{\"attrHidden\":\"\",\"detail\":[\"默认\"],\"detailValue\":\"\",\"value\":\"规格\"}],\"value\":[{\"barCode\":\"00005\",\"brokerage\":0.0,\"brokerageTwo\":0.0,\"cost\":3.0,\"detail\":{\"规格\":\"默认\"},\"integral\":0,\"otPrice\":1.0,\"pic\":\"https://img10.360buyimg.com/n1/s450x450_jfs/t1/216578/34/14150/121785/62286978E1a6f4ef0/b6b32191c26d161b.jpg\",\"pinkPrice\":0.1,\"pinkStock\":100,\"price\":2.0,\"seckillPrice\":0.2,\"seckillStock\":100,\"stock\":999,\"value1\":\"规格\",\"volume\":0.0,\"weight\":0.0}]}', '2022-07-31 08:46:16');

INSERT INTO `mw_store_product_attr` (`id`, `product_id`, `attr_name`, `attr_values`) VALUES (57, 2, '纸张', 'A4,A3');
INSERT INTO `mw_store_product_attr` (`id`, `product_id`, `attr_name`, `attr_values`) VALUES (58, 2, '颜色', '白色,红色');
INSERT INTO `mw_store_product_attr` (`id`, `product_id`, `attr_name`, `attr_values`) VALUES (59, 0, '规格', '默认');
INSERT INTO `mw_store_product_attr` (`id`, `product_id`, `attr_name`, `attr_values`) VALUES (76, 8, '纸张', 'A4,A3,A5');
INSERT INTO `mw_store_product_attr` (`id`, `product_id`, `attr_name`, `attr_values`) VALUES (77, 8, '颜色', '白色,红色');
INSERT INTO `mw_store_product_attr` (`id`, `product_id`, `attr_name`, `attr_values`) VALUES (86, 7, '规格', '默认');
INSERT INTO `mw_store_product_attr` (`id`, `product_id`, `attr_name`, `attr_values`) VALUES (87, 6, '规格', '默认');
INSERT INTO `mw_store_product_attr` (`id`, `product_id`, `attr_name`, `attr_values`) VALUES (88, 5, '规格', '默认');
INSERT INTO `mw_store_product_attr` (`id`, `product_id`, `attr_name`, `attr_values`) VALUES (89, 4, '规格', '默认');
INSERT INTO `mw_store_product_attr` (`id`, `product_id`, `attr_name`, `attr_values`) VALUES (90, 3, '规格', '默认');
INSERT INTO `mw_store_product_attr` (`id`, `product_id`, `attr_name`, `attr_values`) VALUES (91, 1, '规格', '默认');

INSERT INTO `mw_store_product` (`id`, `mer_id`, `image`, `slider_image`, `store_name`, `store_info`, `keyword`, `bar_code`, `cate_id`, `price`, `vip_price`, `ot_price`, `postage`, `unit_name`, `sort`, `sales`, `stock`, `is_show`, `is_hot`, `is_benefit`, `is_best`, `is_new`, `description`, `create_time`, `update_time`, `is_postage`, `is_del`, `mer_use`, `give_integral`, `cost`, `is_seckill`, `is_bargain`, `is_good`, `ficti`, `browse`, `code_path`, `is_sub`, `temp_id`, `spec_type`, `is_integral`, `integral`) VALUES (1, 0, 'https://m.360buyimg.com/mobilecms/s750x750_jfs/t1/131119/27/26844/20436/631938aaEcb21d77f/c6b07559e6a6db21.jpg!q80.dpg', 'https://img13.360buyimg.com/cms/jfs/t1/58071/39/19839/119559/63190110Edac0cea7/b62a84f1b8775fef.jpg!q70.dpg.webp,https://img14.360buyimg.com/cms/jfs/t1/138903/36/29400/86115/63190110E0a98c819/d2efbef39eeb2995.jpg!q70.dpg.webp,https://img12.360buyimg.com/cms/jfs/t1/176347/20/28995/115695/63190110Ef5d766f9/aee3d2d866522f66.jpg!q70.dpg.webp,https://img30.360buyimg.com/cms/jfs/t1/120515/39/28721/142961/63190110Eec31e31a/3486d6a065a18ddc.jpg!q70.dpg.webp,https://img13.360buyimg.com/cms/jfs/t1/30161/12/17674/81508/63190110E1385cf61/f05a2a43f4d304ff.jpg!q70.dpg.webp,https://img12.360buyimg.com/cms/jfs/t1/100037/16/31071/62177/6319010fE871efe01/b01a6f981c268e38.jpg!q70.dpg.webp,https://img14.360buyimg.com/cms/jfs/t1/90843/33/25852/74752/63190110E373559f4/74b6b52a3fb08c66.jpg!q70.dpg.webp,https://img14.360buyimg.com/cms/jfs/t1/181914/22/28400/126094/63190110Edefb838c/802a16e758be2b1d.jpg!q70.dpg.webp', 'Apple iPhone 14 (A2884) 128GB 蓝色 支持移动联通电信5G 双卡双待手机', '照片打印', '照片打印', '', '5', 566000.00, 0.00, 5999.00, 0.00, '张', 0, 8, 999, 1, 0, 0, 0, 0, '<p><br/></p><p><img style=\"max-width: 100%;\" src=\"https://image.xxx.cn/5ca04fa9c08ef.jpg\"/></p>', '2020-09-04 17:41:30', '2022-07-31 08:46:16', 0, 0, 0, 0.00, 3.00, 0, NULL, 0, 0, 30, '', 0, 34, 0, 1, 0);
INSERT INTO `mw_store_product` (`id`, `mer_id`, `image`, `slider_image`, `store_name`, `store_info`, `keyword`, `bar_code`, `cate_id`, `price`, `vip_price`, `ot_price`, `postage`, `unit_name`, `sort`, `sales`, `stock`, `is_show`, `is_hot`, `is_benefit`, `is_best`, `is_new`, `description`, `create_time`, `update_time`, `is_postage`, `is_del`, `mer_use`, `give_integral`, `cost`, `is_seckill`, `is_bargain`, `is_good`, `ficti`, `browse`, `code_path`, `is_sub`, `temp_id`, `spec_type`, `is_integral`, `integral`) VALUES (3, 0, 'https://m.360buyimg.com/mobilecms/s1200x1200_jfs/t1/92418/24/31571/21295/63191aabE6486a021/c256de7cacaf6bf8.jpg!q70.dpg.webp', 'https://img14.360buyimg.com/cms/jfs/t1/75236/15/22098/83279/63190376E90c3b8e0/d21035f4461d15c0.jpg!q70.dpg.webp,https://img13.360buyimg.com/cms/jfs/t1/129154/17/26205/87713/63190376E36e3db0c/fdd6b8272f0aa751.jpg!q70.dpg.webp,https://img14.360buyimg.com/cms/jfs/t1/163928/38/27421/242227/63190377E416e054a/39661dce8db91e86.jpg!q70.dpg.webp,https://img14.360buyimg.com/cms/jfs/t1/173743/1/29620/216034/63190377Ed6c31d51/e7dcfeacb47d6424.jpg!q70.dpg.webp,https://img12.360buyimg.com/cms/jfs/t1/36990/7/16379/94490/63190376E17705e56/1bb6f89f23b961e4.jpg!q70.dpg.webp,https://img20.360buyimg.com/cms/jfs/t1/162711/9/27039/87564/63190376E76a22050/a9078c329f7f8d71.jpg!q70.dpg.webp,https://img10.360buyimg.com/cms/jfs/t1/177228/23/27797/96223/63190376Eb36877f5/01689953bb2d91fc.jpg!q70.dpg.webp,https://img14.360buyimg.com/cms/jfs/t1/195677/31/28313/155646/63190377Ecbbe27a1/0ce60c75b2189b95.jpg!q70.dpg.webp', 'Apple iPhone 14 Pro (A2892) 128GB 金色 支持移动联通电信5G 双卡双待手机', '彩色复印', '彩色复印', '', '3', 766000.00, 0.00, 7999.00, 0.00, '张', 0, 11, 9996, 1, 1, 1, 0, 0, '<p>1111</p>', '2020-09-07 13:14:50', '2022-07-31 08:46:03', 0, 0, 0, 0.00, 1.00, 0, NULL, 0, 0, 60, '', 0, 34, 0, 1, 0);
INSERT INTO `mw_store_product` (`id`, `mer_id`, `image`, `slider_image`, `store_name`, `store_info`, `keyword`, `bar_code`, `cate_id`, `price`, `vip_price`, `ot_price`, `postage`, `unit_name`, `sort`, `sales`, `stock`, `is_show`, `is_hot`, `is_benefit`, `is_best`, `is_new`, `description`, `create_time`, `update_time`, `is_postage`, `is_del`, `mer_use`, `give_integral`, `cost`, `is_seckill`, `is_bargain`, `is_good`, `ficti`, `browse`, `code_path`, `is_sub`, `temp_id`, `spec_type`, `is_integral`, `integral`) VALUES (4, 0, 'https://m.360buyimg.com/mobilecms/s1200x1200_jfs/t1/167592/28/30038/22527/6319155cEbc363804/2f109f5a85702974.jpg!q70.dpg.webp', 'https://img14.360buyimg.com/cms/jfs/t1/75236/15/22098/83279/63190376E90c3b8e0/d21035f4461d15c0.jpg!q70.dpg.webp,https://img13.360buyimg.com/cms/jfs/t1/129154/17/26205/87713/63190376E36e3db0c/fdd6b8272f0aa751.jpg!q70.dpg.webp,https://img14.360buyimg.com/cms/jfs/t1/163928/38/27421/242227/63190377E416e054a/39661dce8db91e86.jpg!q70.dpg.webp,https://img14.360buyimg.com/cms/jfs/t1/173743/1/29620/216034/63190377Ed6c31d51/e7dcfeacb47d6424.jpg!q70.dpg.webp,https://img12.360buyimg.com/cms/jfs/t1/36990/7/16379/94490/63190376E17705e56/1bb6f89f23b961e4.jpg!q70.dpg.webp,https://img20.360buyimg.com/cms/jfs/t1/162711/9/27039/87564/63190376E76a22050/a9078c329f7f8d71.jpg!q70.dpg.webp,https://img10.360buyimg.com/cms/jfs/t1/177228/23/27797/96223/63190376Eb36877f5/01689953bb2d91fc.jpg!q70.dpg.webp,https://img14.360buyimg.com/cms/jfs/t1/195677/31/28313/155646/63190377Ecbbe27a1/0ce60c75b2189b95.jpg!q70.dpg.webp', 'Apple iPhone 14 Pro Max (A2896) 128GB 金色 支持移动联通电信5G 双卡双待手机', '户外写真背胶', '户外写真背胶', '', '3', 879000.00, 0.00, 8999.00, 0.00, '米', 0, 24, 93, 1, 1, 1, 0, 0, '<p>户外写真背胶</p>', '2020-09-07 13:16:02', '2022-07-31 08:45:06', 0, 0, 0, 0.00, 0.00, 0, NULL, 0, 0, 69, '', 0, 34, 0, 1, 0);
INSERT INTO `mw_store_product` (`id`, `mer_id`, `image`, `slider_image`, `store_name`, `store_info`, `keyword`, `bar_code`, `cate_id`, `price`, `vip_price`, `ot_price`, `postage`, `unit_name`, `sort`, `sales`, `stock`, `is_show`, `is_hot`, `is_benefit`, `is_best`, `is_new`, `description`, `create_time`, `update_time`, `is_postage`, `is_del`, `mer_use`, `give_integral`, `cost`, `is_seckill`, `is_bargain`, `is_good`, `ficti`, `browse`, `code_path`, `is_sub`, `temp_id`, `spec_type`, `is_integral`, `integral`) VALUES (5, 0, 'https://m.360buyimg.com/mobilecms/s1200x1200_jfs/t1/107136/12/18303/18249/631919b4Ee80641d3/9fee50260dbe61a3.jpg!q70.dpg.webp', 'https://img14.360buyimg.com/cms/jfs/t1/75236/15/22098/83279/63190376E90c3b8e0/d21035f4461d15c0.jpg!q70.dpg.webp,https://img13.360buyimg.com/cms/jfs/t1/129154/17/26205/87713/63190376E36e3db0c/fdd6b8272f0aa751.jpg!q70.dpg.webp,https://img14.360buyimg.com/cms/jfs/t1/163928/38/27421/242227/63190377E416e054a/39661dce8db91e86.jpg!q70.dpg.webp,https://img14.360buyimg.com/cms/jfs/t1/173743/1/29620/216034/63190377Ed6c31d51/e7dcfeacb47d6424.jpg!q70.dpg.webp,https://img12.360buyimg.com/cms/jfs/t1/36990/7/16379/94490/63190376E17705e56/1bb6f89f23b961e4.jpg!q70.dpg.webp,https://img20.360buyimg.com/cms/jfs/t1/162711/9/27039/87564/63190376E76a22050/a9078c329f7f8d71.jpg!q70.dpg.webp,https://img10.360buyimg.com/cms/jfs/t1/177228/23/27797/96223/63190376Eb36877f5/01689953bb2d91fc.jpg!q70.dpg.webp,https://img14.360buyimg.com/cms/jfs/t1/195677/31/28313/155646/63190377Ecbbe27a1/0ce60c75b2189b95.jpg!q70.dpg.webp', 'Apple iPhone 14 Pro Max (A2896) 256GB 深空黑色 支持移动联通电信5G 双卡双待手机', '广告版定制', '广告版定制', '', '3', 978000.00, 0.00, 9899.00, 0.00, '米', 0, 23, 4, 1, 1, 1, 1, 1, '<p>广告版定制</p>', '2020-09-07 13:17:49', '2022-07-31 08:44:53', 0, 0, 0, 0.00, 1.00, 0, NULL, 0, 0, 72, '', 0, 34, 0, 1, 0);
INSERT INTO `mw_store_product` (`id`, `mer_id`, `image`, `slider_image`, `store_name`, `store_info`, `keyword`, `bar_code`, `cate_id`, `price`, `vip_price`, `ot_price`, `postage`, `unit_name`, `sort`, `sales`, `stock`, `is_show`, `is_hot`, `is_benefit`, `is_best`, `is_new`, `description`, `create_time`, `update_time`, `is_postage`, `is_del`, `mer_use`, `give_integral`, `cost`, `is_seckill`, `is_bargain`, `is_good`, `ficti`, `browse`, `code_path`, `is_sub`, `temp_id`, `spec_type`, `is_integral`, `integral`) VALUES (6, 0, 'https://m.360buyimg.com/mobilecms/s1200x1200_jfs/t1/182366/34/28258/20074/63191925Ee6fb2022/05a2d825e3e954b0.jpg!q70.dpg.webp', 'https://img14.360buyimg.com/cms/jfs/t1/75236/15/22098/83279/63190376E90c3b8e0/d21035f4461d15c0.jpg!q70.dpg.webp,https://img13.360buyimg.com/cms/jfs/t1/129154/17/26205/87713/63190376E36e3db0c/fdd6b8272f0aa751.jpg!q70.dpg.webp,https://img14.360buyimg.com/cms/jfs/t1/163928/38/27421/242227/63190377E416e054a/39661dce8db91e86.jpg!q70.dpg.webp,https://img14.360buyimg.com/cms/jfs/t1/173743/1/29620/216034/63190377Ed6c31d51/e7dcfeacb47d6424.jpg!q70.dpg.webp,https://img12.360buyimg.com/cms/jfs/t1/36990/7/16379/94490/63190376E17705e56/1bb6f89f23b961e4.jpg!q70.dpg.webp,https://img20.360buyimg.com/cms/jfs/t1/162711/9/27039/87564/63190376E76a22050/a9078c329f7f8d71.jpg!q70.dpg.webp,https://img10.360buyimg.com/cms/jfs/t1/177228/23/27797/96223/63190376Eb36877f5/01689953bb2d91fc.jpg!q70.dpg.webp,https://img14.360buyimg.com/cms/jfs/t1/195677/31/28313/155646/63190377Ecbbe27a1/0ce60c75b2189b95.jpg!q70.dpg.webp', 'Apple iPhone 14 Pro Max (A2896) 256GB 银色 支持移动联通电信5G 双卡双待手机', '印刷各种印刷', '印刷各种印刷', '', '3', 978000.00, 0.00, 9899.00, 0.00, '张', 1, 39, 9985, 1, 1, 1, 0, 0, '<p>印刷各种印刷</p>', '2020-09-07 13:18:45', '2022-07-31 08:44:36', 0, 0, 0, 1.00, 22.00, 0, NULL, 0, 2, 228, '', 0, 34, 0, 1, 0);
INSERT INTO `mw_store_product` (`id`, `mer_id`, `image`, `slider_image`, `store_name`, `store_info`, `keyword`, `bar_code`, `cate_id`, `price`, `vip_price`, `ot_price`, `postage`, `unit_name`, `sort`, `sales`, `stock`, `is_show`, `is_hot`, `is_benefit`, `is_best`, `is_new`, `description`, `create_time`, `update_time`, `is_postage`, `is_del`, `mer_use`, `give_integral`, `cost`, `is_seckill`, `is_bargain`, `is_good`, `ficti`, `browse`, `code_path`, `is_sub`, `temp_id`, `spec_type`, `is_integral`, `integral`) VALUES (7, 0, 'https://m.360buyimg.com/mobilecms/s1200x1200_jfs/t1/223850/31/14455/20834/63191800E303a21e8/f99edecca19f7f3b.jpg!q70.dpg.webp', 'https://img14.360buyimg.com/cms/jfs/t1/75236/15/22098/83279/63190376E90c3b8e0/d21035f4461d15c0.jpg!q70.dpg.webp,https://img13.360buyimg.com/cms/jfs/t1/129154/17/26205/87713/63190376E36e3db0c/fdd6b8272f0aa751.jpg!q70.dpg.webp,https://img14.360buyimg.com/cms/jfs/t1/163928/38/27421/242227/63190377E416e054a/39661dce8db91e86.jpg!q70.dpg.webp,https://img14.360buyimg.com/cms/jfs/t1/173743/1/29620/216034/63190377Ed6c31d51/e7dcfeacb47d6424.jpg!q70.dpg.webp,https://img12.360buyimg.com/cms/jfs/t1/36990/7/16379/94490/63190376E17705e56/1bb6f89f23b961e4.jpg!q70.dpg.webp,https://img20.360buyimg.com/cms/jfs/t1/162711/9/27039/87564/63190376E76a22050/a9078c329f7f8d71.jpg!q70.dpg.webp,https://img10.360buyimg.com/cms/jfs/t1/177228/23/27797/96223/63190376Eb36877f5/01689953bb2d91fc.jpg!q70.dpg.webp,https://img14.360buyimg.com/cms/jfs/t1/195677/31/28313/155646/63190377Ecbbe27a1/0ce60c75b2189b95.jpg!q70.dpg.webp', 'Apple iPhone 14 Pro Max (A2896) 256GB 暗紫色 支持移动联通电信5G 双卡双待手机', '', '专属测试商品', '', '3', 978000.00, 0.00, 9899.00, 0.00, '张', 0, 5, 8, 1, 0, 0, 0, 0, '<p><br/></p><p><img style=\"max-width: 100%;\" src=\"https://consoleapi.xinxintuan.co/file/pic/20200903171807647067.jpg\"/></p>', '2020-09-12 16:11:05', '2022-07-31 08:44:08', 0, 0, 0, 10.00, 110.00, 0, NULL, 0, 7, 94, '', 0, 34, 0, 1, 0);
INSERT INTO `mw_store_product` (`id`, `mer_id`, `image`, `slider_image`, `store_name`, `store_info`, `keyword`, `bar_code`, `cate_id`, `price`, `vip_price`, `ot_price`, `postage`, `unit_name`, `sort`, `sales`, `stock`, `is_show`, `is_hot`, `is_benefit`, `is_best`, `is_new`, `description`, `create_time`, `update_time`, `is_postage`, `is_del`, `mer_use`, `give_integral`, `cost`, `is_seckill`, `is_bargain`, `is_good`, `ficti`, `browse`, `code_path`, `is_sub`, `temp_id`, `spec_type`, `is_integral`, `integral`) VALUES (9, 0, 'https://m.360buyimg.com/mobilecms/s1200x1200_jfs/t1/210293/3/24675/54570/62f31a13E32dc89bf/936ceab5da8655d3.jpg!q70.dpg.webp', 'https://img30.360buyimg.com/sku/jfs/t1/209491/36/21909/330579/628ca636Ed8d43351/8f6f13c52cf15e08.jpg,https://img30.360buyimg.com/sku/jfs/t1/114922/20/24943/508952/628cc383E874d20b0/d0bf9f1b0209c618.png,https://img30.360buyimg.com/sku/jfs/t1/178591/1/24732/331156/628ca631E1852d757/5e6e644b09292439.jpg,https://img30.360buyimg.com/sku/jfs/t1/128180/22/22565/255372/628ca636E9386cefd/d23f6d8e727ae735.jpg,https://img30.360buyimg.com/sku/jfs/t1/65349/27/18694/399701/628ca636E324aff76/771dc742e2b1011c.jpg,https://img30.360buyimg.com/sku/jfs/t1/189651/19/25207/396599/628ca636Ead6e55a6/53a111a627defb38.jpg,https://img30.360buyimg.com/sku/jfs/t1/58135/20/18675/423286/628ca881E0f998121/2b567f75163220d5.jpg,https://img30.360buyimg.com/sku/jfs/t1/68140/36/18626/351853/628ca635E5c477fcd/c3c5e87b88ab998f.jpg,https://img30.360buyimg.com/sku/jfs/t1/41331/4/18292/244145/628ca635E2ef2a594/93218fb306f3b0fe.jpg,https://img30.360buyimg.com/sku/jfs/t1/223703/24/10462/477064/628ca636Ed95f2a72/7b927666f476e2ed.jpg,https://img30.360buyimg.com/sku/jfs/t1/83745/37/18901/471066/628ca636Ef7c36694/9dce89d00bf2b80e.jpg,https://img30.360buyimg.com/sku/jfs/t1/211096/25/22621/397879/628ca636Ecfba9087/de8b79550b78103c.jpg,https://img30.360buyimg.com/sku/jfs/t1/124362/5/21993/206687/628ca635E21de4b6b/5830d7726705b5dd.jpg,https://img30.360buyimg.com/sku/jfs/t1/210676/34/20258/466076/628ca636E1211de23/7b8857a28ce7519a.jpg,https://img30.360buyimg.com/sku/jfs/t1/87745/13/28417/214158/628ca635E8ac2a5d5/85cb20600e7dfe41.jpg,https://img30.360buyimg.com/sku/jfs/t1/72591/27/18292/279467/628ca636E56409dc2/a1b40880e3e27922.jpg,https://img30.360buyimg.com/sku/jfs/t1/73464/38/18895/314747/628ca636Ed9913791/6792d55651d2c04d.jpg,https://img30.360buyimg.com/sku/jfs/t1/97005/27/30190/422829/628ca636E9d2e25bc/9d2b1bbda9ff5f50.jpg', 'Redmi Note11T Pro 5G 天玑8100 144HzLCD旗舰直屏 67W快充 8GB+128GB 奶盐白 5G智能手机 小米红米', '', '专属测试商品', '', '3', 188000.00, 0.00, 1899.00, 0.00, '张', 0, 50, 8, 1, 0, 0, 0, 0, '<p><br/></p><p><img style=\"max-width: 100%;\" src=\"https://consoleapi.xinxintuan.co/file/pic/20200903171807647067.jpg\"/></p>', '2020-09-12 16:11:05', '2022-07-31 08:44:08', 0, 0, 0, 10.00, 110.00, 0, NULL, 0, 3, 98, '', 0, 34, 0, 1, 0);
INSERT INTO `mw_store_product` (`id`, `mer_id`, `image`, `slider_image`, `store_name`, `store_info`, `keyword`, `bar_code`, `cate_id`, `price`, `vip_price`, `ot_price`, `postage`, `unit_name`, `sort`, `sales`, `stock`, `is_show`, `is_hot`, `is_benefit`, `is_best`, `is_new`, `description`, `create_time`, `update_time`, `is_postage`, `is_del`, `mer_use`, `give_integral`, `cost`, `is_seckill`, `is_bargain`, `is_good`, `ficti`, `browse`, `code_path`, `is_sub`, `temp_id`, `spec_type`, `is_integral`, `integral`) VALUES (10, 0, 'https://m.360buyimg.com/mobilecms/s1200x1200_jfs/t1/146129/8/28246/287531/6281f0ebE069e571f/16a277aa2c94bac5.jpg!q70.dpg.webp', 'https://img30.360buyimg.com/sku/jfs/t1/30037/20/15861/414004/62b7c5eeE12fd75a1/840f892e203255a1.jpg,https://img30.360buyimg.com/sku/jfs/t1/26132/1/16506/427540/628b4e5eEd68114b6/62aec00133dd24f7.jpg,https://img30.360buyimg.com/sku/jfs/t1/197120/9/24013/362748/628b4e5eEa549a79d/6bef04f78302930a.jpg,https://img30.360buyimg.com/sku/jfs/t1/105571/5/30501/260649/628b4e5dEb3532e37/15b22fba746d99b0.jpg,https://img30.360buyimg.com/sku/jfs/t1/110211/10/29296/106782/628b4e5bE07b07174/128749db27b85f8a.jpg,https://img30.360buyimg.com/sku/jfs/t1/3804/31/17718/161305/628b4e5cEbfa93330/0a988f319080a64d.jpg,https://img30.360buyimg.com/sku/jfs/t1/83315/11/18266/286152/628b4e5eE5d671b09/2a8e055d95650c20.jpg,https://img30.360buyimg.com/sku/jfs/t1/55338/24/19028/454270/628b4e5fEd45773f8/4d53ccd91188344b.jpg,https://img30.360buyimg.com/sku/jfs/t1/1264/10/16922/518536/628b4e5fE77602295/5253c0791eb16632.jpg,https://img30.360buyimg.com/sku/jfs/t1/61890/24/17766/364637/628b4e5fE2c2ff80b/550f7da5bfed9b6e.jpg,https://img30.360buyimg.com/sku/jfs/t1/220196/9/19306/185296/628b4e5dEee52bc9b/5eb3e572ce7d104a.jpg,https://img30.360buyimg.com/sku/jfs/t1/190529/7/24875/339399/628b4e5eE6f6d245d/3ea196223a3e04a8.jpg', 'OPPO Reno8 Pro 12GB+256GB 微醺 第一代骁龙7移动平台 5000万索尼旗舰 自研影像芯片120Hz超清大屏 5G手机', '', '专属测试商品', '', '3', 318000.00, 0.00, 3299.00, 0.00, '张', 0, 30, 8, 1, 0, 0, 0, 0, '<p><br/></p><p><img style=\"max-width: 100%;\" src=\"https://consoleapi.xinxintuan.co/file/pic/20200903171807647067.jpg\"/></p>', '2020-09-12 16:11:05', '2022-07-31 08:44:08', 0, 0, 0, 10.00, 110.00, 0, NULL, 0, 56, 155, '', 0, 34, 0, 1, 0);

INSERT INTO `mw_store_order_status` (`id`, `oid`, `change_type`, `change_message`, `change_time`) VALUES (1, 1, 'mshop_create_order', '订单生成', '2022-08-02 23:02:40');
INSERT INTO `mw_store_order_status` (`id`, `oid`, `change_type`, `change_message`, `change_time`) VALUES (2, 1, 'pay_success', '用户付款成功', '2022-08-02 23:02:41');
INSERT INTO `mw_store_order_status` (`id`, `oid`, `change_type`, `change_message`, `change_time`) VALUES (3, 2, 'mshop_create_order', '订单生成', '2022-08-02 23:04:06');
INSERT INTO `mw_store_order_status` (`id`, `oid`, `change_type`, `change_message`, `change_time`) VALUES (4, 2, 'pay_success', '用户付款成功', '2022-08-02 23:04:06');
INSERT INTO `mw_store_order_status` (`id`, `oid`, `change_type`, `change_message`, `change_time`) VALUES (5, 3, 'mshop_create_order', '订单生成', '2022-08-02 23:11:30');
INSERT INTO `mw_store_order_status` (`id`, `oid`, `change_type`, `change_message`, `change_time`) VALUES (6, 3, 'pay_success', '用户付款成功', '2022-08-02 23:11:30');
INSERT INTO `mw_store_order_status` (`id`, `oid`, `change_type`, `change_message`, `change_time`) VALUES (7, 4, 'mshop_create_order', '订单生成', '2022-08-02 23:17:42');
INSERT INTO `mw_store_order_status` (`id`, `oid`, `change_type`, `change_message`, `change_time`) VALUES (8, 4, 'pay_success', '用户付款成功', '2022-08-02 23:18:43');
INSERT INTO `mw_store_order_status` (`id`, `oid`, `change_type`, `change_message`, `change_time`) VALUES (9, 5, 'mshop_create_order', '订单生成', '2022-08-02 23:34:26');
INSERT INTO `mw_store_order_status` (`id`, `oid`, `change_type`, `change_message`, `change_time`) VALUES (10, 5, 'pay_success', '用户付款成功', '2022-08-02 23:34:29');
INSERT INTO `mw_store_order_status` (`id`, `oid`, `change_type`, `change_message`, `change_time`) VALUES (11, 6, 'mshop_create_order', '订单生成', '2022-08-02 23:34:36');
INSERT INTO `mw_store_order_status` (`id`, `oid`, `change_type`, `change_message`, `change_time`) VALUES (12, 6, 'pay_success', '用户付款成功', '2022-08-02 23:34:37');
INSERT INTO `mw_store_order_status` (`id`, `oid`, `change_type`, `change_message`, `change_time`) VALUES (13, 7, 'mshop_create_order', '订单生成', '2022-08-02 23:35:04');
INSERT INTO `mw_store_order_status` (`id`, `oid`, `change_type`, `change_message`, `change_time`) VALUES (14, 7, 'pay_success', '用户付款成功', '2022-08-02 23:35:04');
INSERT INTO `mw_store_order_status` (`id`, `oid`, `change_type`, `change_message`, `change_time`) VALUES (15, 8, 'mshop_create_order', '订单生成', '2022-08-02 23:36:23');
INSERT INTO `mw_store_order_status` (`id`, `oid`, `change_type`, `change_message`, `change_time`) VALUES (16, 8, 'pay_success', '用户付款成功', '2022-08-02 23:36:23');
INSERT INTO `mw_store_order_status` (`id`, `oid`, `change_type`, `change_message`, `change_time`) VALUES (17, 9, 'mshop_create_order', '订单生成', '2022-08-02 23:36:39');
INSERT INTO `mw_store_order_status` (`id`, `oid`, `change_type`, `change_message`, `change_time`) VALUES (18, 9, 'pay_success', '用户付款成功', '2022-08-02 23:36:39');
INSERT INTO `mw_store_order_status` (`id`, `oid`, `change_type`, `change_message`, `change_time`) VALUES (19, 10, 'mshop_create_order', '订单生成', '2022-08-02 23:38:27');
INSERT INTO `mw_store_order_status` (`id`, `oid`, `change_type`, `change_message`, `change_time`) VALUES (20, 10, 'pay_success', '用户付款成功', '2022-08-02 23:38:27');
INSERT INTO `mw_store_order_status` (`id`, `oid`, `change_type`, `change_message`, `change_time`) VALUES (21, 11, 'mshop_create_order', '订单生成', '2022-08-02 23:38:34');
INSERT INTO `mw_store_order_status` (`id`, `oid`, `change_type`, `change_message`, `change_time`) VALUES (22, 11, 'pay_success', '用户付款成功', '2022-08-02 23:38:34');
INSERT INTO `mw_store_order_status` (`id`, `oid`, `change_type`, `change_message`, `change_time`) VALUES (23, 12, 'mshop_create_order', '订单生成', '2022-08-02 23:45:11');
INSERT INTO `mw_store_order_status` (`id`, `oid`, `change_type`, `change_message`, `change_time`) VALUES (24, 12, 'pay_success', '用户付款成功', '2022-08-02 23:45:11');
INSERT INTO `mw_store_order_status` (`id`, `oid`, `change_type`, `change_message`, `change_time`) VALUES (25, 13, 'mshop_create_order', '订单生成', '2022-08-02 23:46:15');
INSERT INTO `mw_store_order_status` (`id`, `oid`, `change_type`, `change_message`, `change_time`) VALUES (26, 13, 'pay_success', '用户付款成功', '2022-08-02 23:46:16');
INSERT INTO `mw_store_order_status` (`id`, `oid`, `change_type`, `change_message`, `change_time`) VALUES (27, 14, 'mshop_create_order', '订单生成', '2022-08-02 23:46:33');
INSERT INTO `mw_store_order_status` (`id`, `oid`, `change_type`, `change_message`, `change_time`) VALUES (28, 14, 'pay_success', '用户付款成功', '2022-08-02 23:46:34');
INSERT INTO `mw_store_order_status` (`id`, `oid`, `change_type`, `change_message`, `change_time`) VALUES (29, 15, 'mshop_create_order', '订单生成', '2022-08-02 23:51:20');
INSERT INTO `mw_store_order_status` (`id`, `oid`, `change_type`, `change_message`, `change_time`) VALUES (30, 15, 'pay_success', '用户付款成功', '2022-08-02 23:51:20');
INSERT INTO `mw_store_order_status` (`id`, `oid`, `change_type`, `change_message`, `change_time`) VALUES (31, 16, 'mshop_create_order', '订单生成', '2022-08-02 23:51:28');
INSERT INTO `mw_store_order_status` (`id`, `oid`, `change_type`, `change_message`, `change_time`) VALUES (32, 16, 'pay_success', '用户付款成功', '2022-08-02 23:51:28');
INSERT INTO `mw_store_order_status` (`id`, `oid`, `change_type`, `change_message`, `change_time`) VALUES (33, 17, 'mshop_create_order', '订单生成', '2022-08-02 23:57:20');
INSERT INTO `mw_store_order_status` (`id`, `oid`, `change_type`, `change_message`, `change_time`) VALUES (34, 17, 'pay_success', '用户付款成功', '2022-08-02 23:57:20');
INSERT INTO `mw_store_order_status` (`id`, `oid`, `change_type`, `change_message`, `change_time`) VALUES (35, 18, 'mshop_create_order', '订单生成', '2022-08-03 00:02:10');
INSERT INTO `mw_store_order_status` (`id`, `oid`, `change_type`, `change_message`, `change_time`) VALUES (36, 18, 'pay_success', '用户付款成功', '2022-08-03 00:02:10');
INSERT INTO `mw_store_order_status` (`id`, `oid`, `change_type`, `change_message`, `change_time`) VALUES (37, 19, 'mshop_create_order', '订单生成', '2022-08-06 19:51:51');
INSERT INTO `mw_store_order_status` (`id`, `oid`, `change_type`, `change_message`, `change_time`) VALUES (38, 19, 'pay_success', '用户付款成功', '2022-08-06 19:51:52');
INSERT INTO `mw_store_order_status` (`id`, `oid`, `change_type`, `change_message`, `change_time`) VALUES (39, 20, 'mshop_create_order', '订单生成', '2022-08-06 20:13:22');
INSERT INTO `mw_store_order_status` (`id`, `oid`, `change_type`, `change_message`, `change_time`) VALUES (40, 20, 'pay_success', '用户付款成功', '2022-08-06 20:13:22');
INSERT INTO `mw_store_order_status` (`id`, `oid`, `change_type`, `change_message`, `change_time`) VALUES (41, 21, 'mshop_create_order', '订单生成', '2022-08-06 20:15:24');
INSERT INTO `mw_store_order_status` (`id`, `oid`, `change_type`, `change_message`, `change_time`) VALUES (42, 21, 'pay_success', '用户付款成功', '2022-08-06 20:15:25');
INSERT INTO `mw_store_order_status` (`id`, `oid`, `change_type`, `change_message`, `change_time`) VALUES (43, 22, 'mshop_create_order', '订单生成', '2022-08-06 20:41:13');
INSERT INTO `mw_store_order_status` (`id`, `oid`, `change_type`, `change_message`, `change_time`) VALUES (44, 22, 'pay_success', '用户付款成功', '2022-08-06 20:41:14');
INSERT INTO `mw_store_order_status` (`id`, `oid`, `change_type`, `change_message`, `change_time`) VALUES (45, 23, 'mshop_create_order', '订单生成', '2022-08-06 22:28:32');
INSERT INTO `mw_store_order_status` (`id`, `oid`, `change_type`, `change_message`, `change_time`) VALUES (46, 24, 'mshop_create_order', '订单生成', '2022-08-06 22:30:35');
INSERT INTO `mw_store_order_status` (`id`, `oid`, `change_type`, `change_message`, `change_time`) VALUES (47, 25, 'mshop_create_order', '订单生成', '2022-08-07 00:00:09');
INSERT INTO `mw_store_order_status` (`id`, `oid`, `change_type`, `change_message`, `change_time`) VALUES (48, 25, 'pay_success', '用户付款成功', '2022-08-07 00:00:09');
INSERT INTO `mw_store_order_status` (`id`, `oid`, `change_type`, `change_message`, `change_time`) VALUES (49, 26, 'mshop_create_order', '订单生成', '2022-08-07 00:13:59');
INSERT INTO `mw_store_order_status` (`id`, `oid`, `change_type`, `change_message`, `change_time`) VALUES (50, 26, 'pay_success', '用户付款成功', '2022-08-07 00:13:59');
INSERT INTO `mw_store_order_status` (`id`, `oid`, `change_type`, `change_message`, `change_time`) VALUES (51, 27, 'mshop_create_order', '订单生成', '2022-08-07 00:17:49');
INSERT INTO `mw_store_order_status` (`id`, `oid`, `change_type`, `change_message`, `change_time`) VALUES (52, 27, 'pay_success', '用户付款成功', '2022-08-07 00:17:49');
INSERT INTO `mw_store_order_status` (`id`, `oid`, `change_type`, `change_message`, `change_time`) VALUES (53, 28, 'mshop_create_order', '订单生成', '2022-08-07 00:18:02');
INSERT INTO `mw_store_order_status` (`id`, `oid`, `change_type`, `change_message`, `change_time`) VALUES (54, 28, 'pay_success', '用户付款成功', '2022-08-07 00:18:02');
INSERT INTO `mw_store_order_status` (`id`, `oid`, `change_type`, `change_message`, `change_time`) VALUES (55, 29, 'mshop_create_order', '订单生成', '2022-08-07 00:20:42');
INSERT INTO `mw_store_order_status` (`id`, `oid`, `change_type`, `change_message`, `change_time`) VALUES (56, 29, 'pay_success', '用户付款成功', '2022-08-07 00:20:43');
INSERT INTO `mw_store_order_status` (`id`, `oid`, `change_type`, `change_message`, `change_time`) VALUES (57, 30, 'mshop_create_order', '订单生成', '2022-08-07 00:22:39');
INSERT INTO `mw_store_order_status` (`id`, `oid`, `change_type`, `change_message`, `change_time`) VALUES (58, 30, 'pay_success', '用户付款成功', '2022-08-07 00:22:39');
INSERT INTO `mw_store_order_status` (`id`, `oid`, `change_type`, `change_message`, `change_time`) VALUES (59, 31, 'mshop_create_order', '订单生成', '2022-08-07 00:28:34');
INSERT INTO `mw_store_order_status` (`id`, `oid`, `change_type`, `change_message`, `change_time`) VALUES (60, 31, 'pay_success', '用户付款成功', '2022-08-07 00:28:34');
INSERT INTO `mw_store_order_status` (`id`, `oid`, `change_type`, `change_message`, `change_time`) VALUES (61, 32, 'mshop_create_order', '订单生成', '2022-08-07 00:34:47');
INSERT INTO `mw_store_order_status` (`id`, `oid`, `change_type`, `change_message`, `change_time`) VALUES (62, 32, 'pay_success', '用户付款成功', '2022-08-07 00:34:47');
INSERT INTO `mw_store_order_status` (`id`, `oid`, `change_type`, `change_message`, `change_time`) VALUES (63, 33, 'mshop_create_order', '订单生成', '2022-08-07 00:38:12');
INSERT INTO `mw_store_order_status` (`id`, `oid`, `change_type`, `change_message`, `change_time`) VALUES (64, 33, 'pay_success', '用户付款成功', '2022-08-07 00:39:25');
INSERT INTO `mw_store_order_status` (`id`, `oid`, `change_type`, `change_message`, `change_time`) VALUES (65, 34, 'mshop_create_order', '订单生成', '2022-08-07 00:40:32');
INSERT INTO `mw_store_order_status` (`id`, `oid`, `change_type`, `change_message`, `change_time`) VALUES (66, 34, 'pay_success', '用户付款成功', '2022-08-07 00:40:37');
INSERT INTO `mw_store_order_status` (`id`, `oid`, `change_type`, `change_message`, `change_time`) VALUES (67, 35, 'mshop_create_order', '订单生成', '2022-08-07 00:49:21');
INSERT INTO `mw_store_order_status` (`id`, `oid`, `change_type`, `change_message`, `change_time`) VALUES (68, 35, 'pay_success', '用户付款成功', '2022-08-07 00:49:25');
INSERT INTO `mw_store_order_status` (`id`, `oid`, `change_type`, `change_message`, `change_time`) VALUES (69, 36, 'mshop_create_order', '订单生成', '2022-08-07 00:53:01');
INSERT INTO `mw_store_order_status` (`id`, `oid`, `change_type`, `change_message`, `change_time`) VALUES (70, 36, 'pay_success', '用户付款成功', '2022-08-07 00:53:02');
INSERT INTO `mw_store_order_status` (`id`, `oid`, `change_type`, `change_message`, `change_time`) VALUES (71, 37, 'mshop_create_order', '订单生成', '2022-08-07 00:53:44');
INSERT INTO `mw_store_order_status` (`id`, `oid`, `change_type`, `change_message`, `change_time`) VALUES (72, 37, 'pay_success', '用户付款成功', '2022-08-07 00:53:44');
INSERT INTO `mw_store_order_status` (`id`, `oid`, `change_type`, `change_message`, `change_time`) VALUES (73, 38, 'mshop_create_order', '订单生成', '2022-08-13 08:54:23');
INSERT INTO `mw_store_order_status` (`id`, `oid`, `change_type`, `change_message`, `change_time`) VALUES (74, 38, 'pay_success', '用户付款成功', '2022-08-13 08:54:23');
INSERT INTO `mw_store_order_status` (`id`, `oid`, `change_type`, `change_message`, `change_time`) VALUES (75, 39, 'mshop_create_order', '订单生成', '2022-09-09 14:44:14');
INSERT INTO `mw_store_order_status` (`id`, `oid`, `change_type`, `change_message`, `change_time`) VALUES (76, 39, 'pay_success', '用户付款成功', '2022-09-09 14:44:14');
INSERT INTO `mw_store_order_status` (`id`, `oid`, `change_type`, `change_message`, `change_time`) VALUES (77, 40, 'mshop_create_order', '订单生成', '2022-09-09 14:46:37');
INSERT INTO `mw_store_order_status` (`id`, `oid`, `change_type`, `change_message`, `change_time`) VALUES (78, 40, 'pay_success', '用户付款成功', '2022-09-09 14:46:37');
INSERT INTO `mw_store_order_status` (`id`, `oid`, `change_type`, `change_message`, `change_time`) VALUES (79, 41, 'mshop_create_order', '订单生成', '2022-09-10 17:56:18');
INSERT INTO `mw_store_order_status` (`id`, `oid`, `change_type`, `change_message`, `change_time`) VALUES (80, 41, 'pay_success', '用户付款成功', '2022-09-10 17:56:18');

INSERT INTO `mw_store_coupon_issue` (`id`, `cname`, `cid`, `ctype`, `start_time`, `end_time`, `total_count`, `remain_count`, `is_permanent`, `status`, `is_del`, `create_time`, `update_time`) VALUES (6, '多规格商品券', 7, 1, '2020-09-12 18:07:10', '2020-09-30 00:00:00', 100, 99, 0, 1, 0, '2020-09-12 18:07:19', NULL);
INSERT INTO `mw_store_coupon_issue` (`id`, `cname`, `cid`, `ctype`, `start_time`, `end_time`, `total_count`, `remain_count`, `is_permanent`, `status`, `is_del`, `create_time`, `update_time`) VALUES (7, '全场通用', 6, 0, '2020-09-12 18:07:25', '2020-09-29 00:00:00', 100, 100, 0, 1, 0, '2020-09-12 18:07:34', NULL);

INSERT INTO `mw_store_coupon` (`id`, `title`, `integral`, `coupon_price`, `use_min_price`, `coupon_time`, `sort`, `status`, `product_id`, `type`, `create_time`, `update_time`, `is_del`) VALUES (6, '全场通用', 0, 1.00, 10.00, 100, 0, 1, '', 0, '2020-09-12 17:57:02', NULL, 0);
INSERT INTO `mw_store_coupon` (`id`, `title`, `integral`, `coupon_price`, `use_min_price`, `coupon_time`, `sort`, `status`, `product_id`, `type`, `create_time`, `update_time`, `is_del`) VALUES (7, '多规格商品券', 0, 1.00, 5.00, 100, 0, 1, '8', 1, '2020-09-12 17:57:46', NULL, 0);

INSERT INTO `mw_store_category` (`id`, `pid`, `cate_name`, `sort`, `pic`, `is_show`, `create_time`, `update_time`, `is_del`) VALUES (1, 0, '积分兑好礼', 1, '', 1, '2020-06-25 18:54:35', '2022-09-25 14:08:36', 0);
INSERT INTO `mw_store_category` (`id`, `pid`, `cate_name`, `sort`, `pic`, `is_show`, `create_time`, `update_time`, `is_del`) VALUES (2, 1, '写真', 1, 'http://localhost:8000/file/pic/资讯-20200311043727918.png', 1, '2020-06-25 18:54:35', NULL, 1);
INSERT INTO `mw_store_category` (`id`, `pid`, `cate_name`, `sort`, `pic`, `is_show`, `create_time`, `update_time`, `is_del`) VALUES (3, 1, '平面设计', 1, 'https://consoleapi.mailvor.com/file/pic/20200903171807584910.jpg', 1, '2020-06-25 18:54:35', '2020-09-09 21:00:17', 0);
INSERT INTO `mw_store_category` (`id`, `pid`, `cate_name`, `sort`, `pic`, `is_show`, `create_time`, `update_time`, `is_del`) VALUES (5, 1, '名片', 1, 'https://consoleapi.mailvor.com/file/pic/20200903171807647067.jpg', 1, '2020-06-25 18:54:35', '2020-09-09 21:00:32', 0);
INSERT INTO `mw_store_category` (`id`, `pid`, `cate_name`, `sort`, `pic`, `is_show`, `create_time`, `update_time`, `is_del`) VALUES (6, 0, '666', 1, '', 1, '2020-06-25 18:54:35', NULL, 1);
INSERT INTO `mw_store_category` (`id`, `pid`, `cate_name`, `sort`, `pic`, `is_show`, `create_time`, `update_time`, `is_del`) VALUES (7, 0, '99995', 1, '', 1, '2020-06-25 18:54:35', NULL, 1);
INSERT INTO `mw_store_category` (`id`, `pid`, `cate_name`, `sort`, `pic`, `is_show`, `create_time`, `update_time`, `is_del`) VALUES (8, 7, '8888', 1, 'http://localhost:8000/file/pic/钻石-20200328094531898.jpg', 1, '2020-06-25 18:54:35', NULL, 1);
INSERT INTO `mw_store_category` (`id`, `pid`, `cate_name`, `sort`, `pic`, `is_show`, `create_time`, `update_time`, `is_del`) VALUES (9, 0, '3333', 1, '', 1, '2020-06-25 17:11:45', NULL, 1);
INSERT INTO `mw_store_category` (`id`, `pid`, `cate_name`, `sort`, `pic`, `is_show`, `create_time`, `update_time`, `is_del`) VALUES (10, 0, '数码', 1, '', 1, '2022-07-31 01:18:52', '2022-09-25 14:07:40', 1);
INSERT INTO `mw_store_category` (`id`, `pid`, `cate_name`, `sort`, `pic`, `is_show`, `create_time`, `update_time`, `is_del`) VALUES (11, 0, '手机', 1, '', 1, '2022-07-31 01:19:04', '2022-09-25 14:07:50', 1);

INSERT INTO `mw_store_canvas` (`canvas_id`, `terminal`, `json`, `type`, `name`, `shop_id`, `create_time`, `update_time`, `is_del`) VALUES (11, 3, '[{\"title\":\"店铺头部\",\"type\":\"header\",\"componentContent\":{\"title\":\"mshop\"},\"index\":0},{\"title\":\"搜索商品\",\"type\":\"search\",\"componentContent\":{},\"index\":1},{\"title\":\"轮播图\",\"type\":\"banner\",\"componentContent\":{\"bannerData\":[{\"pic\":\"./static/img/banner.f96c3f5.png\",\"name\":\"0\",\"sort\":0,\"url\":\"/\",\"status\":1}]},\"index\":2},{\"title\":\"滚动新闻\",\"type\":\"noticeBar\",\"componentContent\":{\"roll\":[{\"uniapp_url\":\"/pages/shop/news/NewsList/index\",\"url\":\"/news_list\",\"info\":\"mshop基于springboot2+Mybatisplus商城系统，3.0版本重构了代码，新增了运费模板、sku单独管理、商品券等\",\"wxapp_url\":\"/pages/shop/news/NewsList/main\"}]},\"index\":3},{\"title\":\"菜单\",\"type\":\"menu\",\"componentContent\":{\"menus\":[{\"imageArr\":[\"https://image.xxx.cn/5e85bfa61251d.png\"],\"uniapp_url\":\"/pages/shop/GoodsList/index\",\"name\":\"全部商品\",\"id\":180,\"pic\":\"https://image.xxx.cn/all.png\",\"sort\":9,\"url\":\"/goods_list\",\"wxapp_url\":\"/pages/shop/GoodsClass/main\",\"status\":1},{\"imageArr\":[\"https://image.xxx.cn/news.png\"],\"uniapp_url\":\"/pages/shop/news/NewsList/index\",\"name\":\"图文资讯\",\"id\":196,\"pic\":\"https://image.xxx.cn/xw.png\",\"sort\":8,\"url\":\"/news_list\",\"wxapp_url\":\"/pages/shop/news/NewsList/main\",\"status\":1},{\"imageArr\":[\"https://image.xxx.cn/5e4e939507b5e.png\"],\"uniapp_url\":\"/pages/shop/GoodsCollection/index\",\"name\":\"我的收藏\",\"id\":197,\"pic\":\"https://image.xxx.cn/colle.png\",\"sort\":7,\"url\":\"/collection\",\"wxapp_url\":\"/pages/shop/GoodsCollection/main\",\"status\":1},{\"imageArr\":[\"https://image.xxx.cn/coupon.png\"],\"uniapp_url\":\"\",\"name\":\"优惠券\",\"id\":199,\"pic\":\"https://image.xxx.cn/cou.png\",\"sort\":6,\"url\":\"/user/get_coupon\",\"wxapp_url\":\"/pages/user/coupon/GetCoupon/main\",\"status\":1},{\"imageArr\":[\"https://image.xxx.cn/pink.png\"],\"uniapp_url\":\"/pages/activity/GoodsGroup/index\",\"name\":\"拼团专区\",\"id\":200,\"pic\":\"https://image.xxx.cn/62ac09d2914d36c65b9b59d2147d809a.png\",\"sort\":5,\"url\":\"/activity/group\",\"wxapp_url\":\"/pages/activity/GoodsGroup/main\",\"status\":1},{\"imageArr\":[\"https://image.xxx.cn/sign.png\"],\"uniapp_url\":\"/pages/user/signIn/Sign/index\",\"name\":\"积分签到\",\"id\":209,\"pic\":\"https://image.xxx.cn/29ea4acebbf99e7eaf6f85af2b6d79ae.png\",\"sort\":4,\"url\":\"/user/sign\",\"wxapp_url\":\"/pages/user/signIn/Sign/main\",\"status\":1},{\"imageArr\":[\"https://image.xxx.cn/sekill.png\"],\"uniapp_url\":\"/pages/activity/GoodsSeckill/index\",\"name\":\"秒杀专区\",\"id\":216,\"pic\":\"https://image.xxx.cn/b0344c148141b50d68db9722708ea49e.png\",\"sort\":3,\"url\":\"/activity/goods_seckill\",\"wxapp_url\":\"/pages/activity/GoodsSeckill/main\",\"status\":1},{\"imageArr\":[\"https://image.xxx.cn/bargin.png\"],\"uniapp_url\":\"/pages/activity/GoodsBargain/index\",\"name\":\"砍价专区\",\"id\":217,\"pic\":\"https://image.xxx.cn/bar.png\",\"sort\":2,\"url\":\"/activity/bargain\",\"wxapp_url\":\"/pages/activity/GoodsBargain/main\",\"status\":1}]},\"index\":4},{\"title\":\"广告\",\"type\":\"adv\",\"componentContent\":{\"detail\":{\"list\":[{\"image\":\"https://wx.xxx.com/static/images/index001.png\",\"url\":\"\",\"uniapp_url\":\"/pages/user/coupon/GetCoupon/index\",\"wxapp_url\":\"/pages/user/coupon/GetCoupon/index\",\"path_type\":1},{\"image\":\"https://wx.xxx.co/static/images/index002.png\",\"url\":\"\",\"uniapp_url\":\"/pages/shop/GoodsList/index\",\"wxapp_url\":\"/pages/shop/GoodsList/index\",\"path_type\":1},{\"image\":\"https://wx.xxx.co/static/images/index003.png\",\"url\":\"\",\"uniapp_url\":\"/pages/shop/GoodsList/index?title=\\\"积分商城\\\"&isIntegral=true\",\"wxapp_url\":\"/pages/shop/GoodsList/index?title=\\\"积分商城\\\"&isIntegral=true\",\"path_type\":1}],\"name\":\"\",\"style\":3}},\"index\":5},{\"title\":\"热门榜单\",\"type\":\"hotCommodity\",\"componentContent\":{},\"index\":6},{\"title\":\"为您推荐\",\"type\":\"promotionGood\",\"componentContent\":{},\"index\":7}]', 1, '1', 0, '2021-02-25 19:36:06', '2021-02-25 22:39:55', 0);

INSERT INTO `mw_store_bargain` (`id`, `product_id`, `title`, `image`, `unit_name`, `stock`, `sales`, `images`, `start_time`, `stop_time`, `store_name`, `price`, `min_price`, `num`, `bargain_max_price`, `bargain_min_price`, `bargain_num`, `status`, `description`, `give_integral`, `info`, `cost`, `sort`, `is_hot`, `is_del`, `create_time`, `update_time`, `is_postage`, `postage`, `rule`, `look`, `share`) VALUES (12, 7, '专属测试商品', 'https://consoleapi.mailvor.com/file/pic/20200903171208889668.png', '张', 7, 3, 'https://image.mailvor.cn/5ca04fa9c08ef.jpg,https://image.mailvor.cn/5ca04fa9c08ef.jpg,https://image.mailvor.cn/5ca081af6183f.jpg', '2020-09-12 18:20:56', '2020-09-30 00:00:00', NULL, 100.00, 1.00, 1, 10.00, 1.00, 1, 1, '<p><br/></p><p><img src=\"https://consoleapi.mailvor.com/file/pic/20200903171807647067.jpg\"/></p>', 0.00, '结算', 110.00, 0, 0, 0, '2020-09-12 18:22:14', NULL, 1, 0.00, '<p>1、规则1</p><p>2、规则2</p>', 40, 23);

INSERT INTO `mw_shipping_templates_region` (`id`, `province_id`, `temp_id`, `city_id`, `first`, `first_price`, `continues`, `continue_price`, `type`, `uniqid`) VALUES (175, 0, 32, 0, 1.00, 0.00, 1.00, 0.00, 1, 'da4f15807a2e47b880d8db454a350a5e');
INSERT INTO `mw_shipping_templates_region` (`id`, `province_id`, `temp_id`, `city_id`, `first`, `first_price`, `continues`, `continue_price`, `type`, `uniqid`) VALUES (176, 0, 33, 0, 1.00, 0.00, 1.00, 0.00, 1, '6ddd27e504e3451aad294cfb9e105fa2');
INSERT INTO `mw_shipping_templates_region` (`id`, `province_id`, `temp_id`, `city_id`, `first`, `first_price`, `continues`, `continue_price`, `type`, `uniqid`) VALUES (210, 0, 36, 0, 1.00, 1.00, 1.00, 1.00, 1, '14e3da43097248c29ed0d41eded5d9c0');
INSERT INTO `mw_shipping_templates_region` (`id`, `province_id`, `temp_id`, `city_id`, `first`, `first_price`, `continues`, `continue_price`, `type`, `uniqid`) VALUES (211, 0, 34, 0, 1.00, 1.00, 1.00, 2.00, 1, '2c8ea986f1a149329a72951c7670e9b4');
INSERT INTO `mw_shipping_templates_region` (`id`, `province_id`, `temp_id`, `city_id`, `first`, `first_price`, `continues`, `continue_price`, `type`, `uniqid`) VALUES (231, 0, 35, 0, 1.00, 1.00, 1.00, 1.00, 1, 'cc8ca17c6a7145adbf78498b2bdc07fe');
INSERT INTO `mw_shipping_templates_region` (`id`, `province_id`, `temp_id`, `city_id`, `first`, `first_price`, `continues`, `continue_price`, `type`, `uniqid`) VALUES (232, 367395, 35, 367396, 1.00, 2.00, 1.00, 5.00, 1, 'f883508219224a6d8a10ccbf99c0e9ba');
INSERT INTO `mw_shipping_templates_region` (`id`, `province_id`, `temp_id`, `city_id`, `first`, `first_price`, `continues`, `continue_price`, `type`, `uniqid`) VALUES (233, 367395, 35, 370304, 1.00, 2.00, 1.00, 5.00, 1, 'f883508219224a6d8a10ccbf99c0e9ba');
INSERT INTO `mw_shipping_templates_region` (`id`, `province_id`, `temp_id`, `city_id`, `first`, `first_price`, `continues`, `continue_price`, `type`, `uniqid`) VALUES (234, 367395, 35, 372971, 1.00, 2.00, 1.00, 5.00, 1, 'f883508219224a6d8a10ccbf99c0e9ba');
INSERT INTO `mw_shipping_templates_region` (`id`, `province_id`, `temp_id`, `city_id`, `first`, `first_price`, `continues`, `continue_price`, `type`, `uniqid`) VALUES (235, 367395, 35, 376365, 1.00, 2.00, 1.00, 5.00, 1, 'f883508219224a6d8a10ccbf99c0e9ba');
INSERT INTO `mw_shipping_templates_region` (`id`, `province_id`, `temp_id`, `city_id`, `first`, `first_price`, `continues`, `continue_price`, `type`, `uniqid`) VALUES (236, 367395, 35, 379245, 1.00, 2.00, 1.00, 5.00, 1, 'f883508219224a6d8a10ccbf99c0e9ba');
INSERT INTO `mw_shipping_templates_region` (`id`, `province_id`, `temp_id`, `city_id`, `first`, `first_price`, `continues`, `continue_price`, `type`, `uniqid`) VALUES (237, 367395, 35, 382878, 1.00, 2.00, 1.00, 5.00, 1, 'f883508219224a6d8a10ccbf99c0e9ba');
INSERT INTO `mw_shipping_templates_region` (`id`, `province_id`, `temp_id`, `city_id`, `first`, `first_price`, `continues`, `continue_price`, `type`, `uniqid`) VALUES (238, 367395, 35, 383890, 1.00, 2.00, 1.00, 5.00, 1, 'f883508219224a6d8a10ccbf99c0e9ba');
INSERT INTO `mw_shipping_templates_region` (`id`, `province_id`, `temp_id`, `city_id`, `first`, `first_price`, `continues`, `continue_price`, `type`, `uniqid`) VALUES (239, 367395, 35, 387707, 1.00, 2.00, 1.00, 5.00, 1, 'f883508219224a6d8a10ccbf99c0e9ba');
INSERT INTO `mw_shipping_templates_region` (`id`, `province_id`, `temp_id`, `city_id`, `first`, `first_price`, `continues`, `continue_price`, `type`, `uniqid`) VALUES (240, 367395, 35, 389719, 1.00, 2.00, 1.00, 5.00, 1, 'f883508219224a6d8a10ccbf99c0e9ba');
INSERT INTO `mw_shipping_templates_region` (`id`, `province_id`, `temp_id`, `city_id`, `first`, `first_price`, `continues`, `continue_price`, `type`, `uniqid`) VALUES (241, 367395, 35, 392737, 1.00, 2.00, 1.00, 5.00, 1, 'f883508219224a6d8a10ccbf99c0e9ba');
INSERT INTO `mw_shipping_templates_region` (`id`, `province_id`, `temp_id`, `city_id`, `first`, `first_price`, `continues`, `continue_price`, `type`, `uniqid`) VALUES (242, 367395, 35, 395254, 1.00, 2.00, 1.00, 5.00, 1, 'f883508219224a6d8a10ccbf99c0e9ba');
INSERT INTO `mw_shipping_templates_region` (`id`, `province_id`, `temp_id`, `city_id`, `first`, `first_price`, `continues`, `continue_price`, `type`, `uniqid`) VALUES (243, 367395, 35, 396611, 1.00, 2.00, 1.00, 5.00, 1, 'f883508219224a6d8a10ccbf99c0e9ba');
INSERT INTO `mw_shipping_templates_region` (`id`, `province_id`, `temp_id`, `city_id`, `first`, `first_price`, `continues`, `continue_price`, `type`, `uniqid`) VALUES (244, 367395, 35, 398169, 1.00, 2.00, 1.00, 5.00, 1, 'f883508219224a6d8a10ccbf99c0e9ba');
INSERT INTO `mw_shipping_templates_region` (`id`, `province_id`, `temp_id`, `city_id`, `first`, `first_price`, `continues`, `continue_price`, `type`, `uniqid`) VALUES (245, 367395, 35, 403311, 1.00, 2.00, 1.00, 5.00, 1, 'f883508219224a6d8a10ccbf99c0e9ba');
INSERT INTO `mw_shipping_templates_region` (`id`, `province_id`, `temp_id`, `city_id`, `first`, `first_price`, `continues`, `continue_price`, `type`, `uniqid`) VALUES (246, 367395, 35, 408287, 1.00, 2.00, 1.00, 5.00, 1, 'f883508219224a6d8a10ccbf99c0e9ba');
INSERT INTO `mw_shipping_templates_region` (`id`, `province_id`, `temp_id`, `city_id`, `first`, `first_price`, `continues`, `continue_price`, `type`, `uniqid`) VALUES (247, 367395, 35, 411925, 1.00, 2.00, 1.00, 5.00, 1, 'f883508219224a6d8a10ccbf99c0e9ba');
INSERT INTO `mw_shipping_templates_region` (`id`, `province_id`, `temp_id`, `city_id`, `first`, `first_price`, `continues`, `continue_price`, `type`, `uniqid`) VALUES (248, 367395, 35, 417174, 1.00, 2.00, 1.00, 5.00, 1, 'f883508219224a6d8a10ccbf99c0e9ba');
INSERT INTO `mw_shipping_templates_region` (`id`, `province_id`, `temp_id`, `city_id`, `first`, `first_price`, `continues`, `continue_price`, `type`, `uniqid`) VALUES (249, 367395, 35, 420258, 1.00, 2.00, 1.00, 5.00, 1, 'f883508219224a6d8a10ccbf99c0e9ba');

INSERT INTO `mw_shipping_templates_free` (`id`, `province_id`, `temp_id`, `city_id`, `number`, `price`, `type`, `uniqid`) VALUES (158, 13267, 36, 13268, 1.00, 1.00, 1, 'ddd9604e6fb54edab5ced2e32c41db61');
INSERT INTO `mw_shipping_templates_free` (`id`, `province_id`, `temp_id`, `city_id`, `number`, `price`, `type`, `uniqid`) VALUES (159, 13267, 36, 18128, 1.00, 1.00, 1, 'ddd9604e6fb54edab5ced2e32c41db61');
INSERT INTO `mw_shipping_templates_free` (`id`, `province_id`, `temp_id`, `city_id`, `number`, `price`, `type`, `uniqid`) VALUES (160, 13267, 36, 24371, 1.00, 1.00, 1, 'ddd9604e6fb54edab5ced2e32c41db61');
INSERT INTO `mw_shipping_templates_free` (`id`, `province_id`, `temp_id`, `city_id`, `number`, `price`, `type`, `uniqid`) VALUES (161, 13267, 36, 26779, 1.00, 1.00, 1, 'ddd9604e6fb54edab5ced2e32c41db61');
INSERT INTO `mw_shipping_templates_free` (`id`, `province_id`, `temp_id`, `city_id`, `number`, `price`, `type`, `uniqid`) VALUES (162, 13267, 36, 32688, 1.00, 1.00, 1, 'ddd9604e6fb54edab5ced2e32c41db61');
INSERT INTO `mw_shipping_templates_free` (`id`, `province_id`, `temp_id`, `city_id`, `number`, `price`, `type`, `uniqid`) VALUES (163, 13267, 36, 38160, 1.00, 1.00, 1, 'ddd9604e6fb54edab5ced2e32c41db61');
INSERT INTO `mw_shipping_templates_free` (`id`, `province_id`, `temp_id`, `city_id`, `number`, `price`, `type`, `uniqid`) VALUES (164, 13267, 36, 44570, 1.00, 1.00, 1, 'ddd9604e6fb54edab5ced2e32c41db61');
INSERT INTO `mw_shipping_templates_free` (`id`, `province_id`, `temp_id`, `city_id`, `number`, `price`, `type`, `uniqid`) VALUES (165, 13267, 36, 49190, 1.00, 1.00, 1, 'ddd9604e6fb54edab5ced2e32c41db61');
INSERT INTO `mw_shipping_templates_free` (`id`, `province_id`, `temp_id`, `city_id`, `number`, `price`, `type`, `uniqid`) VALUES (166, 13267, 36, 52018, 1.00, 1.00, 1, 'ddd9604e6fb54edab5ced2e32c41db61');
INSERT INTO `mw_shipping_templates_free` (`id`, `province_id`, `temp_id`, `city_id`, `number`, `price`, `type`, `uniqid`) VALUES (167, 13267, 36, 58247, 1.00, 1.00, 1, 'ddd9604e6fb54edab5ced2e32c41db61');
INSERT INTO `mw_shipping_templates_free` (`id`, `province_id`, `temp_id`, `city_id`, `number`, `price`, `type`, `uniqid`) VALUES (168, 13267, 36, 61804, 1.00, 1.00, 1, 'ddd9604e6fb54edab5ced2e32c41db61');
INSERT INTO `mw_shipping_templates_free` (`id`, `province_id`, `temp_id`, `city_id`, `number`, `price`, `type`, `uniqid`) VALUES (169, 13267, 36, 66813, 1.00, 1.00, 1, 'ddd9604e6fb54edab5ced2e32c41db61');
INSERT INTO `mw_shipping_templates_free` (`id`, `province_id`, `temp_id`, `city_id`, `number`, `price`, `type`, `uniqid`) VALUES (184, 420824, 35, 420825, 2.00, 100.00, 1, '5a3c9a0dbe084d568b6f70e19e28c695');
INSERT INTO `mw_shipping_templates_free` (`id`, `province_id`, `temp_id`, `city_id`, `number`, `price`, `type`, `uniqid`) VALUES (185, 420824, 35, 424449, 2.00, 100.00, 1, '5a3c9a0dbe084d568b6f70e19e28c695');
INSERT INTO `mw_shipping_templates_free` (`id`, `province_id`, `temp_id`, `city_id`, `number`, `price`, `type`, `uniqid`) VALUES (186, 420824, 35, 425508, 2.00, 100.00, 1, '5a3c9a0dbe084d568b6f70e19e28c695');
INSERT INTO `mw_shipping_templates_free` (`id`, `province_id`, `temp_id`, `city_id`, `number`, `price`, `type`, `uniqid`) VALUES (187, 420824, 35, 427710, 2.00, 100.00, 1, '5a3c9a0dbe084d568b6f70e19e28c695');
INSERT INTO `mw_shipping_templates_free` (`id`, `province_id`, `temp_id`, `city_id`, `number`, `price`, `type`, `uniqid`) VALUES (188, 420824, 35, 429501, 2.00, 100.00, 1, '5a3c9a0dbe084d568b6f70e19e28c695');
INSERT INTO `mw_shipping_templates_free` (`id`, `province_id`, `temp_id`, `city_id`, `number`, `price`, `type`, `uniqid`) VALUES (189, 420824, 35, 432415, 2.00, 100.00, 1, '5a3c9a0dbe084d568b6f70e19e28c695');
INSERT INTO `mw_shipping_templates_free` (`id`, `province_id`, `temp_id`, `city_id`, `number`, `price`, `type`, `uniqid`) VALUES (190, 420824, 35, 432829, 2.00, 100.00, 1, '5a3c9a0dbe084d568b6f70e19e28c695');
INSERT INTO `mw_shipping_templates_free` (`id`, `province_id`, `temp_id`, `city_id`, `number`, `price`, `type`, `uniqid`) VALUES (191, 420824, 35, 434548, 2.00, 100.00, 1, '5a3c9a0dbe084d568b6f70e19e28c695');
INSERT INTO `mw_shipping_templates_free` (`id`, `province_id`, `temp_id`, `city_id`, `number`, `price`, `type`, `uniqid`) VALUES (192, 420824, 35, 437779, 2.00, 100.00, 1, '5a3c9a0dbe084d568b6f70e19e28c695');
INSERT INTO `mw_shipping_templates_free` (`id`, `province_id`, `temp_id`, `city_id`, `number`, `price`, `type`, `uniqid`) VALUES (193, 420824, 35, 440639, 2.00, 100.00, 1, '5a3c9a0dbe084d568b6f70e19e28c695');
INSERT INTO `mw_shipping_templates_free` (`id`, `province_id`, `temp_id`, `city_id`, `number`, `price`, `type`, `uniqid`) VALUES (194, 420824, 35, 445040, 2.00, 100.00, 1, '5a3c9a0dbe084d568b6f70e19e28c695');
INSERT INTO `mw_shipping_templates_free` (`id`, `province_id`, `temp_id`, `city_id`, `number`, `price`, `type`, `uniqid`) VALUES (195, 420824, 35, 446212, 2.00, 100.00, 1, '5a3c9a0dbe084d568b6f70e19e28c695');
INSERT INTO `mw_shipping_templates_free` (`id`, `province_id`, `temp_id`, `city_id`, `number`, `price`, `type`, `uniqid`) VALUES (196, 420824, 35, 447268, 2.00, 100.00, 1, '5a3c9a0dbe084d568b6f70e19e28c695');
INSERT INTO `mw_shipping_templates_free` (`id`, `province_id`, `temp_id`, `city_id`, `number`, `price`, `type`, `uniqid`) VALUES (197, 420824, 35, 449865, 2.00, 100.00, 1, '5a3c9a0dbe084d568b6f70e19e28c695');

INSERT INTO `mw_shipping_templates` (`id`, `name`, `type`, `region_info`, `appoint`, `appoint_info`, `create_time`, `update_time`, `is_del`, `sort`) VALUES (32, '9999', 1, '[{\"_continue\":\"1\",\"continue_price\":\"0\",\"first\":\"1\",\"price\":\"0\",\"region\":[{\"city_id\":\"0\",\"name\":\"默认全国\"}],\"regionName\":\"默认全国\"}]', 0, '[]', '2020-07-01 14:03:59', NULL, 1, 0);
INSERT INTO `mw_shipping_templates` (`id`, `name`, `type`, `region_info`, `appoint`, `appoint_info`, `create_time`, `update_time`, `is_del`, `sort`) VALUES (33, '8888', 1, '[{\"_continue\":\"1\",\"continue_price\":\"0\",\"first\":\"1\",\"price\":\"0\",\"region\":[{\"city_id\":\"0\",\"name\":\"默认全国\"}],\"regionName\":\"默认全国\"}]', 0, '[]', '2020-07-01 14:08:19', NULL, 1, 0);
INSERT INTO `mw_shipping_templates` (`id`, `name`, `type`, `region_info`, `appoint`, `appoint_info`, `create_time`, `update_time`, `is_del`, `sort`) VALUES (34, '默认全国运费模板', 1, '[{\"_continue\":\"1\",\"continue_price\":\"2\",\"first\":\"1\",\"price\":\"1\",\"region\":[{\"city_id\":\"0\",\"name\":\"默认全国\"}],\"regionName\":\"默认全国\"}]', 0, '[]', '2020-07-01 15:20:44', '2020-07-05 17:06:47', 0, 0);
INSERT INTO `mw_shipping_templates` (`id`, `name`, `type`, `region_info`, `appoint`, `appoint_info`, `create_time`, `update_time`, `is_del`, `sort`) VALUES (35, '包邮湖北省，河南省特例', 1, '[{\"_continue\":\"1\",\"continue_price\":\"1\",\"first\":\"1\",\"price\":\"1\",\"region\":[{\"city_id\":\"0\",\"name\":\"默认全国\"}],\"regionName\":\"默认全国\"},{\"_continue\":\"1\",\"continue_price\":\"5\",\"first\":\"1\",\"price\":\"2\",\"region\":[{\"children\":[{\"city_id\":\"367396\"},{\"city_id\":\"370304\"},{\"city_id\":\"372971\"},{\"city_id\":\"376365\"},{\"city_id\":\"379245\"},{\"city_id\":\"382878\"},{\"city_id\":\"383890\"},{\"city_id\":\"387707\"},{\"city_id\":\"389719\"},{\"city_id\":\"392737\"},{\"city_id\":\"395254\"},{\"city_id\":\"396611\"},{\"city_id\":\"398169\"},{\"city_id\":\"403311\"},{\"city_id\":\"408287\"},{\"city_id\":\"411925\"},{\"city_id\":\"417174\"},{\"city_id\":\"420258\"}],\"city_id\":\"367395\",\"name\":\"河南省\"}],\"regionName\":\"河南省\"}]', 1, '[{\"a_num\":\"2\",\"a_price\":\"100\",\"place\":[{\"children\":[{\"city_id\":\"420825\"},{\"city_id\":\"424449\"},{\"city_id\":\"425508\"},{\"city_id\":\"427710\"},{\"city_id\":\"429501\"},{\"city_id\":\"432415\"},{\"city_id\":\"432829\"},{\"city_id\":\"434548\"},{\"city_id\":\"437779\"},{\"city_id\":\"440639\"},{\"city_id\":\"445040\"},{\"city_id\":\"446212\"},{\"city_id\":\"447268\"},{\"city_id\":\"449865\"}],\"city_id\":\"420824\",\"name\":\"湖北省\"}],\"placeName\":\"湖北省\"}]', '2020-07-01 15:26:38', '2020-07-05 17:08:39', 0, 0);
INSERT INTO `mw_shipping_templates` (`id`, `name`, `type`, `region_info`, `appoint`, `appoint_info`, `create_time`, `update_time`, `is_del`, `sort`) VALUES (36, '8888', 1, '[{\"_continue\":\"1\",\"continue_price\":\"1\",\"first\":\"1\",\"price\":\"1\",\"region\":[{\"city_id\":\"0\",\"name\":\"默认全国\"}],\"regionName\":\"默认全国\"}]', 1, '[]', '2020-07-01 16:04:28', '2020-07-01 16:07:31', 1, 0);

INSERT INTO `mw_pay_company` (`id`, `company`, `license_url`, `seal_url`, `phone`, `create_time`, `update_time`, `is_del`) VALUES (1, '苏州xxxx有限公司', '111', '111', '111', '2023-04-15 20:22:10', NULL, 0);

INSERT INTO `mw_pay_channel` (`id`, `channel_name`, `channel_key`, `name`, `cert_profile`, `cert_profile_enc`, `notify_url`, `type`, `max_amount`, `amount`, `status`, `extract`, `cycle_time`, `company_id`, `create_time`, `update_time`, `is_del`) VALUES (1, '支付宝-三方-汇付天下1-1', 'adapay', '', '{}', '', 'https://app.xxx.com/api/pay/notify/ada', 2, 100000, 100000, 8, 0, '00:00:00', 1, '2023-04-20 19:32:01', '2023-06-18 20:01:30', 1);
INSERT INTO `mw_pay_channel` (`id`, `channel_name`, `channel_key`, `name`, `cert_profile`, `cert_profile_enc`, `notify_url`, `type`, `max_amount`, `amount`, `status`, `extract`, `cycle_time`, `company_id`, `create_time`, `update_time`, `is_del`) VALUES (2, '支付宝-原生-xxx', 'alipay', '', '{}', '', 'https://app.xxx.com/api/pay/notify/ali', 1, 300000, 300000, 0, 0, '00:00:00', 1, '2023-04-25 19:05:49', '2023-09-16 13:18:32', 0);
INSERT INTO `mw_pay_channel` (`id`, `channel_name`, `channel_key`, `name`, `cert_profile`, `cert_profile_enc`, `notify_url`, `type`, `max_amount`, `amount`, `status`, `extract`, `cycle_time`, `company_id`, `create_time`, `update_time`, `is_del`) VALUES (3, '微信支付-原生-xxx', 'wechatpay', '', '{}', '', 'https://xxx.app/api/pay/notify/wechat', 6, 100000, 100000, 8, 0, '00:00:00', 1, '2023-04-26 22:01:47', '2023-05-08 19:15:13', 0);
INSERT INTO `mw_pay_channel` (`id`, `channel_name`, `channel_key`, `name`, `cert_profile`, `cert_profile_enc`, `notify_url`, `type`, `max_amount`, `amount`, `status`, `extract`, `cycle_time`, `company_id`, `create_time`, `update_time`, `is_del`) VALUES (4, '支付宝-三方-汇付天下2-1', 'adapay', '', '{}', '', 'https://app.xxx.com/api/pay/notify/ada', 2, 100000, 100000, 8, 0, '00:00:00', 1, '2023-04-27 13:46:34', '2023-06-18 20:01:33', 1);
INSERT INTO `mw_pay_channel` (`id`, `channel_name`, `channel_key`, `name`, `cert_profile`, `cert_profile_enc`, `notify_url`, `type`, `max_amount`, `amount`, `status`, `extract`, `cycle_time`, `company_id`, `create_time`, `update_time`, `is_del`) VALUES (14, '银行卡-易宝-1', 'yeepay_bank', '', NULL, '', 'https://xxx.app/api/pay/notify/yee', 12, 100000, 99996.14, 8, 0, '00:00:00', 1, '2023-05-06 23:41:24', '2023-09-13 23:40:36', 0);
INSERT INTO `mw_pay_channel` (`id`, `channel_name`, `channel_key`, `name`, `cert_profile`, `cert_profile_enc`, `notify_url`, `type`, `max_amount`, `amount`, `status`, `extract`, `cycle_time`, `company_id`, `create_time`, `update_time`, `is_del`) VALUES (15, '银行卡-汇付-1', 'adapay_bank', '', NULL, '', 'https://app.xxx.com/api/pay/notify/ada', 12, 100000, 100000, 0, 0, '00:00:00', 1, '2023-05-06 23:41:24', '2023-08-02 21:26:26', 0);
INSERT INTO `mw_pay_channel` (`id`, `channel_name`, `channel_key`, `name`, `cert_profile`, `cert_profile_enc`, `notify_url`, `type`, `max_amount`, `amount`, `status`, `extract`, `cycle_time`, `company_id`, `create_time`, `update_time`, `is_del`) VALUES (17, '银行卡-易宝-绑卡支付-1', 'yeepay_bank', 'sfb', NULL, '', 'https://app.xxx.com/api/pay/notify/yee', 12, 100000, 100000, 8, 0, '00:00:00', 1, '2023-05-20 19:45:08', '2023-08-02 21:31:45', 0);
INSERT INTO `mw_pay_channel` (`id`, `channel_name`, `channel_key`, `name`, `cert_profile`, `cert_profile_enc`, `notify_url`, `type`, `max_amount`, `amount`, `status`, `extract`, `cycle_time`, `company_id`, `create_time`, `update_time`, `is_del`) VALUES (20, '支付宝-网页-迈沃', 'alipayweb', '', NULL, '', 'http://xxx.vicp.cc:17693/api/pay/notify/ali', 2, 100000, 99988.77999999996, 8, 0, '00:00:00', 1, '2023-05-30 20:26:16', '2023-11-04 13:44:59', 0);
INSERT INTO `mw_pay_channel` (`id`, `channel_name`, `channel_key`, `name`, `cert_profile`, `cert_profile_enc`, `notify_url`, `type`, `max_amount`, `amount`, `status`, `extract`, `cycle_time`, `company_id`, `create_time`, `update_time`, `is_del`) VALUES (21, '银盛银行卡支付', 'ysepay_bank_bind', '', NULL, '', 'https://xxx.app/api/pay/notify/yes', 13, 1000000, 999995, 0, 0, '00:00:00', 1, '2023-09-02 17:28:11', '2023-09-13 22:57:36', 0);
INSERT INTO `mw_pay_channel` (`id`, `channel_name`, `channel_key`, `name`, `cert_profile`, `cert_profile_enc`, `notify_url`, `type`, `max_amount`, `amount`, `status`, `extract`, `cycle_time`, `company_id`, `create_time`, `update_time`, `is_del`) VALUES (25, 'IOS官方支付', 'iospay', '', NULL, '', '', 0, 100000, 100000, 8, 0, '00:00:00', 1, '2024-01-22 15:50:33', NULL, 0);

INSERT INTO `mw_material_group` (`id`, `create_time`, `create_id`, `name`, `update_time`, `is_del`) VALUES ('83ee56004ff88fd1ecdde5a43469ef2e', '2020-05-27 16:45:08', NULL, 'test', '2020-06-26 18:20:00', 0);
INSERT INTO `mw_material_group` (`id`, `create_time`, `create_id`, `name`, `update_time`, `is_del`) VALUES ('8cc5996f6c4b54fcf5c0f2845a5d9afa', '2020-06-26 11:07:26', NULL, '商品', '2020-06-26 18:20:14', 0);
INSERT INTO `mw_material_group` (`id`, `create_time`, `create_id`, `name`, `update_time`, `is_del`) VALUES ('d9b1b9d69f5b72cda63e26dc9f087623', '2020-06-26 18:20:19', NULL, 'icon', NULL, 0);
INSERT INTO `mw_material_group` (`id`, `create_time`, `create_id`, `name`, `update_time`, `is_del`) VALUES ('fe2e32c3ce27983c298ab344c6e1c4fa', '2020-05-27 16:45:13', NULL, 'bb', NULL, 1);


INSERT INTO `mw_material` (`id`, `create_time`, `create_id`, `type`, `group_id`, `name`, `url`, `update_time`, `is_del`) VALUES ('05bf470c271f73fe2f572cad60b356f4', '2020-09-03 17:13:52', 'admin', '1', NULL, '1.jpg', 'https://consoleapi.mailvor.com/file/pic/20200903171351713145.jpg', NULL, 0);
INSERT INTO `mw_material` (`id`, `create_time`, `create_id`, `type`, `group_id`, `name`, `url`, `update_time`, `is_del`) VALUES ('1888a13fdeca0d85dcc6bef413c531b9', '2020-06-26 17:22:21', 'admin', '1', NULL, 'list_16.png', 'http://127.0.0.1:8000/file/pic/20200626172220229003.png', NULL, 1);
INSERT INTO `mw_material` (`id`, `create_time`, `create_id`, `type`, `group_id`, `name`, `url`, `update_time`, `is_del`) VALUES ('353760137dad5526444c01074f9490e0', '2020-09-03 17:18:08', 'admin', '1', NULL, '3.jpg', 'https://consoleapi.mailvor.com/file/pic/20200903171807584910.jpg', NULL, 0);
INSERT INTO `mw_material` (`id`, `create_time`, `create_id`, `type`, `group_id`, `name`, `url`, `update_time`, `is_del`) VALUES ('3e2aa47438e059b06eea6327ae2260ec', '2020-06-26 18:25:07', 'admin', '1', 'd9b1b9d69f5b72cda63e26dc9f087623', 'news.png', 'https://image.mailvor.cn/news.png', NULL, 0);
INSERT INTO `mw_material` (`id`, `create_time`, `create_id`, `type`, `group_id`, `name`, `url`, `update_time`, `is_del`) VALUES ('612f4f924840739f0ebdfbdce21d878b', '2020-06-26 18:25:07', 'admin', '1', 'd9b1b9d69f5b72cda63e26dc9f087623', 'sign.png', 'https://image.mailvor.cn/sign.png', NULL, 0);
INSERT INTO `mw_material` (`id`, `create_time`, `create_id`, `type`, `group_id`, `name`, `url`, `update_time`, `is_del`) VALUES ('658cff7a98834617e46adfd105db0a3c', '2020-05-27 16:45:44', 'admin', '1', NULL, 'list_18.png', 'http://127.0.0.1:8000/file/pic/20200527164543489004.png', NULL, 1);
INSERT INTO `mw_material` (`id`, `create_time`, `create_id`, `type`, `group_id`, `name`, `url`, `update_time`, `is_del`) VALUES ('6d2c5511b87631ffa6c5eecb9e4d736f', '2020-06-26 18:25:23', 'admin', '1', '8cc5996f6c4b54fcf5c0f2845a5d9afa', '5ca04fa9c08ef.jpg', 'https://image.mailvor.cn/5ca04fa9c08ef.jpg', NULL, 0);
INSERT INTO `mw_material` (`id`, `create_time`, `create_id`, `type`, `group_id`, `name`, `url`, `update_time`, `is_del`) VALUES ('6d4adf87cbb42bac277edf212dcbf2a7', '2020-06-26 18:20:58', 'admin', '1', 'd9b1b9d69f5b72cda63e26dc9f087623', 'collect.png', 'https://image.mailvor.cn/collect.png', NULL, 0);
INSERT INTO `mw_material` (`id`, `create_time`, `create_id`, `type`, `group_id`, `name`, `url`, `update_time`, `is_del`) VALUES ('700a8cade3e6ff35a5e0d12b55849735', '2020-09-03 17:18:08', 'admin', '1', NULL, '7.jpg', 'https://consoleapi.mailvor.com/file/pic/20200903171807647067.jpg', NULL, 0);
INSERT INTO `mw_material` (`id`, `create_time`, `create_id`, `type`, `group_id`, `name`, `url`, `update_time`, `is_del`) VALUES ('7492896114a45879b88c08f02ef88a3e', '2020-06-26 18:25:07', 'admin', '1', 'd9b1b9d69f5b72cda63e26dc9f087623', 'pink.png', 'https://image.mailvor.cn/pink.png', NULL, 0);
INSERT INTO `mw_material` (`id`, `create_time`, `create_id`, `type`, `group_id`, `name`, `url`, `update_time`, `is_del`) VALUES ('77b45342d9861a25323f284b155c4c9d', '2020-09-03 17:18:08', 'admin', '1', NULL, '6.jpg', 'https://consoleapi.mailvor.com/file/pic/20200903171807641535.jpg', NULL, 0);
INSERT INTO `mw_material` (`id`, `create_time`, `create_id`, `type`, `group_id`, `name`, `url`, `update_time`, `is_del`) VALUES ('7cc18f371ebcfaeb63d95f734251453b', '2020-06-26 18:25:24', 'admin', '1', '8cc5996f6c4b54fcf5c0f2845a5d9afa', '5ca0786c5d2c1.jpg', 'https://image.mailvor.cn/5ca0786c5d2c1.jpg', NULL, 1);
INSERT INTO `mw_material` (`id`, `create_time`, `create_id`, `type`, `group_id`, `name`, `url`, `update_time`, `is_del`) VALUES ('80116a9fea6f899d4530e82bc4d9b97b', '2020-09-03 17:12:09', 'admin', '1', NULL, 'avatar_default.png', 'https://consoleapi.mailvor.com/file/pic/20200903171208889668.png', NULL, 0);
INSERT INTO `mw_material` (`id`, `create_time`, `create_id`, `type`, `group_id`, `name`, `url`, `update_time`, `is_del`) VALUES ('808cbc928e818b2c0d12f5919042cdc2', '2020-06-26 11:08:09', 'admin', '1', NULL, 'list_34.png', 'http://127.0.0.1:8000/file/pic/20200626110808157592.png', NULL, 1);
INSERT INTO `mw_material` (`id`, `create_time`, `create_id`, `type`, `group_id`, `name`, `url`, `update_time`, `is_del`) VALUES ('8a599a4721469bfcd1c313241c88bee0', '2020-06-26 18:20:58', 'admin', '1', 'd9b1b9d69f5b72cda63e26dc9f087623', 'buy.png', 'https://image.mailvor.cn/buy.png', NULL, 0);
INSERT INTO `mw_material` (`id`, `create_time`, `create_id`, `type`, `group_id`, `name`, `url`, `update_time`, `is_del`) VALUES ('8e19af4d16b717574d863e6316cf15e4', '2020-06-26 18:24:51', 'admin', '1', 'd9b1b9d69f5b72cda63e26dc9f087623', 'add.png', 'https://image.mailvor.cn/add.png', NULL, 0);
INSERT INTO `mw_material` (`id`, `create_time`, `create_id`, `type`, `group_id`, `name`, `url`, `update_time`, `is_del`) VALUES ('9ddc310b8b6e224cd1ee2f27f1d19017', '2020-06-26 18:25:07', 'admin', '1', 'd9b1b9d69f5b72cda63e26dc9f087623', 'sekill.png', 'https://image.mailvor.cn/sekill.png', NULL, 0);
INSERT INTO `mw_material` (`id`, `create_time`, `create_id`, `type`, `group_id`, `name`, `url`, `update_time`, `is_del`) VALUES ('a0fc29a301a72712802ef38efe011fc4', '2020-09-11 09:39:13', 'admin', '1', 'd9b1b9d69f5b72cda63e26dc9f087623', 'avatar_default.png', 'https://consoleapi.mailvor.com/file/pic/20200911093912577832.png', NULL, 0);
INSERT INTO `mw_material` (`id`, `create_time`, `create_id`, `type`, `group_id`, `name`, `url`, `update_time`, `is_del`) VALUES ('a961d6c0f255083294c27bed47330ad9', '2020-05-27 16:45:27', 'admin', '1', '83ee56004ff88fd1ecdde5a43469ef2e', 'list_13.png', 'http://127.0.0.1:8000/file/pic/20200527164526793230.png', NULL, 1);
INSERT INTO `mw_material` (`id`, `create_time`, `create_id`, `type`, `group_id`, `name`, `url`, `update_time`, `is_del`) VALUES ('b36ab3797cd310a210f5d3dec2d05349', '2020-09-03 17:18:08', 'admin', '1', NULL, '5.jpg', 'https://consoleapi.mailvor.com/file/pic/20200903171807625149.jpg', NULL, 0);
INSERT INTO `mw_material` (`id`, `create_time`, `create_id`, `type`, `group_id`, `name`, `url`, `update_time`, `is_del`) VALUES ('bd6c9dc5a3373fe377b4aeb0579ed1bb', '2020-06-26 17:35:22', 'admin', '1', NULL, 'list_18.png', 'http://127.0.0.1:8009/api/api/file/pic/20200626173520849370.png', NULL, 1);
INSERT INTO `mw_material` (`id`, `create_time`, `create_id`, `type`, `group_id`, `name`, `url`, `update_time`, `is_del`) VALUES ('c246328a65ecb0170b67334e8ef4683e', '2020-06-26 18:20:58', 'admin', '1', 'd9b1b9d69f5b72cda63e26dc9f087623', 'goods.png', 'https://image.mailvor.cn/goods.png', NULL, 0);
INSERT INTO `mw_material` (`id`, `create_time`, `create_id`, `type`, `group_id`, `name`, `url`, `update_time`, `is_del`) VALUES ('c48c27553f32321e5b5e6cdc2b934484', '2020-09-15 07:41:40', 'admin', '1', NULL, '1600126884(1).jpg', 'https://consoleapi.mailvor.com/file/pic/20200915074139926178.jpg', NULL, 0);
INSERT INTO `mw_material` (`id`, `create_time`, `create_id`, `type`, `group_id`, `name`, `url`, `update_time`, `is_del`) VALUES ('c83bb0d55e101f6ab525acb1f524b10b', '2020-06-26 17:39:44', 'admin', '1', NULL, 'list_34.png', 'http://127.0.0.1:8000/file/pic/20200626173943611335.png', NULL, 1);
INSERT INTO `mw_material` (`id`, `create_time`, `create_id`, `type`, `group_id`, `name`, `url`, `update_time`, `is_del`) VALUES ('d63a722c0a0e55e73126ff9411ae1224', '2020-06-26 18:20:58', 'admin', '1', 'd9b1b9d69f5b72cda63e26dc9f087623', 'coupon.png', 'https://image.mailvor.cn/coupon.png', NULL, 0);
INSERT INTO `mw_material` (`id`, `create_time`, `create_id`, `type`, `group_id`, `name`, `url`, `update_time`, `is_del`) VALUES ('d98b9f8ad2daa9e9a7567b3ae31b81d7', '2020-06-26 18:24:51', 'admin', '1', 'd9b1b9d69f5b72cda63e26dc9f087623', 'bargin.png', 'https://image.mailvor.cn/bargin.png', NULL, 0);
INSERT INTO `mw_material` (`id`, `create_time`, `create_id`, `type`, `group_id`, `name`, `url`, `update_time`, `is_del`) VALUES ('ddb044005c0dbdddcfbbadcb4cff462d', '2022-07-31 08:20:44', 'admin', '1', NULL, 'b6b32191c26d161b.jpg', 'http://127.0.0.1:8001/file/pic/20220731082043797646.jpg', NULL, 0);
INSERT INTO `mw_material` (`id`, `create_time`, `create_id`, `type`, `group_id`, `name`, `url`, `update_time`, `is_del`) VALUES ('eb8aa8d0846009f5b685e9f07a05c836', '2020-09-03 17:10:04', 'admin', '1', NULL, 'avatar_default.png', 'https://consoleapi.mailvor.com/file/pic/20200903171003417769.png', NULL, 0);
INSERT INTO `mw_material` (`id`, `create_time`, `create_id`, `type`, `group_id`, `name`, `url`, `update_time`, `is_del`) VALUES ('f04dcbf4b61ab35d0f08f85a27ee92ff', '2020-06-26 18:25:24', 'admin', '1', '8cc5996f6c4b54fcf5c0f2845a5d9afa', '5ca081af6183f.jpg', 'https://image.mailvor.cn/5ca081af6183f.jpg', NULL, 0);
INSERT INTO `mw_material` (`id`, `create_time`, `create_id`, `type`, `group_id`, `name`, `url`, `update_time`, `is_del`) VALUES ('f0e8dddf88c587f638e5a7859d8cc7a3', '2020-09-03 17:18:08', 'admin', '1', NULL, '4.jpg', 'https://consoleapi.mailvor.com/file/pic/20200903171807568739.jpg', NULL, 0);

INSERT INTO `mw_express` (`id`, `code`, `name`, `sort`, `is_show`, `create_time`, `update_time`, `is_del`) VALUES (426, 'STO', '申通快递', 0, 0, NULL, NULL, 0);
INSERT INTO `mw_express` (`id`, `code`, `name`, `sort`, `is_show`, `create_time`, `update_time`, `is_del`) VALUES (427, 'SF', '顺丰速运', 0, 0, NULL, NULL, 0);
INSERT INTO `mw_express` (`id`, `code`, `name`, `sort`, `is_show`, `create_time`, `update_time`, `is_del`) VALUES (428, 'ZTO', '中通快递', 0, 0, NULL, NULL, 0);
INSERT INTO `mw_express` (`id`, `code`, `name`, `sort`, `is_show`, `create_time`, `update_time`, `is_del`) VALUES (429, 'YTO', '圆通速递', 0, 0, NULL, '2020-09-06 09:59:36', 0);

INSERT INTO `mw_expend` (`id`, `money`, `mark`, `add_time`, `create_time`, `update_time`, `is_del`) VALUES (1, 100.00, '', '2023-07-06 00:00:00', '2023-07-06 23:37:18', '2023-07-06 23:49:13', 1);
INSERT INTO `mw_expend` (`id`, `money`, `mark`, `add_time`, `create_time`, `update_time`, `is_del`) VALUES (2, 200.00, '', '2023-07-02 00:00:00', '2023-07-06 23:39:30', NULL, 0);
INSERT INTO `mw_expend` (`id`, `money`, `mark`, `add_time`, `create_time`, `update_time`, `is_del`) VALUES (3, 333.00, '', '2023-07-05 00:00:00', '2023-07-06 23:48:22', NULL, 0);
INSERT INTO `mw_expend` (`id`, `money`, `mark`, `add_time`, `create_time`, `update_time`, `is_del`) VALUES (4, 1.00, '', '2023-07-06 00:00:00', '2023-07-06 23:51:14', '2023-07-06 23:54:23', 0);
INSERT INTO `mw_expend` (`id`, `money`, `mark`, `add_time`, `create_time`, `update_time`, `is_del`) VALUES (5, 333.00, '', '2023-07-05 00:00:00', '2023-07-06 23:57:39', NULL, 0);
INSERT INTO `mw_expend` (`id`, `money`, `mark`, `add_time`, `create_time`, `update_time`, `is_del`) VALUES (6, 1.00, '', '2023-07-04 00:00:00', '2023-07-06 23:58:17', NULL, 0);
INSERT INTO `mw_expend` (`id`, `money`, `mark`, `add_time`, `create_time`, `update_time`, `is_del`) VALUES (7, 111.00, '', '2023-07-04 00:00:00', '2023-07-06 23:59:53', NULL, 0);
INSERT INTO `mw_expend` (`id`, `money`, `mark`, `add_time`, `create_time`, `update_time`, `is_del`) VALUES (8, 11.00, '', '2023-07-03 00:00:00', '2023-07-07 00:00:17', NULL, 0);
INSERT INTO `mw_expend` (`id`, `money`, `mark`, `add_time`, `create_time`, `update_time`, `is_del`) VALUES (9, 111.00, '', '2023-07-04 00:00:00', '2023-07-07 00:00:58', NULL, 0);
INSERT INTO `mw_expend` (`id`, `money`, `mark`, `add_time`, `create_time`, `update_time`, `is_del`) VALUES (10, 222.00, '', '2023-07-03 00:00:00', '2023-07-07 00:02:17', NULL, 0);
INSERT INTO `mw_expend` (`id`, `money`, `mark`, `add_time`, `create_time`, `update_time`, `is_del`) VALUES (11, 111.00, '', '2023-07-03 00:00:00', '2023-07-07 00:02:50', NULL, 0);
INSERT INTO `mw_expend` (`id`, `money`, `mark`, `add_time`, `create_time`, `update_time`, `is_del`) VALUES (12, 222.00, '1111', '2023-07-03 00:00:00', '2023-07-07 00:03:37', '2023-07-10 21:33:38', 0);

INSERT INTO `mw_article` (`id`, `cid`, `title`, `author`, `image_input`, `synopsis`, `content`, `share_title`, `share_synopsis`, `visit`, `sort`, `url`, `status`, `create_time`, `update_time`, `is_del`, `hide`, `admin_id`, `mer_id`, `product_id`, `is_hot`, `is_banner`) VALUES (4, '', 'mshop', 'mshop', 'https://image.mailvor.cn/news.png', 'mshop3.0', '<p><br/></p><p><img src=\"https://image.mailvor.cn/add.png\"/></p><p>mshop3.0</p>', '', '', '3', 0, '', NULL, '2020-07-02 12:15:13', '2020-07-03 17:58:19', 0, 0, 0, 0, 0, 0, 0);

INSERT INTO `system_monitor_server` (`id`, `cpu_core`, `cpu_rate`, `disk_total`, `disk_used`, `mem_total`, `mem_used`, `name`, `port`, `sort`, `state`, `swap_total`, `swap_used`, `address`) VALUES (1, 8, 0.05924018, 465.12402, 91.66521, 7.849415, 7.6052284, '本地', 8777, 999, '0', 14.599415, 11.263367, 'localhost');

INSERT INTO `system_local_storage` (`id`, `real_name`, `name`, `suffix`, `path`, `type`, `size`, `operate`, `create_time`) VALUES (1, 'list_30-20200107120524671.png', 'list_30', 'png', 'E:\\mshop\\file\\图片\\list_30-20200107120524671.png', '图片', '28.57KB   ', 'admin', '2020-01-07 12:05:25');
INSERT INTO `system_local_storage` (`id`, `real_name`, `name`, `suffix`, `path`, `type`, `size`, `operate`, `create_time`) VALUES (2, 'list_34-20200109071140374.png', 'list_34', 'png', 'E:\\mshop\\file\\图片\\list_34-20200109071140374.png', '图片', '27.05KB   ', 'admin', '2020-01-09 19:11:40');
INSERT INTO `system_local_storage` (`id`, `real_name`, `name`, `suffix`, `path`, `type`, `size`, `operate`, `create_time`) VALUES (3, 'list_22-20200109072256534.png', 'list_22', 'png', 'E:\\mshop\\file\\pic\\list_22-20200109072256534.png', 'pic', '28.23KB   ', 'admin', '2020-01-09 19:22:57');
INSERT INTO `system_local_storage` (`id`, `real_name`, `name`, `suffix`, `path`, `type`, `size`, `operate`, `create_time`) VALUES (4, 'list_32-20200109093407741.png', 'list_32', 'png', 'E:\\mshop\\file\\pic\\list_32-20200109093407741.png', 'pic', '27.65KB   ', 'admin', '2020-01-09 21:34:08');
INSERT INTO `system_local_storage` (`id`, `real_name`, `name`, `suffix`, `path`, `type`, `size`, `operate`, `create_time`) VALUES (5, 'list_32-20200109094223500.png', 'list_32', 'png', 'E:\\mshop\\file\\pic\\list_32-20200109094223500.png', 'pic', '27.65KB   ', 'admin', '2020-01-09 21:42:24');
INSERT INTO `system_local_storage` (`id`, `real_name`, `name`, `suffix`, `path`, `type`, `size`, `operate`, `create_time`) VALUES (6, 'list_32-20200109094413459.png', 'list_32', 'png', 'E:\\mshop\\file\\pic\\list_32-20200109094413459.png', 'pic', '27.65KB   ', 'admin', '2020-01-09 21:44:13');
INSERT INTO `system_local_storage` (`id`, `real_name`, `name`, `suffix`, `path`, `type`, `size`, `operate`, `create_time`) VALUES (7, 'list_32-20200109094652138.png', 'list_32', 'png', 'E:\\mshop\\file\\pic\\list_32-20200109094652138.png', 'pic', '27.65KB   ', 'admin', '2020-01-09 21:46:52');
INSERT INTO `system_local_storage` (`id`, `real_name`, `name`, `suffix`, `path`, `type`, `size`, `operate`, `create_time`) VALUES (8, 'list_34-20200109095146476.png', 'list_34', 'png', 'E:\\mshop\\file\\pic\\list_34-20200109095146476.png', 'pic', '27.05KB   ', 'admin', '2020-01-09 21:51:47');
INSERT INTO `system_local_storage` (`id`, `real_name`, `name`, `suffix`, `path`, `type`, `size`, `operate`, `create_time`) VALUES (9, 'list_32-20200109095700685.png', 'list_32', 'png', 'E:\\mshop\\file\\pic\\list_32-20200109095700685.png', 'pic', '27.65KB   ', 'admin', '2020-01-09 21:57:01');
INSERT INTO `system_local_storage` (`id`, `real_name`, `name`, `suffix`, `path`, `type`, `size`, `operate`, `create_time`) VALUES (10, 'list_20-20200109095936988.png', 'list_20', 'png', 'E:\\mshop\\file\\pic\\list_20-20200109095936988.png', 'pic', '22.92KB   ', 'admin', '2020-01-09 21:59:37');
INSERT INTO `system_local_storage` (`id`, `real_name`, `name`, `suffix`, `path`, `type`, `size`, `operate`, `create_time`) VALUES (11, 'list_32-20200109100213309.png', 'list_32', 'png', 'E:\\mshop\\file\\pic\\list_32-20200109100213309.png', 'pic', '27.65KB   ', 'admin', '2020-01-09 22:02:13');
INSERT INTO `system_local_storage` (`id`, `real_name`, `name`, `suffix`, `path`, `type`, `size`, `operate`, `create_time`) VALUES (12, 'list_30-20200109104513493.png', 'list_30', 'png', 'E:\\mshop\\file\\pic\\list_30-20200109104513493.png', 'pic', '28.57KB   ', 'admin', '2020-01-09 22:45:13');
INSERT INTO `system_local_storage` (`id`, `real_name`, `name`, `suffix`, `path`, `type`, `size`, `operate`, `create_time`) VALUES (13, 'list_16-20200110120838173.png', 'list_16', 'png', 'E:\\mshop\\file\\pic\\list_16-20200110120838173.png', 'pic', '28.93KB   ', 'admin', '2020-01-10 12:08:38');
INSERT INTO `system_local_storage` (`id`, `real_name`, `name`, `suffix`, `path`, `type`, `size`, `operate`, `create_time`) VALUES (14, 'list_32-20200110035831202.png', 'list_32', 'png', 'E:\\mshop\\file\\pic\\list_32-20200110035831202.png', 'pic', '27.65KB   ', 'admin', '2020-01-10 15:58:31');
INSERT INTO `system_local_storage` (`id`, `real_name`, `name`, `suffix`, `path`, `type`, `size`, `operate`, `create_time`) VALUES (15, 'list_32-2020011004054091.png', 'list_32', 'png', 'E:\\mshop\\file\\pic\\list_32-2020011004054091.png', 'pic', '27.65KB   ', 'admin', '2020-01-10 16:05:40');
INSERT INTO `system_local_storage` (`id`, `real_name`, `name`, `suffix`, `path`, `type`, `size`, `operate`, `create_time`) VALUES (16, 'list_30-20200110053337209.png', 'list_30', 'png', 'E:\\mshop\\file\\pic\\list_30-20200110053337209.png', 'pic', '28.57KB   ', 'admin', '2020-01-10 17:33:37');
INSERT INTO `system_local_storage` (`id`, `real_name`, `name`, `suffix`, `path`, `type`, `size`, `operate`, `create_time`) VALUES (17, 'list_32-20200110064436937.png', 'list_32', 'png', 'E:\\mshop\\file\\pic\\list_32-20200110064436937.png', 'pic', '27.65KB   ', 'admin', '2020-01-10 18:44:37');
INSERT INTO `system_local_storage` (`id`, `real_name`, `name`, `suffix`, `path`, `type`, `size`, `operate`, `create_time`) VALUES (18, 'list_22-20200110104217508.png', 'list_22', 'png', 'E:\\mshop\\file\\pic\\list_22-20200110104217508.png', 'pic', '28.23KB   ', 'admin', '2020-01-10 22:42:18');
INSERT INTO `system_local_storage` (`id`, `real_name`, `name`, `suffix`, `path`, `type`, `size`, `operate`, `create_time`) VALUES (19, 'list_18-20200111051038569.png', 'list_18', 'png', 'E:\\mshop\\file\\pic\\list_18-20200111051038569.png', 'pic', '29.62KB   ', '15136175246', '2020-01-11 17:10:39');
INSERT INTO `system_local_storage` (`id`, `real_name`, `name`, `suffix`, `path`, `type`, `size`, `operate`, `create_time`) VALUES (20, 'list_30-2020011105115469.png', 'list_30', 'png', 'E:\\mshop\\file\\pic\\list_30-2020011105115469.png', 'pic', '28.57KB   ', '15136175246', '2020-01-11 17:11:54');
INSERT INTO `system_local_storage` (`id`, `real_name`, `name`, `suffix`, `path`, `type`, `size`, `operate`, `create_time`) VALUES (21, 'list_30-20200111051343335.png', 'list_30', 'png', 'E:\\mshop\\file\\pic\\list_30-20200111051343335.png', 'pic', '28.57KB   ', '15136175246', '2020-01-11 17:13:43');
INSERT INTO `system_local_storage` (`id`, `real_name`, `name`, `suffix`, `path`, `type`, `size`, `operate`, `create_time`) VALUES (22, 'list_16-20200111051622984.png', 'list_16', 'png', 'E:\\mshop\\file\\pic\\list_16-20200111051622984.png', 'pic', '28.93KB   ', '15136175246', '2020-01-11 17:16:23');
INSERT INTO `system_local_storage` (`id`, `real_name`, `name`, `suffix`, `path`, `type`, `size`, `operate`, `create_time`) VALUES (23, 'list_24-20200111051630227.png', 'list_24', 'png', 'E:\\mshop\\file\\pic\\list_24-20200111051630227.png', 'pic', '27.31KB   ', '15136175246', '2020-01-11 17:16:30');
INSERT INTO `system_local_storage` (`id`, `real_name`, `name`, `suffix`, `path`, `type`, `size`, `operate`, `create_time`) VALUES (24, 'logo-20200131103905417.png', 'logo', 'png', 'E:\\mshop\\file\\pic\\logo-20200131103905417.png', 'pic', '48.39KB   ', 'admin', '2020-01-31 10:39:05');
INSERT INTO `system_local_storage` (`id`, `real_name`, `name`, `suffix`, `path`, `type`, `size`, `operate`, `create_time`) VALUES (25, 'avatar-20200131103928688.png', 'avatar', 'png', 'E:\\mshop\\file\\pic\\avatar-20200131103928688.png', 'pic', '1.82KB   ', 'admin', '2020-01-31 10:39:29');
INSERT INTO `system_local_storage` (`id`, `real_name`, `name`, `suffix`, `path`, `type`, `size`, `operate`, `create_time`) VALUES (26, 'list_13-2020013110394473.png', 'list_13', 'png', 'E:\\mshop\\file\\pic\\list_13-2020013110394473.png', 'pic', '23.05KB   ', 'admin', '2020-01-31 10:39:44');
INSERT INTO `system_local_storage` (`id`, `real_name`, `name`, `suffix`, `path`, `type`, `size`, `operate`, `create_time`) VALUES (27, 'list_18-2020013110394988.png', 'list_18', 'png', 'E:\\mshop\\file\\pic\\list_18-2020013110394988.png', 'pic', '29.62KB   ', 'admin', '2020-01-31 10:39:49');
INSERT INTO `system_local_storage` (`id`, `real_name`, `name`, `suffix`, `path`, `type`, `size`, `operate`, `create_time`) VALUES (28, 'list_22-20200131103952926.png', 'list_22', 'png', 'E:\\mshop\\file\\pic\\list_22-20200131103952926.png', 'pic', '28.23KB   ', 'admin', '2020-01-31 10:39:53');
INSERT INTO `system_local_storage` (`id`, `real_name`, `name`, `suffix`, `path`, `type`, `size`, `operate`, `create_time`) VALUES (29, 'list_26-20200131103956836.png', 'list_26', 'png', 'E:\\mshop\\file\\pic\\list_26-20200131103956836.png', 'pic', '28.36KB   ', 'admin', '2020-01-31 10:39:57');
INSERT INTO `system_local_storage` (`id`, `real_name`, `name`, `suffix`, `path`, `type`, `size`, `operate`, `create_time`) VALUES (30, 'list_28-20200131104001169.png', 'list_28', 'png', 'E:\\mshop\\file\\pic\\list_28-20200131104001169.png', 'pic', '28.38KB   ', 'admin', '2020-01-31 10:40:01');
INSERT INTO `system_local_storage` (`id`, `real_name`, `name`, `suffix`, `path`, `type`, `size`, `operate`, `create_time`) VALUES (31, 'list_16-20200207061544740.png', 'list_16', 'png', 'E:\\mshop\\file\\pic\\list_16-20200207061544740.png', 'pic', '28.93KB   ', 'hupeng', '2020-02-07 18:15:45');
INSERT INTO `system_local_storage` (`id`, `real_name`, `name`, `suffix`, `path`, `type`, `size`, `operate`, `create_time`) VALUES (32, 'list_30-2020020706162996.png', 'list_30', 'png', 'E:\\mshop\\file\\pic\\list_30-2020020706162996.png', 'pic', '28.57KB   ', 'hupeng', '2020-02-07 18:16:29');
INSERT INTO `system_local_storage` (`id`, `real_name`, `name`, `suffix`, `path`, `type`, `size`, `operate`, `create_time`) VALUES (33, 'list_16-20200207061714702.png', 'list_16', 'png', 'E:\\mshop\\file\\pic\\list_16-20200207061714702.png', 'pic', '28.93KB   ', 'hupeng', '2020-02-07 18:17:15');
INSERT INTO `system_local_storage` (`id`, `real_name`, `name`, `suffix`, `path`, `type`, `size`, `operate`, `create_time`) VALUES (34, 'list_18-20200207061743361.png', 'list_18', 'png', 'E:\\mshop\\file\\pic\\list_18-20200207061743361.png', 'pic', '29.62KB   ', 'hupeng', '2020-02-07 18:17:43');
INSERT INTO `system_local_storage` (`id`, `real_name`, `name`, `suffix`, `path`, `type`, `size`, `operate`, `create_time`) VALUES (35, 'list_30-20200207062920744.png', 'list_30', 'png', 'E:\\mshop\\file\\pic\\list_30-20200207062920744.png', 'pic', '28.57KB   ', 'hupeng', '2020-02-07 18:29:21');
INSERT INTO `system_local_storage` (`id`, `real_name`, `name`, `suffix`, `path`, `type`, `size`, `operate`, `create_time`) VALUES (36, '05ea40b831858a8cf423aa709840507c-20200228083801500.png', '05ea40b831858a8cf423aa709840507c', 'png', 'E:\\mshop\\file\\pic\\05ea40b831858a8cf423aa709840507c-20200228083801500.png', 'pic', '5.19KB   ', 'admin', '2020-02-28 20:38:02');
INSERT INTO `system_local_storage` (`id`, `real_name`, `name`, `suffix`, `path`, `type`, `size`, `operate`, `create_time`) VALUES (37, '05ea40b831858a8cf423aa709840507c-20200311043711341.png', '05ea40b831858a8cf423aa709840507c', 'png', 'E:\\mshop\\file\\pic\\05ea40b831858a8cf423aa709840507c-20200311043711341.png', 'pic', '5.19KB   ', 'admin', '2020-03-11 16:37:11');
INSERT INTO `system_local_storage` (`id`, `real_name`, `name`, `suffix`, `path`, `type`, `size`, `operate`, `create_time`) VALUES (38, '秒杀-2020031104371672.png', '秒杀', 'png', 'E:\\mshop\\file\\pic\\秒杀-2020031104371672.png', 'pic', '6.07KB   ', 'admin', '2020-03-11 16:37:16');
INSERT INTO `system_local_storage` (`id`, `real_name`, `name`, `suffix`, `path`, `type`, `size`, `operate`, `create_time`) VALUES (39, '砍价-20200311043720679.png', '砍价', 'png', 'E:\\mshop\\file\\pic\\砍价-20200311043720679.png', 'pic', '6.13KB   ', 'admin', '2020-03-11 16:37:21');
INSERT INTO `system_local_storage` (`id`, `real_name`, `name`, `suffix`, `path`, `type`, `size`, `operate`, `create_time`) VALUES (40, '优惠券-20200311043724709.png', '优惠券', 'png', 'E:\\mshop\\file\\pic\\优惠券-20200311043724709.png', 'pic', '5.45KB   ', 'admin', '2020-03-11 16:37:25');
INSERT INTO `system_local_storage` (`id`, `real_name`, `name`, `suffix`, `path`, `type`, `size`, `operate`, `create_time`) VALUES (41, '资讯-20200311043727918.png', '资讯', 'png', 'E:\\mshop\\file\\pic\\资讯-20200311043727918.png', 'pic', '5.19KB   ', 'admin', '2020-03-11 16:37:28');
INSERT INTO `system_local_storage` (`id`, `real_name`, `name`, `suffix`, `path`, `type`, `size`, `operate`, `create_time`) VALUES (42, 'list_16-20200322071324803.png', 'list_16', 'png', 'E:\\mshop\\file\\pic\\list_16-20200322071324803.png', 'pic', '28.93KB   ', 'admin', '2020-03-22 19:13:25');
INSERT INTO `system_local_storage` (`id`, `real_name`, `name`, `suffix`, `path`, `type`, `size`, `operate`, `create_time`) VALUES (43, 'list_22-20200322071348844.png', 'list_22', 'png', 'E:\\mshop\\file\\pic\\list_22-20200322071348844.png', 'pic', '28.23KB   ', 'admin', '2020-03-22 19:13:49');
INSERT INTO `system_local_storage` (`id`, `real_name`, `name`, `suffix`, `path`, `type`, `size`, `operate`, `create_time`) VALUES (44, 'list_34-2020032207154023.png', 'list_34', 'png', 'E:\\mshop\\file\\pic\\list_34-2020032207154023.png', 'pic', '27.05KB   ', 'admin', '2020-03-22 19:15:40');
INSERT INTO `system_local_storage` (`id`, `real_name`, `name`, `suffix`, `path`, `type`, `size`, `operate`, `create_time`) VALUES (45, '钻石-20200328094531898.jpg', '钻石', 'jpg', 'E:\\mshop\\file\\pic\\钻石-20200328094531898.jpg', 'pic', '32.42KB   ', 'admin', '2020-03-28 21:45:32');
INSERT INTO `system_local_storage` (`id`, `real_name`, `name`, `suffix`, `path`, `type`, `size`, `operate`, `create_time`) VALUES (46, '20200527164526793230.png', 'list_13', 'png', 'D:\\mshop\\file\\pic\\20200527164526793230.png', 'pic', '23.05KB   ', 'admin', '2020-05-27 16:45:27');
INSERT INTO `system_local_storage` (`id`, `real_name`, `name`, `suffix`, `path`, `type`, `size`, `operate`, `create_time`) VALUES (47, '20200527164543489004.png', 'list_18', 'png', 'D:\\mshop\\file\\pic\\20200527164543489004.png', 'pic', '29.62KB   ', 'admin', '2020-05-27 16:45:43');
INSERT INTO `system_local_storage` (`id`, `real_name`, `name`, `suffix`, `path`, `type`, `size`, `operate`, `create_time`) VALUES (48, '20200623200105269693.png', 'list_13', 'png', 'D:\\mshop\\file\\pic\\20200623200105269693.png', 'pic', '23.05KB   ', 'mshop', '2020-06-23 20:01:05');
INSERT INTO `system_local_storage` (`id`, `real_name`, `name`, `suffix`, `path`, `type`, `size`, `operate`, `create_time`) VALUES (49, '20200623200118648188.png', 'list_18', 'png', 'D:\\mshop\\file\\pic\\20200623200118648188.png', 'pic', '29.62KB   ', 'mshop', '2020-06-23 20:01:19');
INSERT INTO `system_local_storage` (`id`, `real_name`, `name`, `suffix`, `path`, `type`, `size`, `operate`, `create_time`) VALUES (50, '20200626110808157592.png', 'list_34', 'png', 'D:\\mshop\\file\\pic\\20200626110808157592.png', 'pic', '27.05KB   ', 'mshop', '2020-06-26 11:08:08');
INSERT INTO `system_local_storage` (`id`, `real_name`, `name`, `suffix`, `path`, `type`, `size`, `operate`, `create_time`) VALUES (51, '20200626172220229003.png', 'list_16', 'png', 'D:\\mshop\\file\\pic\\20200626172220229003.png', 'pic', '28.93KB   ', 'mshop', '2020-06-26 17:22:20');
INSERT INTO `system_local_storage` (`id`, `real_name`, `name`, `suffix`, `path`, `type`, `size`, `operate`, `create_time`) VALUES (52, '20200626173520849370.png', 'list_18', 'png', 'D:\\mshop\\file\\pic\\20200626173520849370.png', 'pic', '29.62KB   ', 'mshop', '2020-06-26 17:35:21');
INSERT INTO `system_local_storage` (`id`, `real_name`, `name`, `suffix`, `path`, `type`, `size`, `operate`, `create_time`) VALUES (53, '20200626173943611335.png', 'list_34', 'png', 'D:\\mshop\\file\\pic\\20200626173943611335.png', 'pic', '27.05KB   ', 'mshop', '2020-06-26 17:39:44');
INSERT INTO `system_local_storage` (`id`, `real_name`, `name`, `suffix`, `path`, `type`, `size`, `operate`, `create_time`) VALUES (54, '20200903171003417769.png', 'avatar_default', 'png', '/home/mshop/file/pic/20200903171003417769.png', 'pic', '54.06KB   ', 'mshop', '2020-09-03 17:10:03');
INSERT INTO `system_local_storage` (`id`, `real_name`, `name`, `suffix`, `path`, `type`, `size`, `operate`, `create_time`) VALUES (55, '20200903171208889668.png', 'avatar_default', 'png', '/home/mshop/file/pic/20200903171208889668.png', 'pic', '54.06KB   ', 'mshop', '2020-09-03 17:12:09');
INSERT INTO `system_local_storage` (`id`, `real_name`, `name`, `suffix`, `path`, `type`, `size`, `operate`, `create_time`) VALUES (56, '20200903171351713145.jpg', '1', 'jpg', '/home/mshop/file/pic/20200903171351713145.jpg', 'pic', '126.59KB   ', 'mshop', '2020-09-03 17:13:52');
INSERT INTO `system_local_storage` (`id`, `real_name`, `name`, `suffix`, `path`, `type`, `size`, `operate`, `create_time`) VALUES (57, '20200903171807568739.jpg', '4', 'jpg', '/home/mshop/file/pic/20200903171807568739.jpg', 'pic', '68.57KB   ', 'mshop', '2020-09-03 17:18:08');
INSERT INTO `system_local_storage` (`id`, `real_name`, `name`, `suffix`, `path`, `type`, `size`, `operate`, `create_time`) VALUES (58, '20200903171807584910.jpg', '3', 'jpg', '/home/mshop/file/pic/20200903171807584910.jpg', 'pic', '34.32KB   ', 'mshop', '2020-09-03 17:18:08');
INSERT INTO `system_local_storage` (`id`, `real_name`, `name`, `suffix`, `path`, `type`, `size`, `operate`, `create_time`) VALUES (59, '20200903171807625149.jpg', '5', 'jpg', '/home/mshop/file/pic/20200903171807625149.jpg', 'pic', '81.55KB   ', 'mshop', '2020-09-03 17:18:08');
INSERT INTO `system_local_storage` (`id`, `real_name`, `name`, `suffix`, `path`, `type`, `size`, `operate`, `create_time`) VALUES (60, '20200903171807641535.jpg', '6', 'jpg', '/home/mshop/file/pic/20200903171807641535.jpg', 'pic', '61.97KB   ', 'mshop', '2020-09-03 17:18:08');
INSERT INTO `system_local_storage` (`id`, `real_name`, `name`, `suffix`, `path`, `type`, `size`, `operate`, `create_time`) VALUES (61, '20200903171807647067.jpg', '7', 'jpg', '/home/mshop/file/pic/20200903171807647067.jpg', 'pic', '76.04KB   ', 'mshop', '2020-09-03 17:18:08');
INSERT INTO `system_local_storage` (`id`, `real_name`, `name`, `suffix`, `path`, `type`, `size`, `operate`, `create_time`) VALUES (62, '20200911093912577832.png', 'avatar_default', 'png', '/home/mshop/file/pic/20200911093912577832.png', 'pic', '54.06KB   ', 'admin', '2020-09-11 09:39:13');
INSERT INTO `system_local_storage` (`id`, `real_name`, `name`, `suffix`, `path`, `type`, `size`, `operate`, `create_time`) VALUES (63, '20200915074139926178.jpg', '1600126884(1)', 'jpg', '/home/mshop/file/pic/20200915074139926178.jpg', 'pic', '23.64KB   ', 'mshop', '2020-09-15 07:41:40');
INSERT INTO `system_local_storage` (`id`, `real_name`, `name`, `suffix`, `path`, `type`, `size`, `operate`, `create_time`) VALUES (64, '20220731082043797646.jpg', 'b6b32191c26d161b', 'jpg', 'D:\\mshop\\file\\pic\\20220731082043797646.jpg', 'pic', '6.48KB   ', 'mshop', '2022-07-31 08:20:44');
INSERT INTO `system_local_storage` (`id`, `real_name`, `name`, `suffix`, `path`, `type`, `size`, `operate`, `create_time`) VALUES (65, '20220910165958211290.p12', 'apiclient_cert', 'p12', 'D:\\mshop\\file\\other\\20220910165958211290.p12', 'other', '2.65KB   ', 'mshop', '2022-09-10 16:59:58');

INSERT INTO `system_gen_config` (`id`, `table_name`, `author`, `cover`, `module_name`, `pack`, `path`, `api_path`, `prefix`, `api_alias`) VALUES (3, 'system_gen_test', 'Zheng Jie', b'1', 'eladmin-system', 'me.zhengjie.gen', 'E:\\workspace\\me\\front\\eladmin-web\\src\\views\\gen', 'E:\\workspace\\me\\front\\eladmin-web\\src\\api', NULL, '测试生成');
INSERT INTO `system_gen_config` (`id`, `table_name`, `author`, `cover`, `module_name`, `pack`, `path`, `api_path`, `prefix`, `api_alias`) VALUES (4, 'mw_material_group', 'jiye', b'0', 'mshop-shop', 'com.mailvor.modules.shop', 'E:\\output', 'E:\\output\\', NULL, '素材');
INSERT INTO `system_gen_config` (`id`, `table_name`, `author`, `cover`, `module_name`, `pack`, `path`, `api_path`, `prefix`, `api_alias`) VALUES (5, 'mw_material', 'jiwei', b'0', 'mshop-shop', 'com.mailvor.modules.shop', 'E:\\output', 'E:\\output\\', NULL, '素材管理');
INSERT INTO `system_gen_config` (`id`, `table_name`, `author`, `cover`, `module_name`, `pack`, `path`, `api_path`, `prefix`, `api_alias`) VALUES (6, 'mw_user', 'jiwei', b'0', 'mshop-system', 'com.mailvor.modules', 'aa', 'aa\\', NULL, '用户');
INSERT INTO `system_gen_config` (`id`, `table_name`, `author`, `cover`, `module_name`, `pack`, `path`, `api_path`, `prefix`, `api_alias`) VALUES (7, 'mw_wechat_media', 'jiwei', b'0', 'mshop-system', 'com.mailvor.modules', 'E:\\book\\img', 'E:\\book\\img\\', NULL, 'ceshi');
INSERT INTO `system_gen_config` (`id`, `table_name`, `author`, `cover`, `module_name`, `pack`, `path`, `api_path`, `prefix`, `api_alias`) VALUES (8, 'mw_user_recharge', 'jiwei', b'0', 'mshop-shop', 'com.mailvor.modules.shop', 'E:\\java\\mwshop-private\\mshop-web\\src\\views\\shop\\recharge', 'E:\\java\\mwshop-private\\mshop-web\\src\\api', '', '充值管理');
INSERT INTO `system_gen_config` (`id`, `table_name`, `author`, `cover`, `module_name`, `pack`, `path`, `api_path`, `prefix`, `api_alias`) VALUES (9, 'mw_system_store', 'jiwei', b'0', 'mshop-shop', 'com.mailvor.modules.shop', 'E:\\java\\mwshop-private\\mshop-web\\src\\views\\shop\\store', 'E:\\java\\mwshop-private\\mshop-web\\src\\api', NULL, '门店');
INSERT INTO `system_gen_config` (`id`, `table_name`, `author`, `cover`, `module_name`, `pack`, `path`, `api_path`, `prefix`, `api_alias`) VALUES (10, 'mw_system_store_staff', 'jiwei', b'1', 'mshop-shop', 'com.mailvor.modules.shop', 'E:\\java\\mwshop-private\\mshop-web\\src\\views\\shop\\storestaff', 'E:\\java\\mwshop-private\\mshop-web\\src\\api', NULL, '门店店员');
INSERT INTO `system_gen_config` (`id`, `table_name`, `author`, `cover`, `module_name`, `pack`, `path`, `api_path`, `prefix`, `api_alias`) VALUES (11, 'mw_store_product_rule', 'jiwei', b'0', 'mshop-mall', 'com.mailvor.modules', 'product', 'product\\', NULL, 'sku规则');
INSERT INTO `system_gen_config` (`id`, `table_name`, `author`, `cover`, `module_name`, `pack`, `path`, `api_path`, `prefix`, `api_alias`) VALUES (12, 'mw_shipping_templates', 'jiwei', b'0', 'mshop-mall', 'com.mailvor.modules', 'product', 'product\\', NULL, '运费模板');
INSERT INTO `system_gen_config` (`id`, `table_name`, `author`, `cover`, `module_name`, `pack`, `path`, `api_path`, `prefix`, `api_alias`) VALUES (13, 'mw_shipping_templates_region', 'jiwei', b'0', 'mshop-mall', 'com.mailvor.modules', 'product', 'product\\', NULL, '运费模板区域');
INSERT INTO `system_gen_config` (`id`, `table_name`, `author`, `cover`, `module_name`, `pack`, `path`, `api_path`, `prefix`, `api_alias`) VALUES (14, 'mw_shipping_templates_free', 'jiwei', b'0', 'mshop-mall', 'com.mailvor.modules', 'product', 'product\\', NULL, '运费模板免费');
INSERT INTO `system_gen_config` (`id`, `table_name`, `author`, `cover`, `module_name`, `pack`, `path`, `api_path`, `prefix`, `api_alias`) VALUES (15, 'mw_system_city', 'jiwei', b'0', 'mshop-mall', 'com.mailvor.modules', 'product', 'product\\', NULL, '城市');
INSERT INTO `system_gen_config` (`id`, `table_name`, `author`, `cover`, `module_name`, `pack`, `path`, `api_path`, `prefix`, `api_alias`) VALUES (16, 'mw_store_product_relation', 'jiwei', b'0', 'mshop-mall', 'com.mailvor.modules.product', 'd:/', 'd:/', NULL, 'ProductRelation');
INSERT INTO `system_gen_config` (`id`, `table_name`, `author`, `cover`, `module_name`, `pack`, `path`, `api_path`, `prefix`, `api_alias`) VALUES (17, 'mw_order_tb', 'shenji', b'1', 'mshop-mall', 'com.mailvor.modules.tk', 'shop/tbOrder/index', 'shop/tbOrder/index\\', NULL, 'tbOrder');
INSERT INTO `system_gen_config` (`id`, `table_name`, `author`, `cover`, `module_name`, `pack`, `path`, `api_path`, `prefix`, `api_alias`) VALUES (18, 'mw_order_dy', 'shenji', b'0', 'mshop-mall', 'com.mailvor.modules.tk', 'shop/jdOrder/index', 'shop/jdOrder/index\\', NULL, 'jdOrder');
INSERT INTO `system_gen_config` (`id`, `table_name`, `author`, `cover`, `module_name`, `pack`, `path`, `api_path`, `prefix`, `api_alias`) VALUES (19, 'mw_order_pdd', 'shenji', b'1', 'mshop-mall', 'com.mailvor.modules.tk', 'shop/pddOrder/index', 'shop/pddOrder/index\\', NULL, 'pddOrder');
INSERT INTO `system_gen_config` (`id`, `table_name`, `author`, `cover`, `module_name`, `pack`, `path`, `api_path`, `prefix`, `api_alias`) VALUES (20, 'mw_order_vip', 'wangjun', b'0', 'mshop-mall', 'com.mailvor.modules.tk', 'shop/vipOrder/index', 'shop/vipOrder/index\\', NULL, 'vipOrder');
INSERT INTO `system_gen_config` (`id`, `table_name`, `author`, `cover`, `module_name`, `pack`, `path`, `api_path`, `prefix`, `api_alias`) VALUES (21, 'mw_order_dy', 'shenji', b'1', 'mshop-mall', 'com.mailvor.modules.tk', 'shop/dyOrder/index', 'shop/dyOrder/index\\', NULL, 'dyOrder');

INSERT INTO `system_email_config` (`id`, `from_user`, `host`, `pass`, `port`, `user`) VALUES (1, '111@qq.com', '111', '111', '111', '1');

INSERT INTO `system_dict` (`id`, `name`, `remark`, `create_time`, `update_time`, `is_del`) VALUES (1, 'user_status', '用户状态', '2019-10-27 20:31:36', NULL, 0);
INSERT INTO `system_dict` (`id`, `name`, `remark`, `create_time`, `update_time`, `is_del`) VALUES (4, 'dept_status', '部门状态', '2019-10-27 20:31:36', NULL, 0);
INSERT INTO `system_dict` (`id`, `name`, `remark`, `create_time`, `update_time`, `is_del`) VALUES (5, 'job_status', '岗位状态', '2019-10-27 20:31:36', NULL, 0);
INSERT INTO `system_dict` (`id`, `name`, `remark`, `create_time`, `update_time`, `is_del`) VALUES (16, 'force_update', '强制升级', '2020-12-09 11:13:21', NULL, 0);
INSERT INTO `system_dict` (`id`, `name`, `remark`, `create_time`, `update_time`, `is_del`) VALUES (17, 'is_enable', '是否启用', '2020-12-10 12:02:57', NULL, 0);
INSERT INTO `system_dict` (`id`, `name`, `remark`, `create_time`, `update_time`, `is_del`) VALUES (18, 'order_id', '抖音订单id', '2022-09-07 22:45:52', NULL, 0);

INSERT INTO `system_dict_detail` (`id`, `label`, `value`, `sort`, `dict_id`, `create_time`, `update_time`, `is_del`) VALUES (1, '激活', 'true', '1', 1, '2019-10-27 20:31:36', NULL, 0);
INSERT INTO `system_dict_detail` (`id`, `label`, `value`, `sort`, `dict_id`, `create_time`, `update_time`, `is_del`) VALUES (2, '禁用', 'false', '2', 1, NULL, NULL, 0);
INSERT INTO `system_dict_detail` (`id`, `label`, `value`, `sort`, `dict_id`, `create_time`, `update_time`, `is_del`) VALUES (3, '启用', 'true', '1', 4, NULL, NULL, 0);
INSERT INTO `system_dict_detail` (`id`, `label`, `value`, `sort`, `dict_id`, `create_time`, `update_time`, `is_del`) VALUES (4, '停用', 'false', '2', 4, '2019-10-27 20:31:36', NULL, 0);
INSERT INTO `system_dict_detail` (`id`, `label`, `value`, `sort`, `dict_id`, `create_time`, `update_time`, `is_del`) VALUES (5, '启用2', 'true', '1', 5, NULL, NULL, 0);
INSERT INTO `system_dict_detail` (`id`, `label`, `value`, `sort`, `dict_id`, `create_time`, `update_time`, `is_del`) VALUES (6, '停用', 'false', '2', 5, '2019-10-27 20:31:36', NULL, 0);
INSERT INTO `system_dict_detail` (`id`, `label`, `value`, `sort`, `dict_id`, `create_time`, `update_time`, `is_del`) VALUES (7, '8', '8', '999', NULL, '2020-05-18 19:44:05', NULL, 0);
INSERT INTO `system_dict_detail` (`id`, `label`, `value`, `sort`, `dict_id`, `create_time`, `update_time`, `is_del`) VALUES (8, '99', '999', '999', NULL, '2020-05-18 19:44:31', NULL, 0);
INSERT INTO `system_dict_detail` (`id`, `label`, `value`, `sort`, `dict_id`, `create_time`, `update_time`, `is_del`) VALUES (20, '是', '1', '999', 16, '2020-12-09 11:41:30', NULL, 0);
INSERT INTO `system_dict_detail` (`id`, `label`, `value`, `sort`, `dict_id`, `create_time`, `update_time`, `is_del`) VALUES (21, '否', '0', '999', 16, '2020-12-09 11:41:36', NULL, 0);
INSERT INTO `system_dict_detail` (`id`, `label`, `value`, `sort`, `dict_id`, `create_time`, `update_time`, `is_del`) VALUES (22, '是', '1', '999', 17, '2020-12-10 12:03:09', NULL, 0);
INSERT INTO `system_dict_detail` (`id`, `label`, `value`, `sort`, `dict_id`, `create_time`, `update_time`, `is_del`) VALUES (23, '否', '0', '999', 17, '2020-12-10 12:03:16', NULL, 0);

INSERT INTO `system_column_config` (`id`, `table_name`, `column_name`, `column_type`, `dict_name`, `extra`, `form_show`, `form_type`, `key_type`, `list_show`, `not_null`, `query_type`, `remark`, `date_annotation`) VALUES (1, 'system_gen_test', 'id', 'int', NULL, 'auto_increment', b'0', NULL, 'PRI', b'0', b'1', NULL, 'ID', NULL);
INSERT INTO `system_column_config` (`id`, `table_name`, `column_name`, `column_type`, `dict_name`, `extra`, `form_show`, `form_type`, `key_type`, `list_show`, `not_null`, `query_type`, `remark`, `date_annotation`) VALUES (2, 'system_gen_test', 'sex', 'int', NULL, '', b'1', NULL, '', b'1', b'0', 'NotNull', '性别', NULL);
INSERT INTO `system_column_config` (`id`, `table_name`, `column_name`, `column_type`, `dict_name`, `extra`, `form_show`, `form_type`, `key_type`, `list_show`, `not_null`, `query_type`, `remark`, `date_annotation`) VALUES (3, 'system_gen_test', 'create_time', 'datetime', NULL, '', b'0', NULL, '', b'1', b'0', 'BetWeen', '', NULL);
INSERT INTO `system_column_config` (`id`, `table_name`, `column_name`, `column_type`, `dict_name`, `extra`, `form_show`, `form_type`, `key_type`, `list_show`, `not_null`, `query_type`, `remark`, `date_annotation`) VALUES (139, 'system_users_roles', 'user_id', 'bigint', NULL, '', b'1', NULL, 'PRI', b'1', b'1', NULL, '用户ID', NULL);
INSERT INTO `system_column_config` (`id`, `table_name`, `column_name`, `column_type`, `dict_name`, `extra`, `form_show`, `form_type`, `key_type`, `list_show`, `not_null`, `query_type`, `remark`, `date_annotation`) VALUES (140, 'system_users_roles', 'role_id', 'bigint', NULL, '', b'1', NULL, 'PRI', b'1', b'1', NULL, '角色ID', NULL);
INSERT INTO `system_column_config` (`id`, `table_name`, `column_name`, `column_type`, `dict_name`, `extra`, `form_show`, `form_type`, `key_type`, `list_show`, `not_null`, `query_type`, `remark`, `date_annotation`) VALUES (141, 'system_user_avatar', 'id', 'bigint', NULL, 'auto_increment', b'1', NULL, 'PRI', b'1', b'0', NULL, '', NULL);
INSERT INTO `system_column_config` (`id`, `table_name`, `column_name`, `column_type`, `dict_name`, `extra`, `form_show`, `form_type`, `key_type`, `list_show`, `not_null`, `query_type`, `remark`, `date_annotation`) VALUES (142, 'system_user_avatar', 'real_name', 'varchar', NULL, '', b'1', NULL, '', b'1', b'0', NULL, '真实文件名', NULL);
INSERT INTO `system_column_config` (`id`, `table_name`, `column_name`, `column_type`, `dict_name`, `extra`, `form_show`, `form_type`, `key_type`, `list_show`, `not_null`, `query_type`, `remark`, `date_annotation`) VALUES (143, 'system_user_avatar', 'path', 'varchar', NULL, '', b'1', NULL, '', b'1', b'0', NULL, '路径', NULL);
INSERT INTO `system_column_config` (`id`, `table_name`, `column_name`, `column_type`, `dict_name`, `extra`, `form_show`, `form_type`, `key_type`, `list_show`, `not_null`, `query_type`, `remark`, `date_annotation`) VALUES (144, 'system_user_avatar', 'size', 'varchar', NULL, '', b'1', NULL, '', b'1', b'0', NULL, '大小', NULL);
INSERT INTO `system_column_config` (`id`, `table_name`, `column_name`, `column_type`, `dict_name`, `extra`, `form_show`, `form_type`, `key_type`, `list_show`, `not_null`, `query_type`, `remark`, `date_annotation`) VALUES (145, 'system_user_avatar', 'create_time', 'datetime', NULL, '', b'1', NULL, '', b'1', b'0', NULL, '创建时间', NULL);
INSERT INTO `system_column_config` (`id`, `table_name`, `column_name`, `column_type`, `dict_name`, `extra`, `form_show`, `form_type`, `key_type`, `list_show`, `not_null`, `query_type`, `remark`, `date_annotation`) VALUES (146, 'mw_material_group', 'id', 'varchar', NULL, '', b'1', NULL, 'PRI', b'1', b'1', NULL, 'PK', NULL);
INSERT INTO `system_column_config` (`id`, `table_name`, `column_name`, `column_type`, `dict_name`, `extra`, `form_show`, `form_type`, `key_type`, `list_show`, `not_null`, `query_type`, `remark`, `date_annotation`) VALUES (147, 'mw_material_group', 'user_id', 'varchar', NULL, '', b'1', NULL, 'MUL', b'1', b'1', NULL, '所属租户', NULL);
INSERT INTO `system_column_config` (`id`, `table_name`, `column_name`, `column_type`, `dict_name`, `extra`, `form_show`, `form_type`, `key_type`, `list_show`, `not_null`, `query_type`, `remark`, `date_annotation`) VALUES (148, 'mw_material_group', 'del_flag', 'char', NULL, '', b'1', NULL, '', b'1', b'1', NULL, '逻辑删除标记（0：显示；1：隐藏）', NULL);
INSERT INTO `system_column_config` (`id`, `table_name`, `column_name`, `column_type`, `dict_name`, `extra`, `form_show`, `form_type`, `key_type`, `list_show`, `not_null`, `query_type`, `remark`, `date_annotation`) VALUES (149, 'mw_material_group', 'create_time', 'datetime', NULL, '', b'1', NULL, '', b'1', b'1', NULL, '创建时间', NULL);
INSERT INTO `system_column_config` (`id`, `table_name`, `column_name`, `column_type`, `dict_name`, `extra`, `form_show`, `form_type`, `key_type`, `list_show`, `not_null`, `query_type`, `remark`, `date_annotation`) VALUES (150, 'mw_material_group', 'update_time', 'timestamp', NULL, 'on update CURRENT_TIMESTAMP', b'1', NULL, '', b'1', b'1', NULL, '最后更新时间', NULL);
INSERT INTO `system_column_config` (`id`, `table_name`, `column_name`, `column_type`, `dict_name`, `extra`, `form_show`, `form_type`, `key_type`, `list_show`, `not_null`, `query_type`, `remark`, `date_annotation`) VALUES (151, 'mw_material_group', 'create_id', 'varchar', NULL, '', b'1', NULL, '', b'1', b'0', NULL, '创建者ID', NULL);
INSERT INTO `system_column_config` (`id`, `table_name`, `column_name`, `column_type`, `dict_name`, `extra`, `form_show`, `form_type`, `key_type`, `list_show`, `not_null`, `query_type`, `remark`, `date_annotation`) VALUES (152, 'mw_material_group', 'name', 'varchar', NULL, '', b'1', NULL, '', b'1', b'1', NULL, '分组名', NULL);
INSERT INTO `system_column_config` (`id`, `table_name`, `column_name`, `column_type`, `dict_name`, `extra`, `form_show`, `form_type`, `key_type`, `list_show`, `not_null`, `query_type`, `remark`, `date_annotation`) VALUES (153, 'mw_material', 'id', 'varchar', NULL, '', b'1', NULL, 'PRI', b'1', b'1', NULL, 'PK', NULL);
INSERT INTO `system_column_config` (`id`, `table_name`, `column_name`, `column_type`, `dict_name`, `extra`, `form_show`, `form_type`, `key_type`, `list_show`, `not_null`, `query_type`, `remark`, `date_annotation`) VALUES (154, 'mw_material', 'user_id', 'varchar', NULL, '', b'1', NULL, 'MUL', b'1', b'1', NULL, '所属租户', NULL);
INSERT INTO `system_column_config` (`id`, `table_name`, `column_name`, `column_type`, `dict_name`, `extra`, `form_show`, `form_type`, `key_type`, `list_show`, `not_null`, `query_type`, `remark`, `date_annotation`) VALUES (155, 'mw_material', 'del_flag', 'char', NULL, '', b'1', NULL, '', b'1', b'1', NULL, '逻辑删除标记（0：显示；1：隐藏）', NULL);
INSERT INTO `system_column_config` (`id`, `table_name`, `column_name`, `column_type`, `dict_name`, `extra`, `form_show`, `form_type`, `key_type`, `list_show`, `not_null`, `query_type`, `remark`, `date_annotation`) VALUES (156, 'mw_material', 'create_time', 'datetime', NULL, '', b'1', NULL, '', b'1', b'1', NULL, '创建时间', NULL);
INSERT INTO `system_column_config` (`id`, `table_name`, `column_name`, `column_type`, `dict_name`, `extra`, `form_show`, `form_type`, `key_type`, `list_show`, `not_null`, `query_type`, `remark`, `date_annotation`) VALUES (157, 'mw_material', 'update_time', 'timestamp', NULL, 'on update CURRENT_TIMESTAMP', b'1', NULL, '', b'1', b'1', NULL, '最后更新时间', NULL);
INSERT INTO `system_column_config` (`id`, `table_name`, `column_name`, `column_type`, `dict_name`, `extra`, `form_show`, `form_type`, `key_type`, `list_show`, `not_null`, `query_type`, `remark`, `date_annotation`) VALUES (158, 'mw_material', 'create_id', 'varchar', NULL, '', b'1', NULL, '', b'1', b'0', NULL, '创建者ID', NULL);
INSERT INTO `system_column_config` (`id`, `table_name`, `column_name`, `column_type`, `dict_name`, `extra`, `form_show`, `form_type`, `key_type`, `list_show`, `not_null`, `query_type`, `remark`, `date_annotation`) VALUES (159, 'mw_material', 'type', 'char', NULL, '', b'1', NULL, '', b'1', b'1', NULL, '类型1、图片；2、视频', NULL);
INSERT INTO `system_column_config` (`id`, `table_name`, `column_name`, `column_type`, `dict_name`, `extra`, `form_show`, `form_type`, `key_type`, `list_show`, `not_null`, `query_type`, `remark`, `date_annotation`) VALUES (160, 'mw_material', 'group_id', 'varchar', NULL, '', b'1', NULL, '', b'1', b'0', NULL, '分组ID', NULL);
INSERT INTO `system_column_config` (`id`, `table_name`, `column_name`, `column_type`, `dict_name`, `extra`, `form_show`, `form_type`, `key_type`, `list_show`, `not_null`, `query_type`, `remark`, `date_annotation`) VALUES (161, 'mw_material', 'name', 'varchar', NULL, '', b'1', NULL, '', b'1', b'1', NULL, '素材名', NULL);
INSERT INTO `system_column_config` (`id`, `table_name`, `column_name`, `column_type`, `dict_name`, `extra`, `form_show`, `form_type`, `key_type`, `list_show`, `not_null`, `query_type`, `remark`, `date_annotation`) VALUES (162, 'mw_material', 'url', 'varchar', NULL, '', b'1', NULL, '', b'1', b'0', NULL, '素材链接', NULL);
INSERT INTO `system_column_config` (`id`, `table_name`, `column_name`, `column_type`, `dict_name`, `extra`, `form_show`, `form_type`, `key_type`, `list_show`, `not_null`, `query_type`, `remark`, `date_annotation`) VALUES (163, 'mw_user', 'uid', 'int', NULL, 'auto_increment', b'1', NULL, 'PRI', b'1', b'0', NULL, '用户id', NULL);
INSERT INTO `system_column_config` (`id`, `table_name`, `column_name`, `column_type`, `dict_name`, `extra`, `form_show`, `form_type`, `key_type`, `list_show`, `not_null`, `query_type`, `remark`, `date_annotation`) VALUES (164, 'mw_user', 'username', 'varchar', NULL, '', b'1', NULL, 'MUL', b'1', b'0', NULL, '用户账户(跟accout一样)', NULL);
INSERT INTO `system_column_config` (`id`, `table_name`, `column_name`, `column_type`, `dict_name`, `extra`, `form_show`, `form_type`, `key_type`, `list_show`, `not_null`, `query_type`, `remark`, `date_annotation`) VALUES (165, 'mw_user', 'account', 'varchar', NULL, '', b'1', NULL, 'MUL', b'1', b'1', NULL, '用户账号', NULL);
INSERT INTO `system_column_config` (`id`, `table_name`, `column_name`, `column_type`, `dict_name`, `extra`, `form_show`, `form_type`, `key_type`, `list_show`, `not_null`, `query_type`, `remark`, `date_annotation`) VALUES (166, 'mw_user', 'password', 'varchar', NULL, '', b'1', NULL, '', b'1', b'0', NULL, '用户密码（跟pwd）', NULL);
INSERT INTO `system_column_config` (`id`, `table_name`, `column_name`, `column_type`, `dict_name`, `extra`, `form_show`, `form_type`, `key_type`, `list_show`, `not_null`, `query_type`, `remark`, `date_annotation`) VALUES (167, 'mw_user', 'pwd', 'varchar', NULL, '', b'1', NULL, '', b'1', b'1', NULL, '用户密码', NULL);
INSERT INTO `system_column_config` (`id`, `table_name`, `column_name`, `column_type`, `dict_name`, `extra`, `form_show`, `form_type`, `key_type`, `list_show`, `not_null`, `query_type`, `remark`, `date_annotation`) VALUES (168, 'mw_user', 'real_name', 'varchar', NULL, '', b'1', NULL, '', b'1', b'0', NULL, '真实姓名', NULL);
INSERT INTO `system_column_config` (`id`, `table_name`, `column_name`, `column_type`, `dict_name`, `extra`, `form_show`, `form_type`, `key_type`, `list_show`, `not_null`, `query_type`, `remark`, `date_annotation`) VALUES (169, 'mw_user', 'birthday', 'int', NULL, '', b'1', NULL, '', b'1', b'0', NULL, '生日', NULL);
INSERT INTO `system_column_config` (`id`, `table_name`, `column_name`, `column_type`, `dict_name`, `extra`, `form_show`, `form_type`, `key_type`, `list_show`, `not_null`, `query_type`, `remark`, `date_annotation`) VALUES (170, 'mw_user', 'card_id', 'varchar', NULL, '', b'1', NULL, '', b'1', b'0', NULL, '身份证号码', NULL);
INSERT INTO `system_column_config` (`id`, `table_name`, `column_name`, `column_type`, `dict_name`, `extra`, `form_show`, `form_type`, `key_type`, `list_show`, `not_null`, `query_type`, `remark`, `date_annotation`) VALUES (171, 'mw_user', 'mark', 'varchar', NULL, '', b'1', NULL, '', b'1', b'0', NULL, '用户备注', NULL);
INSERT INTO `system_column_config` (`id`, `table_name`, `column_name`, `column_type`, `dict_name`, `extra`, `form_show`, `form_type`, `key_type`, `list_show`, `not_null`, `query_type`, `remark`, `date_annotation`) VALUES (172, 'mw_user', 'partner_id', 'int', NULL, '', b'1', NULL, '', b'1', b'0', NULL, '合伙人id', NULL);
INSERT INTO `system_column_config` (`id`, `table_name`, `column_name`, `column_type`, `dict_name`, `extra`, `form_show`, `form_type`, `key_type`, `list_show`, `not_null`, `query_type`, `remark`, `date_annotation`) VALUES (173, 'mw_user', 'group_id', 'int', NULL, '', b'1', NULL, '', b'1', b'0', NULL, '用户分组id', NULL);
INSERT INTO `system_column_config` (`id`, `table_name`, `column_name`, `column_type`, `dict_name`, `extra`, `form_show`, `form_type`, `key_type`, `list_show`, `not_null`, `query_type`, `remark`, `date_annotation`) VALUES (174, 'mw_user', 'nickname', 'varchar', NULL, '', b'1', NULL, '', b'1', b'0', NULL, '用户昵称', NULL);
INSERT INTO `system_column_config` (`id`, `table_name`, `column_name`, `column_type`, `dict_name`, `extra`, `form_show`, `form_type`, `key_type`, `list_show`, `not_null`, `query_type`, `remark`, `date_annotation`) VALUES (175, 'mw_user', 'avatar', 'varchar', NULL, '', b'1', NULL, '', b'1', b'0', NULL, '用户头像', NULL);
INSERT INTO `system_column_config` (`id`, `table_name`, `column_name`, `column_type`, `dict_name`, `extra`, `form_show`, `form_type`, `key_type`, `list_show`, `not_null`, `query_type`, `remark`, `date_annotation`) VALUES (176, 'mw_user', 'phone', 'char', NULL, '', b'1', NULL, '', b'1', b'0', NULL, '手机号码', NULL);
INSERT INTO `system_column_config` (`id`, `table_name`, `column_name`, `column_type`, `dict_name`, `extra`, `form_show`, `form_type`, `key_type`, `list_show`, `not_null`, `query_type`, `remark`, `date_annotation`) VALUES (177, 'mw_user', 'add_time', 'int', NULL, '', b'1', NULL, '', b'1', b'1', NULL, '添加时间', NULL);
INSERT INTO `system_column_config` (`id`, `table_name`, `column_name`, `column_type`, `dict_name`, `extra`, `form_show`, `form_type`, `key_type`, `list_show`, `not_null`, `query_type`, `remark`, `date_annotation`) VALUES (178, 'mw_user', 'add_ip', 'varchar', NULL, '', b'1', NULL, '', b'1', b'0', NULL, '添加ip', NULL);
INSERT INTO `system_column_config` (`id`, `table_name`, `column_name`, `column_type`, `dict_name`, `extra`, `form_show`, `form_type`, `key_type`, `list_show`, `not_null`, `query_type`, `remark`, `date_annotation`) VALUES (179, 'mw_user', 'last_time', 'int', NULL, '', b'1', NULL, '', b'1', b'1', NULL, '最后一次登录时间', NULL);
INSERT INTO `system_column_config` (`id`, `table_name`, `column_name`, `column_type`, `dict_name`, `extra`, `form_show`, `form_type`, `key_type`, `list_show`, `not_null`, `query_type`, `remark`, `date_annotation`) VALUES (180, 'mw_user', 'last_ip', 'varchar', NULL, '', b'1', NULL, '', b'1', b'0', NULL, '最后一次登录ip', NULL);
INSERT INTO `system_column_config` (`id`, `table_name`, `column_name`, `column_type`, `dict_name`, `extra`, `form_show`, `form_type`, `key_type`, `list_show`, `not_null`, `query_type`, `remark`, `date_annotation`) VALUES (181, 'mw_user', 'now_money', 'decimal', NULL, '', b'1', NULL, '', b'1', b'1', NULL, '用户余额', NULL);
INSERT INTO `system_column_config` (`id`, `table_name`, `column_name`, `column_type`, `dict_name`, `extra`, `form_show`, `form_type`, `key_type`, `list_show`, `not_null`, `query_type`, `remark`, `date_annotation`) VALUES (182, 'mw_user', 'brokerage_price', 'decimal', NULL, '', b'1', NULL, '', b'1', b'1', NULL, '佣金金额', NULL);
INSERT INTO `system_column_config` (`id`, `table_name`, `column_name`, `column_type`, `dict_name`, `extra`, `form_show`, `form_type`, `key_type`, `list_show`, `not_null`, `query_type`, `remark`, `date_annotation`) VALUES (183, 'mw_user', 'integral', 'decimal', NULL, '', b'1', NULL, '', b'1', b'1', NULL, '用户剩余积分', NULL);
INSERT INTO `system_column_config` (`id`, `table_name`, `column_name`, `column_type`, `dict_name`, `extra`, `form_show`, `form_type`, `key_type`, `list_show`, `not_null`, `query_type`, `remark`, `date_annotation`) VALUES (184, 'mw_user', 'sign_num', 'int', NULL, '', b'1', NULL, '', b'1', b'1', NULL, '连续签到天数', NULL);
INSERT INTO `system_column_config` (`id`, `table_name`, `column_name`, `column_type`, `dict_name`, `extra`, `form_show`, `form_type`, `key_type`, `list_show`, `not_null`, `query_type`, `remark`, `date_annotation`) VALUES (185, 'mw_user', 'status', 'tinyint', NULL, '', b'1', NULL, 'MUL', b'1', b'1', NULL, '1为正常，0为禁止', NULL);
INSERT INTO `system_column_config` (`id`, `table_name`, `column_name`, `column_type`, `dict_name`, `extra`, `form_show`, `form_type`, `key_type`, `list_show`, `not_null`, `query_type`, `remark`, `date_annotation`) VALUES (186, 'mw_user', 'level', 'tinyint', NULL, '', b'1', NULL, 'MUL', b'1', b'1', NULL, '等级', NULL);
INSERT INTO `system_column_config` (`id`, `table_name`, `column_name`, `column_type`, `dict_name`, `extra`, `form_show`, `form_type`, `key_type`, `list_show`, `not_null`, `query_type`, `remark`, `date_annotation`) VALUES (187, 'mw_user', 'spread_uid', 'int', NULL, '', b'1', NULL, 'MUL', b'1', b'1', NULL, '推广元id', NULL);
INSERT INTO `system_column_config` (`id`, `table_name`, `column_name`, `column_type`, `dict_name`, `extra`, `form_show`, `form_type`, `key_type`, `list_show`, `not_null`, `query_type`, `remark`, `date_annotation`) VALUES (188, 'mw_user', 'spread_time', 'int', NULL, '', b'1', NULL, '', b'1', b'1', NULL, '推广员关联时间', NULL);
INSERT INTO `system_column_config` (`id`, `table_name`, `column_name`, `column_type`, `dict_name`, `extra`, `form_show`, `form_type`, `key_type`, `list_show`, `not_null`, `query_type`, `remark`, `date_annotation`) VALUES (189, 'mw_user', 'user_type', 'varchar', NULL, '', b'1', NULL, '', b'1', b'1', NULL, '用户类型', NULL);
INSERT INTO `system_column_config` (`id`, `table_name`, `column_name`, `column_type`, `dict_name`, `extra`, `form_show`, `form_type`, `key_type`, `list_show`, `not_null`, `query_type`, `remark`, `date_annotation`) VALUES (190, 'mw_user', 'is_promoter', 'tinyint', NULL, '', b'1', NULL, 'MUL', b'1', b'1', NULL, '是否为推广员', NULL);
INSERT INTO `system_column_config` (`id`, `table_name`, `column_name`, `column_type`, `dict_name`, `extra`, `form_show`, `form_type`, `key_type`, `list_show`, `not_null`, `query_type`, `remark`, `date_annotation`) VALUES (191, 'mw_user', 'pay_count', 'int', NULL, '', b'1', NULL, '', b'1', b'0', NULL, '用户购买次数', NULL);
INSERT INTO `system_column_config` (`id`, `table_name`, `column_name`, `column_type`, `dict_name`, `extra`, `form_show`, `form_type`, `key_type`, `list_show`, `not_null`, `query_type`, `remark`, `date_annotation`) VALUES (192, 'mw_user', 'spread_count', 'int', NULL, '', b'1', NULL, '', b'1', b'0', NULL, '下级人数', NULL);
INSERT INTO `system_column_config` (`id`, `table_name`, `column_name`, `column_type`, `dict_name`, `extra`, `form_show`, `form_type`, `key_type`, `list_show`, `not_null`, `query_type`, `remark`, `date_annotation`) VALUES (193, 'mw_user', 'clean_time', 'int', NULL, '', b'1', NULL, '', b'1', b'0', NULL, '清理会员时间', NULL);
INSERT INTO `system_column_config` (`id`, `table_name`, `column_name`, `column_type`, `dict_name`, `extra`, `form_show`, `form_type`, `key_type`, `list_show`, `not_null`, `query_type`, `remark`, `date_annotation`) VALUES (194, 'mw_user', 'addres', 'varchar', NULL, '', b'1', NULL, '', b'1', b'1', NULL, '详细地址', NULL);
INSERT INTO `system_column_config` (`id`, `table_name`, `column_name`, `column_type`, `dict_name`, `extra`, `form_show`, `form_type`, `key_type`, `list_show`, `not_null`, `query_type`, `remark`, `date_annotation`) VALUES (195, 'mw_user', 'adminid', 'int', NULL, '', b'1', NULL, '', b'1', b'0', NULL, '管理员编号 ', NULL);
INSERT INTO `system_column_config` (`id`, `table_name`, `column_name`, `column_type`, `dict_name`, `extra`, `form_show`, `form_type`, `key_type`, `list_show`, `not_null`, `query_type`, `remark`, `date_annotation`) VALUES (196, 'mw_user', 'login_type', 'varchar', NULL, '', b'1', NULL, '', b'1', b'1', NULL, '用户登陆类型，h5,wechat,routine', NULL);
INSERT INTO `system_column_config` (`id`, `table_name`, `column_name`, `column_type`, `dict_name`, `extra`, `form_show`, `form_type`, `key_type`, `list_show`, `not_null`, `query_type`, `remark`, `date_annotation`) VALUES (197, 'mw_wechat_media', 'id', 'int', NULL, 'auto_increment', b'1', NULL, 'PRI', b'1', b'0', NULL, '微信视频音频id', NULL);
INSERT INTO `system_column_config` (`id`, `table_name`, `column_name`, `column_type`, `dict_name`, `extra`, `form_show`, `form_type`, `key_type`, `list_show`, `not_null`, `query_type`, `remark`, `date_annotation`) VALUES (198, 'mw_wechat_media', 'type', 'varchar', NULL, '', b'1', NULL, 'MUL', b'1', b'1', NULL, '回复类型', NULL);
INSERT INTO `system_column_config` (`id`, `table_name`, `column_name`, `column_type`, `dict_name`, `extra`, `form_show`, `form_type`, `key_type`, `list_show`, `not_null`, `query_type`, `remark`, `date_annotation`) VALUES (199, 'mw_wechat_media', 'path', 'varchar', NULL, '', b'1', NULL, '', b'1', b'1', NULL, '文件路径', NULL);
INSERT INTO `system_column_config` (`id`, `table_name`, `column_name`, `column_type`, `dict_name`, `extra`, `form_show`, `form_type`, `key_type`, `list_show`, `not_null`, `query_type`, `remark`, `date_annotation`) VALUES (200, 'mw_wechat_media', 'media_id', 'varchar', NULL, '', b'1', NULL, '', b'1', b'1', NULL, '微信服务器返回的id', NULL);
INSERT INTO `system_column_config` (`id`, `table_name`, `column_name`, `column_type`, `dict_name`, `extra`, `form_show`, `form_type`, `key_type`, `list_show`, `not_null`, `query_type`, `remark`, `date_annotation`) VALUES (201, 'mw_wechat_media', 'url', 'varchar', NULL, '', b'1', NULL, '', b'1', b'1', NULL, '地址', NULL);
INSERT INTO `system_column_config` (`id`, `table_name`, `column_name`, `column_type`, `dict_name`, `extra`, `form_show`, `form_type`, `key_type`, `list_show`, `not_null`, `query_type`, `remark`, `date_annotation`) VALUES (202, 'mw_wechat_media', 'temporary', 'tinyint', NULL, '', b'1', NULL, '', b'1', b'1', NULL, '是否永久或者临时 0永久1临时', NULL);
INSERT INTO `system_column_config` (`id`, `table_name`, `column_name`, `column_type`, `dict_name`, `extra`, `form_show`, `form_type`, `key_type`, `list_show`, `not_null`, `query_type`, `remark`, `date_annotation`) VALUES (203, 'mw_wechat_media', 'add_time', 'int', NULL, '', b'1', NULL, '', b'1', b'1', NULL, '添加时间', NULL);
INSERT INTO `system_column_config` (`id`, `table_name`, `column_name`, `column_type`, `dict_name`, `extra`, `form_show`, `form_type`, `key_type`, `list_show`, `not_null`, `query_type`, `remark`, `date_annotation`) VALUES (204, 'mw_store_order', 'id', 'int', NULL, 'auto_increment', b'1', NULL, 'PRI', b'1', b'0', NULL, '订单ID', NULL);
INSERT INTO `system_column_config` (`id`, `table_name`, `column_name`, `column_type`, `dict_name`, `extra`, `form_show`, `form_type`, `key_type`, `list_show`, `not_null`, `query_type`, `remark`, `date_annotation`) VALUES (205, 'mw_store_order', 'order_id', 'varchar', NULL, '', b'1', NULL, 'MUL', b'1', b'1', NULL, '订单号', NULL);
INSERT INTO `system_column_config` (`id`, `table_name`, `column_name`, `column_type`, `dict_name`, `extra`, `form_show`, `form_type`, `key_type`, `list_show`, `not_null`, `query_type`, `remark`, `date_annotation`) VALUES (206, 'mw_store_order', 'extend_order_id', 'varchar', NULL, '', b'1', NULL, '', b'1', b'0', NULL, '额外订单号', NULL);
INSERT INTO `system_column_config` (`id`, `table_name`, `column_name`, `column_type`, `dict_name`, `extra`, `form_show`, `form_type`, `key_type`, `list_show`, `not_null`, `query_type`, `remark`, `date_annotation`) VALUES (207, 'mw_store_order', 'uid', 'int', NULL, '', b'1', NULL, 'MUL', b'1', b'1', NULL, '用户id', NULL);
INSERT INTO `system_column_config` (`id`, `table_name`, `column_name`, `column_type`, `dict_name`, `extra`, `form_show`, `form_type`, `key_type`, `list_show`, `not_null`, `query_type`, `remark`, `date_annotation`) VALUES (208, 'mw_store_order', 'real_name', 'varchar', NULL, '', b'1', NULL, '', b'1', b'1', NULL, '用户姓名', NULL);
INSERT INTO `system_column_config` (`id`, `table_name`, `column_name`, `column_type`, `dict_name`, `extra`, `form_show`, `form_type`, `key_type`, `list_show`, `not_null`, `query_type`, `remark`, `date_annotation`) VALUES (209, 'mw_store_order', 'user_phone', 'varchar', NULL, '', b'1', NULL, '', b'1', b'1', NULL, '用户电话', NULL);
INSERT INTO `system_column_config` (`id`, `table_name`, `column_name`, `column_type`, `dict_name`, `extra`, `form_show`, `form_type`, `key_type`, `list_show`, `not_null`, `query_type`, `remark`, `date_annotation`) VALUES (210, 'mw_store_order', 'user_address', 'varchar', NULL, '', b'1', NULL, '', b'1', b'1', NULL, '详细地址', NULL);
INSERT INTO `system_column_config` (`id`, `table_name`, `column_name`, `column_type`, `dict_name`, `extra`, `form_show`, `form_type`, `key_type`, `list_show`, `not_null`, `query_type`, `remark`, `date_annotation`) VALUES (211, 'mw_store_order', 'cart_id', 'varchar', NULL, '', b'1', NULL, '', b'1', b'1', NULL, '购物车id', NULL);
INSERT INTO `system_column_config` (`id`, `table_name`, `column_name`, `column_type`, `dict_name`, `extra`, `form_show`, `form_type`, `key_type`, `list_show`, `not_null`, `query_type`, `remark`, `date_annotation`) VALUES (212, 'mw_store_order', 'freight_price', 'decimal', NULL, '', b'1', NULL, '', b'1', b'1', NULL, '运费金额', NULL);
INSERT INTO `system_column_config` (`id`, `table_name`, `column_name`, `column_type`, `dict_name`, `extra`, `form_show`, `form_type`, `key_type`, `list_show`, `not_null`, `query_type`, `remark`, `date_annotation`) VALUES (213, 'mw_store_order', 'total_num', 'int', NULL, '', b'1', NULL, '', b'1', b'1', NULL, '订单商品总数', NULL);
INSERT INTO `system_column_config` (`id`, `table_name`, `column_name`, `column_type`, `dict_name`, `extra`, `form_show`, `form_type`, `key_type`, `list_show`, `not_null`, `query_type`, `remark`, `date_annotation`) VALUES (214, 'mw_store_order', 'total_price', 'decimal', NULL, '', b'1', NULL, '', b'1', b'1', NULL, '订单总价', NULL);
INSERT INTO `system_column_config` (`id`, `table_name`, `column_name`, `column_type`, `dict_name`, `extra`, `form_show`, `form_type`, `key_type`, `list_show`, `not_null`, `query_type`, `remark`, `date_annotation`) VALUES (215, 'mw_store_order', 'total_postage', 'decimal', NULL, '', b'1', NULL, '', b'1', b'1', NULL, '邮费', NULL);
INSERT INTO `system_column_config` (`id`, `table_name`, `column_name`, `column_type`, `dict_name`, `extra`, `form_show`, `form_type`, `key_type`, `list_show`, `not_null`, `query_type`, `remark`, `date_annotation`) VALUES (216, 'mw_store_order', 'pay_price', 'decimal', NULL, '', b'1', NULL, 'MUL', b'1', b'1', NULL, '实际支付金额', NULL);
INSERT INTO `system_column_config` (`id`, `table_name`, `column_name`, `column_type`, `dict_name`, `extra`, `form_show`, `form_type`, `key_type`, `list_show`, `not_null`, `query_type`, `remark`, `date_annotation`) VALUES (217, 'mw_store_order', 'pay_postage', 'decimal', NULL, '', b'1', NULL, '', b'1', b'1', NULL, '支付邮费', NULL);
INSERT INTO `system_column_config` (`id`, `table_name`, `column_name`, `column_type`, `dict_name`, `extra`, `form_show`, `form_type`, `key_type`, `list_show`, `not_null`, `query_type`, `remark`, `date_annotation`) VALUES (218, 'mw_store_order', 'deduction_price', 'decimal', NULL, '', b'1', NULL, '', b'1', b'1', NULL, '抵扣金额', NULL);
INSERT INTO `system_column_config` (`id`, `table_name`, `column_name`, `column_type`, `dict_name`, `extra`, `form_show`, `form_type`, `key_type`, `list_show`, `not_null`, `query_type`, `remark`, `date_annotation`) VALUES (219, 'mw_store_order', 'coupon_id', 'int', NULL, '', b'1', NULL, 'MUL', b'1', b'1', NULL, '优惠券id', NULL);
INSERT INTO `system_column_config` (`id`, `table_name`, `column_name`, `column_type`, `dict_name`, `extra`, `form_show`, `form_type`, `key_type`, `list_show`, `not_null`, `query_type`, `remark`, `date_annotation`) VALUES (220, 'mw_store_order', 'coupon_price', 'decimal', NULL, '', b'1', NULL, '', b'1', b'1', NULL, '优惠券金额', NULL);
INSERT INTO `system_column_config` (`id`, `table_name`, `column_name`, `column_type`, `dict_name`, `extra`, `form_show`, `form_type`, `key_type`, `list_show`, `not_null`, `query_type`, `remark`, `date_annotation`) VALUES (221, 'mw_store_order', 'paid', 'tinyint', NULL, '', b'1', NULL, 'MUL', b'1', b'1', NULL, '支付状态', NULL);
INSERT INTO `system_column_config` (`id`, `table_name`, `column_name`, `column_type`, `dict_name`, `extra`, `form_show`, `form_type`, `key_type`, `list_show`, `not_null`, `query_type`, `remark`, `date_annotation`) VALUES (222, 'mw_store_order', 'pay_time', 'int', NULL, '', b'1', NULL, 'MUL', b'1', b'0', NULL, '支付时间', NULL);
INSERT INTO `system_column_config` (`id`, `table_name`, `column_name`, `column_type`, `dict_name`, `extra`, `form_show`, `form_type`, `key_type`, `list_show`, `not_null`, `query_type`, `remark`, `date_annotation`) VALUES (223, 'mw_store_order', 'pay_type', 'varchar', NULL, '', b'1', NULL, 'MUL', b'1', b'1', NULL, '支付方式', NULL);
INSERT INTO `system_column_config` (`id`, `table_name`, `column_name`, `column_type`, `dict_name`, `extra`, `form_show`, `form_type`, `key_type`, `list_show`, `not_null`, `query_type`, `remark`, `date_annotation`) VALUES (224, 'mw_store_order', 'add_time', 'int', NULL, '', b'1', NULL, 'MUL', b'1', b'1', NULL, '创建时间', NULL);
INSERT INTO `system_column_config` (`id`, `table_name`, `column_name`, `column_type`, `dict_name`, `extra`, `form_show`, `form_type`, `key_type`, `list_show`, `not_null`, `query_type`, `remark`, `date_annotation`) VALUES (225, 'mw_store_order', 'status', 'tinyint', NULL, '', b'1', NULL, 'MUL', b'1', b'1', NULL, '订单状态（-1 : 申请退款 -2 : 退货成功 0：待发货；1：待收货；2：已收货；3：待评价；-1：已退款）', NULL);
INSERT INTO `system_column_config` (`id`, `table_name`, `column_name`, `column_type`, `dict_name`, `extra`, `form_show`, `form_type`, `key_type`, `list_show`, `not_null`, `query_type`, `remark`, `date_annotation`) VALUES (226, 'mw_store_order', 'refund_status', 'tinyint', NULL, '', b'1', NULL, '', b'1', b'1', NULL, '0 未退款 1 申请中 2 已退款', NULL);
INSERT INTO `system_column_config` (`id`, `table_name`, `column_name`, `column_type`, `dict_name`, `extra`, `form_show`, `form_type`, `key_type`, `list_show`, `not_null`, `query_type`, `remark`, `date_annotation`) VALUES (227, 'mw_store_order', 'refund_reason_wap_img', 'varchar', NULL, '', b'1', NULL, '', b'1', b'0', NULL, '退款图片', NULL);
INSERT INTO `system_column_config` (`id`, `table_name`, `column_name`, `column_type`, `dict_name`, `extra`, `form_show`, `form_type`, `key_type`, `list_show`, `not_null`, `query_type`, `remark`, `date_annotation`) VALUES (228, 'mw_store_order', 'refund_reason_wap_explain', 'varchar', NULL, '', b'1', NULL, '', b'1', b'0', NULL, '退款用户说明', NULL);
INSERT INTO `system_column_config` (`id`, `table_name`, `column_name`, `column_type`, `dict_name`, `extra`, `form_show`, `form_type`, `key_type`, `list_show`, `not_null`, `query_type`, `remark`, `date_annotation`) VALUES (229, 'mw_store_order', 'refund_reason_time', 'int', NULL, '', b'1', NULL, '', b'1', b'0', NULL, '退款时间', NULL);
INSERT INTO `system_column_config` (`id`, `table_name`, `column_name`, `column_type`, `dict_name`, `extra`, `form_show`, `form_type`, `key_type`, `list_show`, `not_null`, `query_type`, `remark`, `date_annotation`) VALUES (230, 'mw_store_order', 'refund_reason_wap', 'varchar', NULL, '', b'1', NULL, '', b'1', b'0', NULL, '前台退款原因', NULL);
INSERT INTO `system_column_config` (`id`, `table_name`, `column_name`, `column_type`, `dict_name`, `extra`, `form_show`, `form_type`, `key_type`, `list_show`, `not_null`, `query_type`, `remark`, `date_annotation`) VALUES (231, 'mw_store_order', 'refund_reason', 'varchar', NULL, '', b'1', NULL, '', b'1', b'0', NULL, '不退款的理由', NULL);
INSERT INTO `system_column_config` (`id`, `table_name`, `column_name`, `column_type`, `dict_name`, `extra`, `form_show`, `form_type`, `key_type`, `list_show`, `not_null`, `query_type`, `remark`, `date_annotation`) VALUES (232, 'mw_store_order', 'refund_price', 'decimal', NULL, '', b'1', NULL, '', b'1', b'1', NULL, '退款金额', NULL);
INSERT INTO `system_column_config` (`id`, `table_name`, `column_name`, `column_type`, `dict_name`, `extra`, `form_show`, `form_type`, `key_type`, `list_show`, `not_null`, `query_type`, `remark`, `date_annotation`) VALUES (233, 'mw_store_order', 'delivery_sn', 'varchar', NULL, '', b'1', NULL, '', b'1', b'0', NULL, '快递公司编号', NULL);
INSERT INTO `system_column_config` (`id`, `table_name`, `column_name`, `column_type`, `dict_name`, `extra`, `form_show`, `form_type`, `key_type`, `list_show`, `not_null`, `query_type`, `remark`, `date_annotation`) VALUES (234, 'mw_store_order', 'delivery_name', 'varchar', NULL, '', b'1', NULL, '', b'1', b'0', NULL, '快递名称/送货人姓名', NULL);
INSERT INTO `system_column_config` (`id`, `table_name`, `column_name`, `column_type`, `dict_name`, `extra`, `form_show`, `form_type`, `key_type`, `list_show`, `not_null`, `query_type`, `remark`, `date_annotation`) VALUES (235, 'mw_store_order', 'delivery_type', 'varchar', NULL, '', b'1', NULL, '', b'1', b'0', NULL, '发货类型', NULL);
INSERT INTO `system_column_config` (`id`, `table_name`, `column_name`, `column_type`, `dict_name`, `extra`, `form_show`, `form_type`, `key_type`, `list_show`, `not_null`, `query_type`, `remark`, `date_annotation`) VALUES (236, 'mw_store_order', 'delivery_id', 'varchar', NULL, '', b'1', NULL, '', b'1', b'0', NULL, '快递单号/手机号', NULL);
INSERT INTO `system_column_config` (`id`, `table_name`, `column_name`, `column_type`, `dict_name`, `extra`, `form_show`, `form_type`, `key_type`, `list_show`, `not_null`, `query_type`, `remark`, `date_annotation`) VALUES (237, 'mw_store_order', 'gain_integral', 'decimal', NULL, '', b'1', NULL, '', b'1', b'1', NULL, '消费赚取积分', NULL);
INSERT INTO `system_column_config` (`id`, `table_name`, `column_name`, `column_type`, `dict_name`, `extra`, `form_show`, `form_type`, `key_type`, `list_show`, `not_null`, `query_type`, `remark`, `date_annotation`) VALUES (238, 'mw_store_order', 'use_integral', 'decimal', NULL, '', b'1', NULL, '', b'1', b'1', NULL, '使用积分', NULL);
INSERT INTO `system_column_config` (`id`, `table_name`, `column_name`, `column_type`, `dict_name`, `extra`, `form_show`, `form_type`, `key_type`, `list_show`, `not_null`, `query_type`, `remark`, `date_annotation`) VALUES (239, 'mw_store_order', 'back_integral', 'decimal', NULL, '', b'1', NULL, '', b'1', b'0', NULL, '给用户退了多少积分', NULL);
INSERT INTO `system_column_config` (`id`, `table_name`, `column_name`, `column_type`, `dict_name`, `extra`, `form_show`, `form_type`, `key_type`, `list_show`, `not_null`, `query_type`, `remark`, `date_annotation`) VALUES (240, 'mw_store_order', 'mark', 'varchar', NULL, '', b'1', NULL, '', b'1', b'1', NULL, '备注', NULL);
INSERT INTO `system_column_config` (`id`, `table_name`, `column_name`, `column_type`, `dict_name`, `extra`, `form_show`, `form_type`, `key_type`, `list_show`, `not_null`, `query_type`, `remark`, `date_annotation`) VALUES (241, 'mw_store_order', 'is_del', 'tinyint', NULL, '', b'1', NULL, 'MUL', b'1', b'1', NULL, '是否删除', NULL);
INSERT INTO `system_column_config` (`id`, `table_name`, `column_name`, `column_type`, `dict_name`, `extra`, `form_show`, `form_type`, `key_type`, `list_show`, `not_null`, `query_type`, `remark`, `date_annotation`) VALUES (242, 'mw_store_order', 'unique', 'char', NULL, '', b'1', NULL, 'UNI', b'1', b'1', NULL, '唯一id(md5加密)类似id', NULL);
INSERT INTO `system_column_config` (`id`, `table_name`, `column_name`, `column_type`, `dict_name`, `extra`, `form_show`, `form_type`, `key_type`, `list_show`, `not_null`, `query_type`, `remark`, `date_annotation`) VALUES (243, 'mw_store_order', 'remark', 'varchar', NULL, '', b'1', NULL, '', b'1', b'0', NULL, '管理员备注', NULL);
INSERT INTO `system_column_config` (`id`, `table_name`, `column_name`, `column_type`, `dict_name`, `extra`, `form_show`, `form_type`, `key_type`, `list_show`, `not_null`, `query_type`, `remark`, `date_annotation`) VALUES (244, 'mw_store_order', 'mer_id', 'int', NULL, '', b'1', NULL, '', b'1', b'1', NULL, '商户ID', NULL);
INSERT INTO `system_column_config` (`id`, `table_name`, `column_name`, `column_type`, `dict_name`, `extra`, `form_show`, `form_type`, `key_type`, `list_show`, `not_null`, `query_type`, `remark`, `date_annotation`) VALUES (245, 'mw_store_order', 'is_mer_check', 'tinyint', NULL, '', b'1', NULL, '', b'1', b'1', NULL, '', NULL);
INSERT INTO `system_column_config` (`id`, `table_name`, `column_name`, `column_type`, `dict_name`, `extra`, `form_show`, `form_type`, `key_type`, `list_show`, `not_null`, `query_type`, `remark`, `date_annotation`) VALUES (246, 'mw_store_order', 'combination_id', 'int', NULL, '', b'1', NULL, '', b'1', b'0', NULL, '拼团产品id0一般产品', NULL);
INSERT INTO `system_column_config` (`id`, `table_name`, `column_name`, `column_type`, `dict_name`, `extra`, `form_show`, `form_type`, `key_type`, `list_show`, `not_null`, `query_type`, `remark`, `date_annotation`) VALUES (247, 'mw_store_order', 'pink_id', 'int', NULL, '', b'1', NULL, '', b'1', b'1', NULL, '拼团id 0没有拼团', NULL);
INSERT INTO `system_column_config` (`id`, `table_name`, `column_name`, `column_type`, `dict_name`, `extra`, `form_show`, `form_type`, `key_type`, `list_show`, `not_null`, `query_type`, `remark`, `date_annotation`) VALUES (248, 'mw_store_order', 'cost', 'decimal', NULL, '', b'1', NULL, '', b'1', b'1', NULL, '成本价', NULL);
INSERT INTO `system_column_config` (`id`, `table_name`, `column_name`, `column_type`, `dict_name`, `extra`, `form_show`, `form_type`, `key_type`, `list_show`, `not_null`, `query_type`, `remark`, `date_annotation`) VALUES (249, 'mw_store_order', 'seckill_id', 'int', NULL, '', b'1', NULL, '', b'1', b'1', NULL, '秒杀产品ID', NULL);
INSERT INTO `system_column_config` (`id`, `table_name`, `column_name`, `column_type`, `dict_name`, `extra`, `form_show`, `form_type`, `key_type`, `list_show`, `not_null`, `query_type`, `remark`, `date_annotation`) VALUES (250, 'mw_store_order', 'bargain_id', 'int', NULL, '', b'1', NULL, '', b'1', b'0', NULL, '砍价id', NULL);
INSERT INTO `system_column_config` (`id`, `table_name`, `column_name`, `column_type`, `dict_name`, `extra`, `form_show`, `form_type`, `key_type`, `list_show`, `not_null`, `query_type`, `remark`, `date_annotation`) VALUES (251, 'mw_store_order', 'verify_code', 'varchar', NULL, '', b'1', NULL, '', b'1', b'1', NULL, '核销码', NULL);
INSERT INTO `system_column_config` (`id`, `table_name`, `column_name`, `column_type`, `dict_name`, `extra`, `form_show`, `form_type`, `key_type`, `list_show`, `not_null`, `query_type`, `remark`, `date_annotation`) VALUES (252, 'mw_store_order', 'store_id', 'int', NULL, '', b'1', NULL, '', b'1', b'1', NULL, '门店id', NULL);
INSERT INTO `system_column_config` (`id`, `table_name`, `column_name`, `column_type`, `dict_name`, `extra`, `form_show`, `form_type`, `key_type`, `list_show`, `not_null`, `query_type`, `remark`, `date_annotation`) VALUES (253, 'mw_store_order', 'shipping_type', 'tinyint', NULL, '', b'1', NULL, '', b'1', b'1', NULL, '配送方式 1=快递 ，2=门店自提', NULL);
INSERT INTO `system_column_config` (`id`, `table_name`, `column_name`, `column_type`, `dict_name`, `extra`, `form_show`, `form_type`, `key_type`, `list_show`, `not_null`, `query_type`, `remark`, `date_annotation`) VALUES (254, 'mw_store_order', 'is_channel', 'tinyint', NULL, '', b'1', NULL, '', b'1', b'0', NULL, '支付渠道(0微信公众号1微信小程序)', NULL);
INSERT INTO `system_column_config` (`id`, `table_name`, `column_name`, `column_type`, `dict_name`, `extra`, `form_show`, `form_type`, `key_type`, `list_show`, `not_null`, `query_type`, `remark`, `date_annotation`) VALUES (255, 'mw_store_order', 'is_remind', 'tinyint', NULL, '', b'1', NULL, '', b'1', b'0', NULL, '', NULL);
INSERT INTO `system_column_config` (`id`, `table_name`, `column_name`, `column_type`, `dict_name`, `extra`, `form_show`, `form_type`, `key_type`, `list_show`, `not_null`, `query_type`, `remark`, `date_annotation`) VALUES (256, 'mw_store_order', 'is_system_del', 'tinyint', NULL, '', b'1', NULL, '', b'1', b'0', NULL, '', NULL);
INSERT INTO `system_column_config` (`id`, `table_name`, `column_name`, `column_type`, `dict_name`, `extra`, `form_show`, `form_type`, `key_type`, `list_show`, `not_null`, `query_type`, `remark`, `date_annotation`) VALUES (257, 'mw_user_recharge', 'id', 'int', NULL, 'auto_increment', b'0', NULL, 'PRI', b'1', b'0', NULL, '', NULL);
INSERT INTO `system_column_config` (`id`, `table_name`, `column_name`, `column_type`, `dict_name`, `extra`, `form_show`, `form_type`, `key_type`, `list_show`, `not_null`, `query_type`, `remark`, `date_annotation`) VALUES (258, 'mw_user_recharge', 'uid', 'int', NULL, '', b'0', NULL, 'MUL', b'0', b'0', NULL, '充值用户UID', NULL);
INSERT INTO `system_column_config` (`id`, `table_name`, `column_name`, `column_type`, `dict_name`, `extra`, `form_show`, `form_type`, `key_type`, `list_show`, `not_null`, `query_type`, `remark`, `date_annotation`) VALUES (259, 'mw_user_recharge', 'order_id', 'varchar', NULL, '', b'0', NULL, 'UNI', b'1', b'0', NULL, '订单号', NULL);
INSERT INTO `system_column_config` (`id`, `table_name`, `column_name`, `column_type`, `dict_name`, `extra`, `form_show`, `form_type`, `key_type`, `list_show`, `not_null`, `query_type`, `remark`, `date_annotation`) VALUES (260, 'mw_user_recharge', 'price', 'decimal', NULL, '', b'0', NULL, '', b'1', b'0', NULL, '充值金额', NULL);
INSERT INTO `system_column_config` (`id`, `table_name`, `column_name`, `column_type`, `dict_name`, `extra`, `form_show`, `form_type`, `key_type`, `list_show`, `not_null`, `query_type`, `remark`, `date_annotation`) VALUES (261, 'mw_user_recharge', 'recharge_type', 'varchar', NULL, '', b'0', NULL, 'MUL', b'1', b'0', NULL, '充值类型', NULL);
INSERT INTO `system_column_config` (`id`, `table_name`, `column_name`, `column_type`, `dict_name`, `extra`, `form_show`, `form_type`, `key_type`, `list_show`, `not_null`, `query_type`, `remark`, `date_annotation`) VALUES (262, 'mw_user_recharge', 'paid', 'tinyint', NULL, '', b'0', NULL, 'MUL', b'1', b'0', NULL, '是否充值', NULL);
INSERT INTO `system_column_config` (`id`, `table_name`, `column_name`, `column_type`, `dict_name`, `extra`, `form_show`, `form_type`, `key_type`, `list_show`, `not_null`, `query_type`, `remark`, `date_annotation`) VALUES (263, 'mw_user_recharge', 'pay_time', 'int', NULL, '', b'0', NULL, '', b'1', b'0', NULL, '充值支付时间', NULL);
INSERT INTO `system_column_config` (`id`, `table_name`, `column_name`, `column_type`, `dict_name`, `extra`, `form_show`, `form_type`, `key_type`, `list_show`, `not_null`, `query_type`, `remark`, `date_annotation`) VALUES (264, 'mw_user_recharge', 'add_time', 'int', NULL, '', b'0', NULL, '', b'1', b'0', NULL, '充值时间', NULL);
INSERT INTO `system_column_config` (`id`, `table_name`, `column_name`, `column_type`, `dict_name`, `extra`, `form_show`, `form_type`, `key_type`, `list_show`, `not_null`, `query_type`, `remark`, `date_annotation`) VALUES (265, 'mw_user_recharge', 'refund_price', 'decimal', NULL, '', b'0', NULL, '', b'0', b'0', NULL, '退款金额', NULL);
INSERT INTO `system_column_config` (`id`, `table_name`, `column_name`, `column_type`, `dict_name`, `extra`, `form_show`, `form_type`, `key_type`, `list_show`, `not_null`, `query_type`, `remark`, `date_annotation`) VALUES (266, 'mw_user_recharge', 'nickname', 'varchar', NULL, '', b'0', NULL, '', b'1', b'0', 'Like', '昵称', NULL);
INSERT INTO `system_column_config` (`id`, `table_name`, `column_name`, `column_type`, `dict_name`, `extra`, `form_show`, `form_type`, `key_type`, `list_show`, `not_null`, `query_type`, `remark`, `date_annotation`) VALUES (267, 'mw_system_store', 'id', 'int', NULL, 'auto_increment', b'1', NULL, 'PRI', b'1', b'0', NULL, '', NULL);
INSERT INTO `system_column_config` (`id`, `table_name`, `column_name`, `column_type`, `dict_name`, `extra`, `form_show`, `form_type`, `key_type`, `list_show`, `not_null`, `query_type`, `remark`, `date_annotation`) VALUES (268, 'mw_system_store', 'name', 'varchar', NULL, '', b'1', NULL, '', b'1', b'1', NULL, '门店名称', NULL);
INSERT INTO `system_column_config` (`id`, `table_name`, `column_name`, `column_type`, `dict_name`, `extra`, `form_show`, `form_type`, `key_type`, `list_show`, `not_null`, `query_type`, `remark`, `date_annotation`) VALUES (269, 'mw_system_store', 'introduction', 'varchar', NULL, '', b'1', NULL, '', b'1', b'1', NULL, '简介', NULL);
INSERT INTO `system_column_config` (`id`, `table_name`, `column_name`, `column_type`, `dict_name`, `extra`, `form_show`, `form_type`, `key_type`, `list_show`, `not_null`, `query_type`, `remark`, `date_annotation`) VALUES (270, 'mw_system_store', 'phone', 'char', NULL, '', b'1', NULL, 'MUL', b'1', b'1', NULL, '手机号码', NULL);
INSERT INTO `system_column_config` (`id`, `table_name`, `column_name`, `column_type`, `dict_name`, `extra`, `form_show`, `form_type`, `key_type`, `list_show`, `not_null`, `query_type`, `remark`, `date_annotation`) VALUES (271, 'mw_system_store', 'address', 'varchar', NULL, '', b'1', NULL, '', b'1', b'1', NULL, '省市区', NULL);
INSERT INTO `system_column_config` (`id`, `table_name`, `column_name`, `column_type`, `dict_name`, `extra`, `form_show`, `form_type`, `key_type`, `list_show`, `not_null`, `query_type`, `remark`, `date_annotation`) VALUES (272, 'mw_system_store', 'detailed_address', 'varchar', NULL, '', b'1', NULL, '', b'1', b'1', NULL, '详细地址', NULL);
INSERT INTO `system_column_config` (`id`, `table_name`, `column_name`, `column_type`, `dict_name`, `extra`, `form_show`, `form_type`, `key_type`, `list_show`, `not_null`, `query_type`, `remark`, `date_annotation`) VALUES (273, 'mw_system_store', 'image', 'varchar', NULL, '', b'1', NULL, '', b'1', b'1', NULL, '门店logo', NULL);
INSERT INTO `system_column_config` (`id`, `table_name`, `column_name`, `column_type`, `dict_name`, `extra`, `form_show`, `form_type`, `key_type`, `list_show`, `not_null`, `query_type`, `remark`, `date_annotation`) VALUES (274, 'mw_system_store', 'latitude', 'char', NULL, '', b'1', NULL, '', b'1', b'1', NULL, '纬度', NULL);
INSERT INTO `system_column_config` (`id`, `table_name`, `column_name`, `column_type`, `dict_name`, `extra`, `form_show`, `form_type`, `key_type`, `list_show`, `not_null`, `query_type`, `remark`, `date_annotation`) VALUES (275, 'mw_system_store', 'longitude', 'char', NULL, '', b'1', NULL, '', b'1', b'1', NULL, '经度', NULL);
INSERT INTO `system_column_config` (`id`, `table_name`, `column_name`, `column_type`, `dict_name`, `extra`, `form_show`, `form_type`, `key_type`, `list_show`, `not_null`, `query_type`, `remark`, `date_annotation`) VALUES (276, 'mw_system_store', 'valid_time', 'varchar', NULL, '', b'1', NULL, '', b'1', b'1', NULL, '核销有效日期', NULL);
INSERT INTO `system_column_config` (`id`, `table_name`, `column_name`, `column_type`, `dict_name`, `extra`, `form_show`, `form_type`, `key_type`, `list_show`, `not_null`, `query_type`, `remark`, `date_annotation`) VALUES (277, 'mw_system_store', 'day_time', 'varchar', NULL, '', b'1', NULL, '', b'1', b'1', NULL, '每日营业开关时间', NULL);
INSERT INTO `system_column_config` (`id`, `table_name`, `column_name`, `column_type`, `dict_name`, `extra`, `form_show`, `form_type`, `key_type`, `list_show`, `not_null`, `query_type`, `remark`, `date_annotation`) VALUES (278, 'mw_system_store', 'add_time', 'int', NULL, '', b'1', NULL, '', b'1', b'1', NULL, '添加时间', NULL);
INSERT INTO `system_column_config` (`id`, `table_name`, `column_name`, `column_type`, `dict_name`, `extra`, `form_show`, `form_type`, `key_type`, `list_show`, `not_null`, `query_type`, `remark`, `date_annotation`) VALUES (279, 'mw_system_store', 'is_show', 'tinyint', NULL, '', b'1', NULL, '', b'1', b'1', NULL, '是否显示', NULL);
INSERT INTO `system_column_config` (`id`, `table_name`, `column_name`, `column_type`, `dict_name`, `extra`, `form_show`, `form_type`, `key_type`, `list_show`, `not_null`, `query_type`, `remark`, `date_annotation`) VALUES (280, 'mw_system_store', 'is_del', 'tinyint', NULL, '', b'1', NULL, '', b'0', b'1', NULL, '是否删除', NULL);
INSERT INTO `system_column_config` (`id`, `table_name`, `column_name`, `column_type`, `dict_name`, `extra`, `form_show`, `form_type`, `key_type`, `list_show`, `not_null`, `query_type`, `remark`, `date_annotation`) VALUES (281, 'mw_system_store_staff', 'id', 'int', NULL, 'auto_increment', b'1', NULL, 'PRI', b'1', b'0', NULL, '', NULL);
INSERT INTO `system_column_config` (`id`, `table_name`, `column_name`, `column_type`, `dict_name`, `extra`, `form_show`, `form_type`, `key_type`, `list_show`, `not_null`, `query_type`, `remark`, `date_annotation`) VALUES (282, 'mw_system_store_staff', 'uid', 'int', NULL, '', b'1', NULL, '', b'1', b'1', NULL, '微信用户id', NULL);
INSERT INTO `system_column_config` (`id`, `table_name`, `column_name`, `column_type`, `dict_name`, `extra`, `form_show`, `form_type`, `key_type`, `list_show`, `not_null`, `query_type`, `remark`, `date_annotation`) VALUES (283, 'mw_system_store_staff', 'avatar', 'varchar', NULL, '', b'1', NULL, '', b'1', b'1', NULL, '店员头像', NULL);
INSERT INTO `system_column_config` (`id`, `table_name`, `column_name`, `column_type`, `dict_name`, `extra`, `form_show`, `form_type`, `key_type`, `list_show`, `not_null`, `query_type`, `remark`, `date_annotation`) VALUES (284, 'mw_system_store_staff', 'store_id', 'int', NULL, '', b'1', 'Select', '', b'1', b'1', NULL, '门店id', NULL);
INSERT INTO `system_column_config` (`id`, `table_name`, `column_name`, `column_type`, `dict_name`, `extra`, `form_show`, `form_type`, `key_type`, `list_show`, `not_null`, `query_type`, `remark`, `date_annotation`) VALUES (285, 'mw_system_store_staff', 'staff_name', 'varchar', NULL, '', b'1', NULL, '', b'1', b'1', 'Like', '店员名称', NULL);
INSERT INTO `system_column_config` (`id`, `table_name`, `column_name`, `column_type`, `dict_name`, `extra`, `form_show`, `form_type`, `key_type`, `list_show`, `not_null`, `query_type`, `remark`, `date_annotation`) VALUES (286, 'mw_system_store_staff', 'phone', 'char', NULL, '', b'1', NULL, '', b'1', b'1', NULL, '手机号码', NULL);
INSERT INTO `system_column_config` (`id`, `table_name`, `column_name`, `column_type`, `dict_name`, `extra`, `form_show`, `form_type`, `key_type`, `list_show`, `not_null`, `query_type`, `remark`, `date_annotation`) VALUES (287, 'mw_system_store_staff', 'verify_status', 'tinyint', NULL, '', b'1', 'Radio', '', b'1', b'1', NULL, '核销开关', NULL);
INSERT INTO `system_column_config` (`id`, `table_name`, `column_name`, `column_type`, `dict_name`, `extra`, `form_show`, `form_type`, `key_type`, `list_show`, `not_null`, `query_type`, `remark`, `date_annotation`) VALUES (288, 'mw_system_store_staff', 'status', 'tinyint', NULL, '', b'1', 'Radio', '', b'1', b'0', NULL, '状态', NULL);
INSERT INTO `system_column_config` (`id`, `table_name`, `column_name`, `column_type`, `dict_name`, `extra`, `form_show`, `form_type`, `key_type`, `list_show`, `not_null`, `query_type`, `remark`, `date_annotation`) VALUES (289, 'mw_system_store_staff', 'add_time', 'int', NULL, '', b'1', NULL, '', b'1', b'0', NULL, '添加时间', NULL);
INSERT INTO `system_column_config` (`id`, `table_name`, `column_name`, `column_type`, `dict_name`, `extra`, `form_show`, `form_type`, `key_type`, `list_show`, `not_null`, `query_type`, `remark`, `date_annotation`) VALUES (290, 'mw_system_store_staff', 'nickname', 'varchar', NULL, '', b'1', NULL, '', b'1', b'1', 'Like', '微信昵称', NULL);
INSERT INTO `system_column_config` (`id`, `table_name`, `column_name`, `column_type`, `dict_name`, `extra`, `form_show`, `form_type`, `key_type`, `list_show`, `not_null`, `query_type`, `remark`, `date_annotation`) VALUES (291, 'mw_system_store_staff', 'store_name', 'varchar', NULL, '', b'1', NULL, '', b'1', b'0', NULL, '所属门店', NULL);
INSERT INTO `system_column_config` (`id`, `table_name`, `column_name`, `column_type`, `dict_name`, `extra`, `form_show`, `form_type`, `key_type`, `list_show`, `not_null`, `query_type`, `remark`, `date_annotation`) VALUES (292, 'mw_wechat_user', 'uid', 'int', NULL, 'auto_increment', b'1', NULL, 'PRI', b'1', b'0', NULL, '微信用户id', NULL);
INSERT INTO `system_column_config` (`id`, `table_name`, `column_name`, `column_type`, `dict_name`, `extra`, `form_show`, `form_type`, `key_type`, `list_show`, `not_null`, `query_type`, `remark`, `date_annotation`) VALUES (293, 'mw_wechat_user', 'unionid', 'varchar', NULL, '', b'1', NULL, 'MUL', b'1', b'0', NULL, '只有在用户将公众号绑定到微信开放平台帐号后，才会出现该字段', NULL);
INSERT INTO `system_column_config` (`id`, `table_name`, `column_name`, `column_type`, `dict_name`, `extra`, `form_show`, `form_type`, `key_type`, `list_show`, `not_null`, `query_type`, `remark`, `date_annotation`) VALUES (294, 'mw_wechat_user', 'openid', 'varchar', NULL, '', b'1', NULL, 'UNI', b'1', b'0', NULL, '用户的标识，对当前公众号唯一', NULL);
INSERT INTO `system_column_config` (`id`, `table_name`, `column_name`, `column_type`, `dict_name`, `extra`, `form_show`, `form_type`, `key_type`, `list_show`, `not_null`, `query_type`, `remark`, `date_annotation`) VALUES (295, 'mw_wechat_user', 'routine_openid', 'varchar', NULL, '', b'1', NULL, '', b'1', b'0', NULL, '小程序唯一身份ID', NULL);
INSERT INTO `system_column_config` (`id`, `table_name`, `column_name`, `column_type`, `dict_name`, `extra`, `form_show`, `form_type`, `key_type`, `list_show`, `not_null`, `query_type`, `remark`, `date_annotation`) VALUES (296, 'mw_wechat_user', 'nickname', 'varchar', NULL, '', b'1', NULL, '', b'1', b'1', NULL, '用户的昵称', NULL);
INSERT INTO `system_column_config` (`id`, `table_name`, `column_name`, `column_type`, `dict_name`, `extra`, `form_show`, `form_type`, `key_type`, `list_show`, `not_null`, `query_type`, `remark`, `date_annotation`) VALUES (297, 'mw_wechat_user', 'headimgurl', 'varchar', NULL, '', b'1', NULL, '', b'1', b'1', NULL, '用户头像', NULL);
INSERT INTO `system_column_config` (`id`, `table_name`, `column_name`, `column_type`, `dict_name`, `extra`, `form_show`, `form_type`, `key_type`, `list_show`, `not_null`, `query_type`, `remark`, `date_annotation`) VALUES (298, 'mw_wechat_user', 'sex', 'tinyint', NULL, '', b'1', NULL, '', b'1', b'1', NULL, '用户的性别，值为1时是男性，值为2时是女性，值为0时是未知', NULL);
INSERT INTO `system_column_config` (`id`, `table_name`, `column_name`, `column_type`, `dict_name`, `extra`, `form_show`, `form_type`, `key_type`, `list_show`, `not_null`, `query_type`, `remark`, `date_annotation`) VALUES (299, 'mw_wechat_user', 'city', 'varchar', NULL, '', b'1', NULL, '', b'1', b'1', NULL, '用户所在城市', NULL);
INSERT INTO `system_column_config` (`id`, `table_name`, `column_name`, `column_type`, `dict_name`, `extra`, `form_show`, `form_type`, `key_type`, `list_show`, `not_null`, `query_type`, `remark`, `date_annotation`) VALUES (300, 'mw_wechat_user', 'language', 'varchar', NULL, '', b'1', NULL, '', b'1', b'1', NULL, '用户的语言，简体中文为zh_CN', NULL);
INSERT INTO `system_column_config` (`id`, `table_name`, `column_name`, `column_type`, `dict_name`, `extra`, `form_show`, `form_type`, `key_type`, `list_show`, `not_null`, `query_type`, `remark`, `date_annotation`) VALUES (301, 'mw_wechat_user', 'province', 'varchar', NULL, '', b'1', NULL, '', b'1', b'1', NULL, '用户所在省份', NULL);
INSERT INTO `system_column_config` (`id`, `table_name`, `column_name`, `column_type`, `dict_name`, `extra`, `form_show`, `form_type`, `key_type`, `list_show`, `not_null`, `query_type`, `remark`, `date_annotation`) VALUES (302, 'mw_wechat_user', 'country', 'varchar', NULL, '', b'1', NULL, '', b'1', b'1', NULL, '用户所在国家', NULL);
INSERT INTO `system_column_config` (`id`, `table_name`, `column_name`, `column_type`, `dict_name`, `extra`, `form_show`, `form_type`, `key_type`, `list_show`, `not_null`, `query_type`, `remark`, `date_annotation`) VALUES (303, 'mw_wechat_user', 'remark', 'varchar', NULL, '', b'1', NULL, '', b'1', b'0', NULL, '公众号运营者对粉丝的备注，公众号运营者可在微信公众平台用户管理界面对粉丝添加备注', NULL);
INSERT INTO `system_column_config` (`id`, `table_name`, `column_name`, `column_type`, `dict_name`, `extra`, `form_show`, `form_type`, `key_type`, `list_show`, `not_null`, `query_type`, `remark`, `date_annotation`) VALUES (304, 'mw_wechat_user', 'groupid', 'smallint', NULL, '', b'1', NULL, 'MUL', b'1', b'0', NULL, '用户所在的分组ID（兼容旧的用户分组接口）', NULL);
INSERT INTO `system_column_config` (`id`, `table_name`, `column_name`, `column_type`, `dict_name`, `extra`, `form_show`, `form_type`, `key_type`, `list_show`, `not_null`, `query_type`, `remark`, `date_annotation`) VALUES (305, 'mw_wechat_user', 'tagid_list', 'varchar', NULL, '', b'1', NULL, '', b'1', b'0', NULL, '用户被打上的标签ID列表', NULL);
INSERT INTO `system_column_config` (`id`, `table_name`, `column_name`, `column_type`, `dict_name`, `extra`, `form_show`, `form_type`, `key_type`, `list_show`, `not_null`, `query_type`, `remark`, `date_annotation`) VALUES (306, 'mw_wechat_user', 'subscribe', 'tinyint', NULL, '', b'1', NULL, 'MUL', b'1', b'0', NULL, '用户是否订阅该公众号标识', NULL);
INSERT INTO `system_column_config` (`id`, `table_name`, `column_name`, `column_type`, `dict_name`, `extra`, `form_show`, `form_type`, `key_type`, `list_show`, `not_null`, `query_type`, `remark`, `date_annotation`) VALUES (307, 'mw_wechat_user', 'subscribe_time', 'int', NULL, '', b'1', NULL, 'MUL', b'1', b'0', NULL, '关注公众号时间', NULL);
INSERT INTO `system_column_config` (`id`, `table_name`, `column_name`, `column_type`, `dict_name`, `extra`, `form_show`, `form_type`, `key_type`, `list_show`, `not_null`, `query_type`, `remark`, `date_annotation`) VALUES (308, 'mw_wechat_user', 'add_time', 'int', NULL, '', b'1', NULL, 'MUL', b'1', b'0', NULL, '添加时间', NULL);
INSERT INTO `system_column_config` (`id`, `table_name`, `column_name`, `column_type`, `dict_name`, `extra`, `form_show`, `form_type`, `key_type`, `list_show`, `not_null`, `query_type`, `remark`, `date_annotation`) VALUES (309, 'mw_wechat_user', 'stair', 'int', NULL, '', b'1', NULL, '', b'1', b'0', NULL, '一级推荐人', NULL);
INSERT INTO `system_column_config` (`id`, `table_name`, `column_name`, `column_type`, `dict_name`, `extra`, `form_show`, `form_type`, `key_type`, `list_show`, `not_null`, `query_type`, `remark`, `date_annotation`) VALUES (310, 'mw_wechat_user', 'second', 'int', NULL, '', b'1', NULL, '', b'1', b'0', NULL, '二级推荐人', NULL);
INSERT INTO `system_column_config` (`id`, `table_name`, `column_name`, `column_type`, `dict_name`, `extra`, `form_show`, `form_type`, `key_type`, `list_show`, `not_null`, `query_type`, `remark`, `date_annotation`) VALUES (311, 'mw_wechat_user', 'order_stair', 'int', NULL, '', b'1', NULL, '', b'1', b'0', NULL, '一级推荐人订单', NULL);
INSERT INTO `system_column_config` (`id`, `table_name`, `column_name`, `column_type`, `dict_name`, `extra`, `form_show`, `form_type`, `key_type`, `list_show`, `not_null`, `query_type`, `remark`, `date_annotation`) VALUES (312, 'mw_wechat_user', 'order_second', 'int', NULL, '', b'1', NULL, '', b'1', b'0', NULL, '二级推荐人订单', NULL);
INSERT INTO `system_column_config` (`id`, `table_name`, `column_name`, `column_type`, `dict_name`, `extra`, `form_show`, `form_type`, `key_type`, `list_show`, `not_null`, `query_type`, `remark`, `date_annotation`) VALUES (313, 'mw_wechat_user', 'now_money', 'decimal', NULL, '', b'1', NULL, '', b'1', b'0', NULL, '佣金', NULL);
INSERT INTO `system_column_config` (`id`, `table_name`, `column_name`, `column_type`, `dict_name`, `extra`, `form_show`, `form_type`, `key_type`, `list_show`, `not_null`, `query_type`, `remark`, `date_annotation`) VALUES (314, 'mw_wechat_user', 'session_key', 'varchar', NULL, '', b'1', NULL, '', b'1', b'0', NULL, '小程序用户会话密匙', NULL);
INSERT INTO `system_column_config` (`id`, `table_name`, `column_name`, `column_type`, `dict_name`, `extra`, `form_show`, `form_type`, `key_type`, `list_show`, `not_null`, `query_type`, `remark`, `date_annotation`) VALUES (315, 'mw_wechat_user', 'user_type', 'varchar', NULL, '', b'1', NULL, '', b'1', b'0', NULL, '用户类型', NULL);
INSERT INTO `system_column_config` (`id`, `table_name`, `column_name`, `column_type`, `dict_name`, `extra`, `form_show`, `form_type`, `key_type`, `list_show`, `not_null`, `query_type`, `remark`, `date_annotation`) VALUES (316, 'mw_express', 'id', 'mediumint', NULL, 'auto_increment', b'1', NULL, 'PRI', b'1', b'0', NULL, '快递公司id', NULL);
INSERT INTO `system_column_config` (`id`, `table_name`, `column_name`, `column_type`, `dict_name`, `extra`, `form_show`, `form_type`, `key_type`, `list_show`, `not_null`, `query_type`, `remark`, `date_annotation`) VALUES (317, 'mw_express', 'code', 'varchar', NULL, '', b'1', NULL, '', b'1', b'1', NULL, '快递公司简称', NULL);
INSERT INTO `system_column_config` (`id`, `table_name`, `column_name`, `column_type`, `dict_name`, `extra`, `form_show`, `form_type`, `key_type`, `list_show`, `not_null`, `query_type`, `remark`, `date_annotation`) VALUES (318, 'mw_express', 'name', 'varchar', NULL, '', b'1', NULL, '', b'1', b'1', NULL, '快递公司全称', NULL);
INSERT INTO `system_column_config` (`id`, `table_name`, `column_name`, `column_type`, `dict_name`, `extra`, `form_show`, `form_type`, `key_type`, `list_show`, `not_null`, `query_type`, `remark`, `date_annotation`) VALUES (319, 'mw_express', 'sort', 'int', NULL, '', b'1', NULL, '', b'1', b'1', NULL, '排序', NULL);
INSERT INTO `system_column_config` (`id`, `table_name`, `column_name`, `column_type`, `dict_name`, `extra`, `form_show`, `form_type`, `key_type`, `list_show`, `not_null`, `query_type`, `remark`, `date_annotation`) VALUES (320, 'mw_express', 'is_show', 'tinyint', NULL, '', b'1', NULL, 'MUL', b'1', b'1', NULL, '是否显示', NULL);
INSERT INTO `system_column_config` (`id`, `table_name`, `column_name`, `column_type`, `dict_name`, `extra`, `form_show`, `form_type`, `key_type`, `list_show`, `not_null`, `query_type`, `remark`, `date_annotation`) VALUES (321, 'mw_user_level', 'id', 'int', NULL, 'auto_increment', b'1', NULL, 'PRI', b'1', b'0', NULL, '', NULL);
INSERT INTO `system_column_config` (`id`, `table_name`, `column_name`, `column_type`, `dict_name`, `extra`, `form_show`, `form_type`, `key_type`, `list_show`, `not_null`, `query_type`, `remark`, `date_annotation`) VALUES (322, 'mw_user_level', 'uid', 'int', NULL, '', b'1', NULL, '', b'1', b'1', NULL, '用户uid', NULL);
INSERT INTO `system_column_config` (`id`, `table_name`, `column_name`, `column_type`, `dict_name`, `extra`, `form_show`, `form_type`, `key_type`, `list_show`, `not_null`, `query_type`, `remark`, `date_annotation`) VALUES (323, 'mw_user_level', 'level_id', 'int', NULL, '', b'1', NULL, '', b'1', b'1', NULL, '等级vip', NULL);
INSERT INTO `system_column_config` (`id`, `table_name`, `column_name`, `column_type`, `dict_name`, `extra`, `form_show`, `form_type`, `key_type`, `list_show`, `not_null`, `query_type`, `remark`, `date_annotation`) VALUES (324, 'mw_user_level', 'grade', 'int', NULL, '', b'1', NULL, '', b'1', b'1', NULL, '会员等级', NULL);
INSERT INTO `system_column_config` (`id`, `table_name`, `column_name`, `column_type`, `dict_name`, `extra`, `form_show`, `form_type`, `key_type`, `list_show`, `not_null`, `query_type`, `remark`, `date_annotation`) VALUES (325, 'mw_user_level', 'valid_time', 'int', NULL, '', b'1', NULL, '', b'1', b'1', NULL, '过期时间', NULL);
INSERT INTO `system_column_config` (`id`, `table_name`, `column_name`, `column_type`, `dict_name`, `extra`, `form_show`, `form_type`, `key_type`, `list_show`, `not_null`, `query_type`, `remark`, `date_annotation`) VALUES (326, 'mw_user_level', 'is_forever', 'tinyint', NULL, '', b'1', NULL, '', b'1', b'1', NULL, '是否永久', NULL);
INSERT INTO `system_column_config` (`id`, `table_name`, `column_name`, `column_type`, `dict_name`, `extra`, `form_show`, `form_type`, `key_type`, `list_show`, `not_null`, `query_type`, `remark`, `date_annotation`) VALUES (327, 'mw_user_level', 'mer_id', 'int', NULL, '', b'1', NULL, '', b'1', b'1', NULL, '商户id', NULL);
INSERT INTO `system_column_config` (`id`, `table_name`, `column_name`, `column_type`, `dict_name`, `extra`, `form_show`, `form_type`, `key_type`, `list_show`, `not_null`, `query_type`, `remark`, `date_annotation`) VALUES (328, 'mw_user_level', 'status', 'tinyint', NULL, '', b'1', NULL, '', b'1', b'1', NULL, '0:禁止,1:正常', NULL);
INSERT INTO `system_column_config` (`id`, `table_name`, `column_name`, `column_type`, `dict_name`, `extra`, `form_show`, `form_type`, `key_type`, `list_show`, `not_null`, `query_type`, `remark`, `date_annotation`) VALUES (329, 'mw_user_level', 'mark', 'varchar', NULL, '', b'1', NULL, '', b'1', b'1', NULL, '备注', NULL);
INSERT INTO `system_column_config` (`id`, `table_name`, `column_name`, `column_type`, `dict_name`, `extra`, `form_show`, `form_type`, `key_type`, `list_show`, `not_null`, `query_type`, `remark`, `date_annotation`) VALUES (330, 'mw_user_level', 'remind', 'tinyint', NULL, '', b'1', NULL, '', b'1', b'1', NULL, '是否已通知', NULL);
INSERT INTO `system_column_config` (`id`, `table_name`, `column_name`, `column_type`, `dict_name`, `extra`, `form_show`, `form_type`, `key_type`, `list_show`, `not_null`, `query_type`, `remark`, `date_annotation`) VALUES (331, 'mw_user_level', 'is_del', 'tinyint', NULL, '', b'1', NULL, '', b'1', b'1', NULL, '是否删除,0=未删除,1=删除', NULL);
INSERT INTO `system_column_config` (`id`, `table_name`, `column_name`, `column_type`, `dict_name`, `extra`, `form_show`, `form_type`, `key_type`, `list_show`, `not_null`, `query_type`, `remark`, `date_annotation`) VALUES (332, 'mw_user_level', 'add_time', 'int', NULL, '', b'1', NULL, '', b'1', b'1', NULL, '添加时间', NULL);
INSERT INTO `system_column_config` (`id`, `table_name`, `column_name`, `column_type`, `dict_name`, `extra`, `form_show`, `form_type`, `key_type`, `list_show`, `not_null`, `query_type`, `remark`, `date_annotation`) VALUES (333, 'mw_user_level', 'discount', 'int', NULL, '', b'1', NULL, '', b'1', b'1', NULL, '享受折扣', NULL);
INSERT INTO `system_column_config` (`id`, `table_name`, `column_name`, `column_type`, `dict_name`, `extra`, `form_show`, `form_type`, `key_type`, `list_show`, `not_null`, `query_type`, `remark`, `date_annotation`) VALUES (334, 'mw_store_product_rule', 'id', 'int', NULL, 'auto_increment', b'1', NULL, 'PRI', b'1', b'0', NULL, '', NULL);
INSERT INTO `system_column_config` (`id`, `table_name`, `column_name`, `column_type`, `dict_name`, `extra`, `form_show`, `form_type`, `key_type`, `list_show`, `not_null`, `query_type`, `remark`, `date_annotation`) VALUES (335, 'mw_store_product_rule', 'rule_name', 'varchar', NULL, '', b'1', NULL, '', b'1', b'1', NULL, '规格名称', NULL);
INSERT INTO `system_column_config` (`id`, `table_name`, `column_name`, `column_type`, `dict_name`, `extra`, `form_show`, `form_type`, `key_type`, `list_show`, `not_null`, `query_type`, `remark`, `date_annotation`) VALUES (336, 'mw_store_product_rule', 'rule_value', 'json', NULL, '', b'1', NULL, '', b'1', b'1', NULL, '规格值', NULL);
INSERT INTO `system_column_config` (`id`, `table_name`, `column_name`, `column_type`, `dict_name`, `extra`, `form_show`, `form_type`, `key_type`, `list_show`, `not_null`, `query_type`, `remark`, `date_annotation`) VALUES (337, 'mw_store_product_rule', 'create_time', 'datetime', NULL, '', b'1', NULL, '', b'1', b'0', NULL, '', NULL);
INSERT INTO `system_column_config` (`id`, `table_name`, `column_name`, `column_type`, `dict_name`, `extra`, `form_show`, `form_type`, `key_type`, `list_show`, `not_null`, `query_type`, `remark`, `date_annotation`) VALUES (338, 'mw_store_product_rule', 'update_time', 'datetime', NULL, '', b'1', NULL, '', b'1', b'0', NULL, '', NULL);
INSERT INTO `system_column_config` (`id`, `table_name`, `column_name`, `column_type`, `dict_name`, `extra`, `form_show`, `form_type`, `key_type`, `list_show`, `not_null`, `query_type`, `remark`, `date_annotation`) VALUES (339, 'mw_store_product_rule', 'is_del', 'tinyint', NULL, '', b'1', NULL, '', b'1', b'0', NULL, '', NULL);
INSERT INTO `system_column_config` (`id`, `table_name`, `column_name`, `column_type`, `dict_name`, `extra`, `form_show`, `form_type`, `key_type`, `list_show`, `not_null`, `query_type`, `remark`, `date_annotation`) VALUES (340, 'mw_shipping_templates', 'id', 'int', NULL, 'auto_increment', b'1', NULL, 'PRI', b'1', b'0', NULL, '模板ID', NULL);
INSERT INTO `system_column_config` (`id`, `table_name`, `column_name`, `column_type`, `dict_name`, `extra`, `form_show`, `form_type`, `key_type`, `list_show`, `not_null`, `query_type`, `remark`, `date_annotation`) VALUES (341, 'mw_shipping_templates', 'name', 'varchar', NULL, '', b'1', NULL, '', b'1', b'0', NULL, '模板名称', NULL);
INSERT INTO `system_column_config` (`id`, `table_name`, `column_name`, `column_type`, `dict_name`, `extra`, `form_show`, `form_type`, `key_type`, `list_show`, `not_null`, `query_type`, `remark`, `date_annotation`) VALUES (342, 'mw_shipping_templates', 'type', 'tinyint', NULL, '', b'1', NULL, '', b'1', b'0', NULL, '计费方式', NULL);
INSERT INTO `system_column_config` (`id`, `table_name`, `column_name`, `column_type`, `dict_name`, `extra`, `form_show`, `form_type`, `key_type`, `list_show`, `not_null`, `query_type`, `remark`, `date_annotation`) VALUES (343, 'mw_shipping_templates', 'region_info', 'text', NULL, '', b'1', NULL, '', b'1', b'0', NULL, '地域以及费用', NULL);
INSERT INTO `system_column_config` (`id`, `table_name`, `column_name`, `column_type`, `dict_name`, `extra`, `form_show`, `form_type`, `key_type`, `list_show`, `not_null`, `query_type`, `remark`, `date_annotation`) VALUES (344, 'mw_shipping_templates', 'appoint', 'tinyint', NULL, '', b'1', NULL, '', b'1', b'0', NULL, '指定包邮开关', NULL);
INSERT INTO `system_column_config` (`id`, `table_name`, `column_name`, `column_type`, `dict_name`, `extra`, `form_show`, `form_type`, `key_type`, `list_show`, `not_null`, `query_type`, `remark`, `date_annotation`) VALUES (345, 'mw_shipping_templates', 'appoint_info', 'text', NULL, '', b'1', NULL, '', b'1', b'0', NULL, '指定包邮内容', NULL);
INSERT INTO `system_column_config` (`id`, `table_name`, `column_name`, `column_type`, `dict_name`, `extra`, `form_show`, `form_type`, `key_type`, `list_show`, `not_null`, `query_type`, `remark`, `date_annotation`) VALUES (346, 'mw_shipping_templates', 'create_time', 'datetime', NULL, '', b'1', NULL, '', b'1', b'0', NULL, '添加时间', NULL);
INSERT INTO `system_column_config` (`id`, `table_name`, `column_name`, `column_type`, `dict_name`, `extra`, `form_show`, `form_type`, `key_type`, `list_show`, `not_null`, `query_type`, `remark`, `date_annotation`) VALUES (347, 'mw_shipping_templates', 'update_time', 'datetime', NULL, '', b'1', NULL, '', b'1', b'0', NULL, '', NULL);
INSERT INTO `system_column_config` (`id`, `table_name`, `column_name`, `column_type`, `dict_name`, `extra`, `form_show`, `form_type`, `key_type`, `list_show`, `not_null`, `query_type`, `remark`, `date_annotation`) VALUES (348, 'mw_shipping_templates', 'is_del', 'tinyint', NULL, '', b'1', NULL, '', b'1', b'0', NULL, '', NULL);
INSERT INTO `system_column_config` (`id`, `table_name`, `column_name`, `column_type`, `dict_name`, `extra`, `form_show`, `form_type`, `key_type`, `list_show`, `not_null`, `query_type`, `remark`, `date_annotation`) VALUES (349, 'mw_shipping_templates', 'sort', 'int', NULL, '', b'1', NULL, '', b'1', b'0', NULL, '排序', NULL);
INSERT INTO `system_column_config` (`id`, `table_name`, `column_name`, `column_type`, `dict_name`, `extra`, `form_show`, `form_type`, `key_type`, `list_show`, `not_null`, `query_type`, `remark`, `date_annotation`) VALUES (350, 'mw_shipping_templates_region', 'id', 'int', NULL, 'auto_increment', b'1', NULL, 'PRI', b'1', b'0', NULL, '编号', NULL);
INSERT INTO `system_column_config` (`id`, `table_name`, `column_name`, `column_type`, `dict_name`, `extra`, `form_show`, `form_type`, `key_type`, `list_show`, `not_null`, `query_type`, `remark`, `date_annotation`) VALUES (351, 'mw_shipping_templates_region', 'province_id', 'int', NULL, '', b'1', NULL, '', b'1', b'1', NULL, '省ID', NULL);
INSERT INTO `system_column_config` (`id`, `table_name`, `column_name`, `column_type`, `dict_name`, `extra`, `form_show`, `form_type`, `key_type`, `list_show`, `not_null`, `query_type`, `remark`, `date_annotation`) VALUES (352, 'mw_shipping_templates_region', 'temp_id', 'int', NULL, '', b'1', NULL, '', b'1', b'1', NULL, '模板ID', NULL);
INSERT INTO `system_column_config` (`id`, `table_name`, `column_name`, `column_type`, `dict_name`, `extra`, `form_show`, `form_type`, `key_type`, `list_show`, `not_null`, `query_type`, `remark`, `date_annotation`) VALUES (353, 'mw_shipping_templates_region', 'city_id', 'int', NULL, '', b'1', NULL, '', b'1', b'1', NULL, '城市ID', NULL);
INSERT INTO `system_column_config` (`id`, `table_name`, `column_name`, `column_type`, `dict_name`, `extra`, `form_show`, `form_type`, `key_type`, `list_show`, `not_null`, `query_type`, `remark`, `date_annotation`) VALUES (354, 'mw_shipping_templates_region', 'first', 'decimal', NULL, '', b'1', NULL, '', b'1', b'1', NULL, '首件', NULL);
INSERT INTO `system_column_config` (`id`, `table_name`, `column_name`, `column_type`, `dict_name`, `extra`, `form_show`, `form_type`, `key_type`, `list_show`, `not_null`, `query_type`, `remark`, `date_annotation`) VALUES (355, 'mw_shipping_templates_region', 'first_price', 'decimal', NULL, '', b'1', NULL, '', b'1', b'1', NULL, '首件运费', NULL);
INSERT INTO `system_column_config` (`id`, `table_name`, `column_name`, `column_type`, `dict_name`, `extra`, `form_show`, `form_type`, `key_type`, `list_show`, `not_null`, `query_type`, `remark`, `date_annotation`) VALUES (356, 'mw_shipping_templates_region', 'continues', 'decimal', NULL, '', b'1', NULL, '', b'1', b'1', NULL, '续件', NULL);
INSERT INTO `system_column_config` (`id`, `table_name`, `column_name`, `column_type`, `dict_name`, `extra`, `form_show`, `form_type`, `key_type`, `list_show`, `not_null`, `query_type`, `remark`, `date_annotation`) VALUES (357, 'mw_shipping_templates_region', 'continue_price', 'decimal', NULL, '', b'1', NULL, '', b'1', b'1', NULL, '续件运费', NULL);
INSERT INTO `system_column_config` (`id`, `table_name`, `column_name`, `column_type`, `dict_name`, `extra`, `form_show`, `form_type`, `key_type`, `list_show`, `not_null`, `query_type`, `remark`, `date_annotation`) VALUES (358, 'mw_shipping_templates_region', 'type', 'tinyint', NULL, '', b'1', NULL, '', b'1', b'1', NULL, '计费方式', NULL);
INSERT INTO `system_column_config` (`id`, `table_name`, `column_name`, `column_type`, `dict_name`, `extra`, `form_show`, `form_type`, `key_type`, `list_show`, `not_null`, `query_type`, `remark`, `date_annotation`) VALUES (359, 'mw_shipping_templates_region', 'uniqid', 'varchar', NULL, '', b'1', NULL, '', b'1', b'1', NULL, '分组唯一值', NULL);
INSERT INTO `system_column_config` (`id`, `table_name`, `column_name`, `column_type`, `dict_name`, `extra`, `form_show`, `form_type`, `key_type`, `list_show`, `not_null`, `query_type`, `remark`, `date_annotation`) VALUES (360, 'mw_shipping_templates_free', 'id', 'int', NULL, 'auto_increment', b'1', NULL, 'PRI', b'1', b'0', NULL, '编号', NULL);
INSERT INTO `system_column_config` (`id`, `table_name`, `column_name`, `column_type`, `dict_name`, `extra`, `form_show`, `form_type`, `key_type`, `list_show`, `not_null`, `query_type`, `remark`, `date_annotation`) VALUES (361, 'mw_shipping_templates_free', 'province_id', 'int', NULL, '', b'1', NULL, '', b'1', b'1', NULL, '省ID', NULL);
INSERT INTO `system_column_config` (`id`, `table_name`, `column_name`, `column_type`, `dict_name`, `extra`, `form_show`, `form_type`, `key_type`, `list_show`, `not_null`, `query_type`, `remark`, `date_annotation`) VALUES (362, 'mw_shipping_templates_free', 'temp_id', 'int', NULL, '', b'1', NULL, '', b'1', b'1', NULL, '模板ID', NULL);
INSERT INTO `system_column_config` (`id`, `table_name`, `column_name`, `column_type`, `dict_name`, `extra`, `form_show`, `form_type`, `key_type`, `list_show`, `not_null`, `query_type`, `remark`, `date_annotation`) VALUES (363, 'mw_shipping_templates_free', 'city_id', 'int', NULL, '', b'1', NULL, '', b'1', b'1', NULL, '城市ID', NULL);
INSERT INTO `system_column_config` (`id`, `table_name`, `column_name`, `column_type`, `dict_name`, `extra`, `form_show`, `form_type`, `key_type`, `list_show`, `not_null`, `query_type`, `remark`, `date_annotation`) VALUES (364, 'mw_shipping_templates_free', 'number', 'decimal', NULL, '', b'1', NULL, '', b'1', b'1', NULL, '包邮件数', NULL);
INSERT INTO `system_column_config` (`id`, `table_name`, `column_name`, `column_type`, `dict_name`, `extra`, `form_show`, `form_type`, `key_type`, `list_show`, `not_null`, `query_type`, `remark`, `date_annotation`) VALUES (365, 'mw_shipping_templates_free', 'price', 'decimal', NULL, '', b'1', NULL, '', b'1', b'1', NULL, '包邮金额', NULL);
INSERT INTO `system_column_config` (`id`, `table_name`, `column_name`, `column_type`, `dict_name`, `extra`, `form_show`, `form_type`, `key_type`, `list_show`, `not_null`, `query_type`, `remark`, `date_annotation`) VALUES (366, 'mw_shipping_templates_free', 'type', 'tinyint', NULL, '', b'1', NULL, '', b'1', b'1', NULL, '计费方式', NULL);
INSERT INTO `system_column_config` (`id`, `table_name`, `column_name`, `column_type`, `dict_name`, `extra`, `form_show`, `form_type`, `key_type`, `list_show`, `not_null`, `query_type`, `remark`, `date_annotation`) VALUES (367, 'mw_shipping_templates_free', 'uniqid', 'varchar', NULL, '', b'1', NULL, '', b'1', b'1', NULL, '分组唯一值', NULL);
INSERT INTO `system_column_config` (`id`, `table_name`, `column_name`, `column_type`, `dict_name`, `extra`, `form_show`, `form_type`, `key_type`, `list_show`, `not_null`, `query_type`, `remark`, `date_annotation`) VALUES (368, 'mw_system_city', 'id', 'int', NULL, 'auto_increment', b'1', NULL, 'PRI', b'1', b'0', NULL, '', NULL);
INSERT INTO `system_column_config` (`id`, `table_name`, `column_name`, `column_type`, `dict_name`, `extra`, `form_show`, `form_type`, `key_type`, `list_show`, `not_null`, `query_type`, `remark`, `date_annotation`) VALUES (369, 'mw_system_city', 'city_id', 'int', NULL, '', b'1', NULL, '', b'1', b'1', NULL, '城市id', NULL);
INSERT INTO `system_column_config` (`id`, `table_name`, `column_name`, `column_type`, `dict_name`, `extra`, `form_show`, `form_type`, `key_type`, `list_show`, `not_null`, `query_type`, `remark`, `date_annotation`) VALUES (370, 'mw_system_city', 'level', 'int', NULL, '', b'1', NULL, '', b'1', b'1', NULL, '省市级别', NULL);
INSERT INTO `system_column_config` (`id`, `table_name`, `column_name`, `column_type`, `dict_name`, `extra`, `form_show`, `form_type`, `key_type`, `list_show`, `not_null`, `query_type`, `remark`, `date_annotation`) VALUES (371, 'mw_system_city', 'parent_id', 'int', NULL, '', b'1', NULL, '', b'1', b'1', NULL, '父级id', NULL);
INSERT INTO `system_column_config` (`id`, `table_name`, `column_name`, `column_type`, `dict_name`, `extra`, `form_show`, `form_type`, `key_type`, `list_show`, `not_null`, `query_type`, `remark`, `date_annotation`) VALUES (372, 'mw_system_city', 'area_code', 'varchar', NULL, '', b'1', NULL, '', b'1', b'1', NULL, '区号', NULL);
INSERT INTO `system_column_config` (`id`, `table_name`, `column_name`, `column_type`, `dict_name`, `extra`, `form_show`, `form_type`, `key_type`, `list_show`, `not_null`, `query_type`, `remark`, `date_annotation`) VALUES (373, 'mw_system_city', 'name', 'varchar', NULL, '', b'1', NULL, '', b'1', b'1', NULL, '名称', NULL);
INSERT INTO `system_column_config` (`id`, `table_name`, `column_name`, `column_type`, `dict_name`, `extra`, `form_show`, `form_type`, `key_type`, `list_show`, `not_null`, `query_type`, `remark`, `date_annotation`) VALUES (374, 'mw_system_city', 'merger_name', 'varchar', NULL, '', b'1', NULL, '', b'1', b'1', NULL, '合并名称', NULL);
INSERT INTO `system_column_config` (`id`, `table_name`, `column_name`, `column_type`, `dict_name`, `extra`, `form_show`, `form_type`, `key_type`, `list_show`, `not_null`, `query_type`, `remark`, `date_annotation`) VALUES (375, 'mw_system_city', 'lng', 'varchar', NULL, '', b'1', NULL, '', b'1', b'1', NULL, '经度', NULL);
INSERT INTO `system_column_config` (`id`, `table_name`, `column_name`, `column_type`, `dict_name`, `extra`, `form_show`, `form_type`, `key_type`, `list_show`, `not_null`, `query_type`, `remark`, `date_annotation`) VALUES (376, 'mw_system_city', 'lat', 'varchar', NULL, '', b'1', NULL, '', b'1', b'1', NULL, '纬度', NULL);
INSERT INTO `system_column_config` (`id`, `table_name`, `column_name`, `column_type`, `dict_name`, `extra`, `form_show`, `form_type`, `key_type`, `list_show`, `not_null`, `query_type`, `remark`, `date_annotation`) VALUES (377, 'mw_system_city', 'is_show', 'tinyint', NULL, '', b'1', NULL, '', b'1', b'1', NULL, '是否展示', NULL);
INSERT INTO `system_column_config` (`id`, `table_name`, `column_name`, `column_type`, `dict_name`, `extra`, `form_show`, `form_type`, `key_type`, `list_show`, `not_null`, `query_type`, `remark`, `date_annotation`) VALUES (378, 'mw_store_product_relation', 'id', 'bigint', NULL, 'auto_increment', b'1', NULL, 'PRI', b'1', b'0', NULL, '', NULL);
INSERT INTO `system_column_config` (`id`, `table_name`, `column_name`, `column_type`, `dict_name`, `extra`, `form_show`, `form_type`, `key_type`, `list_show`, `not_null`, `query_type`, `remark`, `date_annotation`) VALUES (379, 'mw_store_product_relation', 'uid', 'bigint', NULL, '', b'1', NULL, 'MUL', b'1', b'1', NULL, '用户ID', NULL);
INSERT INTO `system_column_config` (`id`, `table_name`, `column_name`, `column_type`, `dict_name`, `extra`, `form_show`, `form_type`, `key_type`, `list_show`, `not_null`, `query_type`, `remark`, `date_annotation`) VALUES (380, 'mw_store_product_relation', 'product_id', 'bigint', NULL, '', b'1', NULL, '', b'1', b'1', NULL, '商品ID', NULL);
INSERT INTO `system_column_config` (`id`, `table_name`, `column_name`, `column_type`, `dict_name`, `extra`, `form_show`, `form_type`, `key_type`, `list_show`, `not_null`, `query_type`, `remark`, `date_annotation`) VALUES (381, 'mw_store_product_relation', 'type', 'varchar', NULL, '', b'1', NULL, 'MUL', b'1', b'0', NULL, '类型(收藏(collect）、点赞(like))', NULL);
INSERT INTO `system_column_config` (`id`, `table_name`, `column_name`, `column_type`, `dict_name`, `extra`, `form_show`, `form_type`, `key_type`, `list_show`, `not_null`, `query_type`, `remark`, `date_annotation`) VALUES (382, 'mw_store_product_relation', 'category', 'varchar', NULL, '', b'1', NULL, 'MUL', b'1', b'0', NULL, '某种类型的商品(普通商品、秒杀商品)', NULL);
INSERT INTO `system_column_config` (`id`, `table_name`, `column_name`, `column_type`, `dict_name`, `extra`, `form_show`, `form_type`, `key_type`, `list_show`, `not_null`, `query_type`, `remark`, `date_annotation`) VALUES (383, 'mw_store_product_relation', 'create_time', 'datetime', NULL, '', b'1', NULL, '', b'1', b'1', NULL, '添加时间', NULL);
INSERT INTO `system_column_config` (`id`, `table_name`, `column_name`, `column_type`, `dict_name`, `extra`, `form_show`, `form_type`, `key_type`, `list_show`, `not_null`, `query_type`, `remark`, `date_annotation`) VALUES (384, 'mw_store_product_relation', 'update_time', 'datetime', NULL, '', b'1', NULL, '', b'1', b'0', NULL, '', NULL);
INSERT INTO `system_column_config` (`id`, `table_name`, `column_name`, `column_type`, `dict_name`, `extra`, `form_show`, `form_type`, `key_type`, `list_show`, `not_null`, `query_type`, `remark`, `date_annotation`) VALUES (385, 'mw_store_product_relation', 'is_del', 'tinyint', NULL, '', b'1', NULL, '', b'1', b'0', NULL, '', NULL);
INSERT INTO `system_column_config` (`id`, `table_name`, `column_name`, `column_type`, `dict_name`, `extra`, `form_show`, `form_type`, `key_type`, `list_show`, `not_null`, `query_type`, `remark`, `date_annotation`) VALUES (386, 'mw_order_tb', 'trade_parent_id', 'bigint', NULL, '', b'1', NULL, 'PRI', b'1', b'1', NULL, '订单编号', NULL);
INSERT INTO `system_column_config` (`id`, `table_name`, `column_name`, `column_type`, `dict_name`, `extra`, `form_show`, `form_type`, `key_type`, `list_show`, `not_null`, `query_type`, `remark`, `date_annotation`) VALUES (387, 'mw_order_tb', 'tk_create_time', 'timestamp', NULL, '', b'1', NULL, '', b'1', b'1', NULL, '订单创建时间', NULL);
INSERT INTO `system_column_config` (`id`, `table_name`, `column_name`, `column_type`, `dict_name`, `extra`, `form_show`, `form_type`, `key_type`, `list_show`, `not_null`, `query_type`, `remark`, `date_annotation`) VALUES (388, 'mw_order_tb', 'tb_paid_time', 'timestamp', NULL, '', b'1', NULL, '', b'1', b'1', NULL, '付款时间', NULL);
INSERT INTO `system_column_config` (`id`, `table_name`, `column_name`, `column_type`, `dict_name`, `extra`, `form_show`, `form_type`, `key_type`, `list_show`, `not_null`, `query_type`, `remark`, `date_annotation`) VALUES (389, 'mw_order_tb', 'tk_paid_time', 'timestamp', NULL, '', b'1', NULL, '', b'1', b'1', NULL, '付款时间', NULL);
INSERT INTO `system_column_config` (`id`, `table_name`, `column_name`, `column_type`, `dict_name`, `extra`, `form_show`, `form_type`, `key_type`, `list_show`, `not_null`, `query_type`, `remark`, `date_annotation`) VALUES (390, 'mw_order_tb', 'pay_price', 'varchar', NULL, '', b'1', NULL, '', b'1', b'0', NULL, '', NULL);
INSERT INTO `system_column_config` (`id`, `table_name`, `column_name`, `column_type`, `dict_name`, `extra`, `form_show`, `form_type`, `key_type`, `list_show`, `not_null`, `query_type`, `remark`, `date_annotation`) VALUES (391, 'mw_order_tb', 'pub_share_fee', 'varchar', NULL, '', b'1', NULL, '', b'1', b'0', NULL, '', NULL);
INSERT INTO `system_column_config` (`id`, `table_name`, `column_name`, `column_type`, `dict_name`, `extra`, `form_show`, `form_type`, `key_type`, `list_show`, `not_null`, `query_type`, `remark`, `date_annotation`) VALUES (392, 'mw_order_tb', 'trade_id', 'varchar', NULL, '', b'1', NULL, '', b'1', b'0', NULL, '子订单编号', NULL);
INSERT INTO `system_column_config` (`id`, `table_name`, `column_name`, `column_type`, `dict_name`, `extra`, `form_show`, `form_type`, `key_type`, `list_show`, `not_null`, `query_type`, `remark`, `date_annotation`) VALUES (393, 'mw_order_tb', 'pub_share_rate', 'varchar', NULL, '', b'1', NULL, '', b'1', b'0', NULL, '', NULL);
INSERT INTO `system_column_config` (`id`, `table_name`, `column_name`, `column_type`, `dict_name`, `extra`, `form_show`, `form_type`, `key_type`, `list_show`, `not_null`, `query_type`, `remark`, `date_annotation`) VALUES (394, 'mw_order_tb', 'refund_tag', 'tinyint', NULL, '', b'1', NULL, '', b'1', b'0', NULL, '维权标签，0 含义为非维权 1 含义为维权订单', NULL);
INSERT INTO `system_column_config` (`id`, `table_name`, `column_name`, `column_type`, `dict_name`, `extra`, `form_show`, `form_type`, `key_type`, `list_show`, `not_null`, `query_type`, `remark`, `date_annotation`) VALUES (395, 'mw_order_tb', 'tk_total_rate', 'double', NULL, '', b'1', NULL, '', b'1', b'0', NULL, '实际获得收益的比率', NULL);
INSERT INTO `system_column_config` (`id`, `table_name`, `column_name`, `column_type`, `dict_name`, `extra`, `form_show`, `form_type`, `key_type`, `list_show`, `not_null`, `query_type`, `remark`, `date_annotation`) VALUES (396, 'mw_order_tb', 'pub_share_pre_fee', 'double', NULL, '', b'1', NULL, '', b'1', b'0', NULL, '付款预估收入', NULL);
INSERT INTO `system_column_config` (`id`, `table_name`, `column_name`, `column_type`, `dict_name`, `extra`, `form_show`, `form_type`, `key_type`, `list_show`, `not_null`, `query_type`, `remark`, `date_annotation`) VALUES (397, 'mw_order_tb', 'alipay_total_price', 'double', NULL, '', b'1', NULL, '', b'1', b'0', NULL, '买家拍下付款的金额', NULL);
INSERT INTO `system_column_config` (`id`, `table_name`, `column_name`, `column_type`, `dict_name`, `extra`, `form_show`, `form_type`, `key_type`, `list_show`, `not_null`, `query_type`, `remark`, `date_annotation`) VALUES (398, 'mw_order_tb', 'total_commission_rate', 'double', NULL, '', b'1', NULL, '', b'1', b'0', NULL, '佣金比率', NULL);
INSERT INTO `system_column_config` (`id`, `table_name`, `column_name`, `column_type`, `dict_name`, `extra`, `form_show`, `form_type`, `key_type`, `list_show`, `not_null`, `query_type`, `remark`, `date_annotation`) VALUES (399, 'mw_order_tb', 'item_title', 'varchar', NULL, '', b'1', NULL, '', b'1', b'0', NULL, '商品标题', NULL);
INSERT INTO `system_column_config` (`id`, `table_name`, `column_name`, `column_type`, `dict_name`, `extra`, `form_show`, `form_type`, `key_type`, `list_show`, `not_null`, `query_type`, `remark`, `date_annotation`) VALUES (400, 'mw_order_tb', 'adzone_name', 'varchar', NULL, '', b'1', NULL, '', b'1', b'0', NULL, '推广位名称', NULL);
INSERT INTO `system_column_config` (`id`, `table_name`, `column_name`, `column_type`, `dict_name`, `extra`, `form_show`, `form_type`, `key_type`, `list_show`, `not_null`, `query_type`, `remark`, `date_annotation`) VALUES (401, 'mw_order_tb', 'site_id', 'bigint', NULL, '', b'1', NULL, '', b'1', b'0', NULL, 'pid=mm_1_2_3中的“2”这段数字', NULL);
INSERT INTO `system_column_config` (`id`, `table_name`, `column_name`, `column_type`, `dict_name`, `extra`, `form_show`, `form_type`, `key_type`, `list_show`, `not_null`, `query_type`, `remark`, `date_annotation`) VALUES (402, 'mw_order_tb', 'adzone_id', 'bigint', NULL, '', b'1', NULL, '', b'1', b'0', NULL, 'pid=mm_1_2_3中的“3”这段数字', NULL);
INSERT INTO `system_column_config` (`id`, `table_name`, `column_name`, `column_type`, `dict_name`, `extra`, `form_show`, `form_type`, `key_type`, `list_show`, `not_null`, `query_type`, `remark`, `date_annotation`) VALUES (403, 'mw_order_tb', 'item_link', 'varchar', NULL, '', b'1', NULL, '', b'1', b'0', NULL, '商品链接', NULL);
INSERT INTO `system_column_config` (`id`, `table_name`, `column_name`, `column_type`, `dict_name`, `extra`, `form_show`, `form_type`, `key_type`, `list_show`, `not_null`, `query_type`, `remark`, `date_annotation`) VALUES (404, 'mw_order_tb', 'item_price', 'double', NULL, '', b'1', NULL, '', b'1', b'0', NULL, '商品单价', NULL);
INSERT INTO `system_column_config` (`id`, `table_name`, `column_name`, `column_type`, `dict_name`, `extra`, `form_show`, `form_type`, `key_type`, `list_show`, `not_null`, `query_type`, `remark`, `date_annotation`) VALUES (405, 'mw_order_tb', 'order_type', 'varchar', NULL, '', b'1', NULL, '', b'1', b'0', NULL, '订单所属平台类型，包括天猫、淘宝、聚划算等', NULL);
INSERT INTO `system_column_config` (`id`, `table_name`, `column_name`, `column_type`, `dict_name`, `extra`, `form_show`, `form_type`, `key_type`, `list_show`, `not_null`, `query_type`, `remark`, `date_annotation`) VALUES (406, 'mw_order_tb', 'seller_shop_title', 'varchar', NULL, '', b'1', NULL, '', b'1', b'0', NULL, '店铺名', NULL);
INSERT INTO `system_column_config` (`id`, `table_name`, `column_name`, `column_type`, `dict_name`, `extra`, `form_show`, `form_type`, `key_type`, `list_show`, `not_null`, `query_type`, `remark`, `date_annotation`) VALUES (407, 'mw_order_tb', 'site_name', 'varchar', NULL, '', b'1', NULL, '', b'1', b'0', NULL, '媒体名', NULL);
INSERT INTO `system_column_config` (`id`, `table_name`, `column_name`, `column_type`, `dict_name`, `extra`, `form_show`, `form_type`, `key_type`, `list_show`, `not_null`, `query_type`, `remark`, `date_annotation`) VALUES (408, 'mw_order_tb', 'tk_status', 'tinyint', NULL, '', b'1', NULL, '', b'1', b'0', NULL, '1）买家超时未付款； 2）买家付款前，买家/卖家取消了订单；3）订单付款后发起售中退款成功；3：订单结算，12：订单付款， 13：订单失效，14：订单成功', NULL);
INSERT INTO `system_column_config` (`id`, `table_name`, `column_name`, `column_type`, `dict_name`, `extra`, `form_show`, `form_type`, `key_type`, `list_show`, `not_null`, `query_type`, `remark`, `date_annotation`) VALUES (409, 'mw_order_tb', 'item_id', 'bigint', NULL, '', b'1', NULL, 'MUL', b'1', b'0', NULL, '商品id', NULL);
INSERT INTO `system_column_config` (`id`, `table_name`, `column_name`, `column_type`, `dict_name`, `extra`, `form_show`, `form_type`, `key_type`, `list_show`, `not_null`, `query_type`, `remark`, `date_annotation`) VALUES (410, 'mw_order_tb', 'total_commission_fee', 'double', NULL, '', b'1', NULL, '', b'1', b'0', NULL, '佣金金额=结算金额＊佣金比率', NULL);
INSERT INTO `system_column_config` (`id`, `table_name`, `column_name`, `column_type`, `dict_name`, `extra`, `form_show`, `form_type`, `key_type`, `list_show`, `not_null`, `query_type`, `remark`, `date_annotation`) VALUES (411, 'mw_order_tb', 'special_id', 'bigint', NULL, '', b'1', NULL, '', b'1', b'0', NULL, '会员运营id', NULL);
INSERT INTO `system_column_config` (`id`, `table_name`, `column_name`, `column_type`, `dict_name`, `extra`, `form_show`, `form_type`, `key_type`, `list_show`, `not_null`, `query_type`, `remark`, `date_annotation`) VALUES (412, 'mw_order_tb', 'relation_id', 'bigint', NULL, '', b'1', NULL, '', b'1', b'0', NULL, '渠道关系id', NULL);
INSERT INTO `system_column_config` (`id`, `table_name`, `column_name`, `column_type`, `dict_name`, `extra`, `form_show`, `form_type`, `key_type`, `list_show`, `not_null`, `query_type`, `remark`, `date_annotation`) VALUES (413, 'mw_order_tb', 'modified_time', 'varchar', NULL, '', b'1', NULL, '', b'1', b'0', NULL, '订单更新时间', NULL);
INSERT INTO `system_column_config` (`id`, `table_name`, `column_name`, `column_type`, `dict_name`, `extra`, `form_show`, `form_type`, `key_type`, `list_show`, `not_null`, `query_type`, `remark`, `date_annotation`) VALUES (414, 'mw_order_tb', 'bind', 'tinyint', NULL, '', b'1', NULL, '', b'1', b'0', NULL, '是否绑定用户，0 未绑定 1 绑定', NULL);
INSERT INTO `system_column_config` (`id`, `table_name`, `column_name`, `column_type`, `dict_name`, `extra`, `form_show`, `form_type`, `key_type`, `list_show`, `not_null`, `query_type`, `remark`, `date_annotation`) VALUES (415, 'mw_order_tb', 'uid', 'bigint', NULL, '', b'1', NULL, 'MUL', b'1', b'0', NULL, '用户ID', NULL);
INSERT INTO `system_column_config` (`id`, `table_name`, `column_name`, `column_type`, `dict_name`, `extra`, `form_show`, `form_type`, `key_type`, `list_show`, `not_null`, `query_type`, `remark`, `date_annotation`) VALUES (416, 'mw_order_tb', 'integral', 'bigint', NULL, '', b'1', NULL, '', b'1', b'0', NULL, '积分', NULL);
INSERT INTO `system_column_config` (`id`, `table_name`, `column_name`, `column_type`, `dict_name`, `extra`, `form_show`, `form_type`, `key_type`, `list_show`, `not_null`, `query_type`, `remark`, `date_annotation`) VALUES (417, 'mw_order_tb', 'cash', 'tinyint', NULL, '', b'1', NULL, '', b'1', b'0', NULL, '', NULL);
INSERT INTO `system_column_config` (`id`, `table_name`, `column_name`, `column_type`, `dict_name`, `extra`, `form_show`, `form_type`, `key_type`, `list_show`, `not_null`, `query_type`, `remark`, `date_annotation`) VALUES (418, 'mw_order_tb', 'item_img', 'varchar', NULL, '', b'1', NULL, '', b'1', b'1', NULL, '', NULL);
INSERT INTO `system_column_config` (`id`, `table_name`, `column_name`, `column_type`, `dict_name`, `extra`, `form_show`, `form_type`, `key_type`, `list_show`, `not_null`, `query_type`, `remark`, `date_annotation`) VALUES (419, 'mw_order_tb', 'create_time', 'timestamp', NULL, '', b'1', NULL, '', b'1', b'0', NULL, '创建时间', NULL);
INSERT INTO `system_column_config` (`id`, `table_name`, `column_name`, `column_type`, `dict_name`, `extra`, `form_show`, `form_type`, `key_type`, `list_show`, `not_null`, `query_type`, `remark`, `date_annotation`) VALUES (420, 'mw_order_tb', 'update_time', 'timestamp', NULL, '', b'1', NULL, '', b'1', b'0', NULL, '修改时间', NULL);
INSERT INTO `system_column_config` (`id`, `table_name`, `column_name`, `column_type`, `dict_name`, `extra`, `form_show`, `form_type`, `key_type`, `list_show`, `not_null`, `query_type`, `remark`, `date_annotation`) VALUES (421, 'mw_order_tb', 'is_del', 'tinyint', NULL, '', b'1', NULL, '', b'1', b'0', NULL, '删除标识', NULL);
INSERT INTO `system_column_config` (`id`, `table_name`, `column_name`, `column_type`, `dict_name`, `extra`, `form_show`, `form_type`, `key_type`, `list_show`, `not_null`, `query_type`, `remark`, `date_annotation`) VALUES (422, 'mw_order_dy', 'id', 'varchar', NULL, '', b'1', NULL, 'PRI', b'1', b'1', NULL, '标记唯一订单行', NULL);
INSERT INTO `system_column_config` (`id`, `table_name`, `column_name`, `column_type`, `dict_name`, `extra`, `form_show`, `form_type`, `key_type`, `list_show`, `not_null`, `query_type`, `remark`, `date_annotation`) VALUES (423, 'mw_order_dy', 'order_id', 'bigint', NULL, '', b'1', NULL, '', b'1', b'1', NULL, '订单号', NULL);
INSERT INTO `system_column_config` (`id`, `table_name`, `column_name`, `column_type`, `dict_name`, `extra`, `form_show`, `form_type`, `key_type`, `list_show`, `not_null`, `query_type`, `remark`, `date_annotation`) VALUES (424, 'mw_order_dy', 'parent_id', 'bigint', NULL, '', b'1', NULL, '', b'1', b'0', NULL, '父单的订单号', NULL);
INSERT INTO `system_column_config` (`id`, `table_name`, `column_name`, `column_type`, `dict_name`, `extra`, `form_show`, `form_type`, `key_type`, `list_show`, `not_null`, `query_type`, `remark`, `date_annotation`) VALUES (425, 'mw_order_dy', 'order_time', 'timestamp', NULL, '', b'1', 'Date', 'MUL', b'1', b'1', NULL, '下单时间', NULL);
INSERT INTO `system_column_config` (`id`, `table_name`, `column_name`, `column_type`, `dict_name`, `extra`, `form_show`, `form_type`, `key_type`, `list_show`, `not_null`, `query_type`, `remark`, `date_annotation`) VALUES (426, 'mw_order_dy', 'finish_time', 'timestamp', NULL, '', b'1', NULL, '', b'1', b'0', NULL, '完成时间', NULL);
INSERT INTO `system_column_config` (`id`, `table_name`, `column_name`, `column_type`, `dict_name`, `extra`, `form_show`, `form_type`, `key_type`, `list_show`, `not_null`, `query_type`, `remark`, `date_annotation`) VALUES (427, 'mw_order_dy', 'modify_time', 'timestamp', NULL, '', b'1', NULL, '', b'1', b'0', NULL, '更新时间', NULL);
INSERT INTO `system_column_config` (`id`, `table_name`, `column_name`, `column_type`, `dict_name`, `extra`, `form_show`, `form_type`, `key_type`, `list_show`, `not_null`, `query_type`, `remark`, `date_annotation`) VALUES (428, 'mw_order_dy', 'order_emt', 'tinyint', NULL, '', b'1', NULL, '', b'1', b'0', NULL, '下单设备 1.pc 2.无线', NULL);
INSERT INTO `system_column_config` (`id`, `table_name`, `column_name`, `column_type`, `dict_name`, `extra`, `form_show`, `form_type`, `key_type`, `list_show`, `not_null`, `query_type`, `remark`, `date_annotation`) VALUES (429, 'mw_order_dy', 'plus', 'tinyint', NULL, '', b'1', NULL, '', b'1', b'0', NULL, '下单用户是否为PLUS会员 0：否，1：是', NULL);
INSERT INTO `system_column_config` (`id`, `table_name`, `column_name`, `column_type`, `dict_name`, `extra`, `form_show`, `form_type`, `key_type`, `list_show`, `not_null`, `query_type`, `remark`, `date_annotation`) VALUES (430, 'mw_order_dy', 'union_id', 'bigint', NULL, '', b'1', NULL, '', b'1', b'0', NULL, '推客ID', NULL);
INSERT INTO `system_column_config` (`id`, `table_name`, `column_name`, `column_type`, `dict_name`, `extra`, `form_show`, `form_type`, `key_type`, `list_show`, `not_null`, `query_type`, `remark`, `date_annotation`) VALUES (431, 'mw_order_dy', 'sku_id', 'bigint', NULL, '', b'1', NULL, '', b'1', b'1', NULL, '商品ID', NULL);
INSERT INTO `system_column_config` (`id`, `table_name`, `column_name`, `column_type`, `dict_name`, `extra`, `form_show`, `form_type`, `key_type`, `list_show`, `not_null`, `query_type`, `remark`, `date_annotation`) VALUES (432, 'mw_order_dy', 'sku_name', 'varchar', NULL, '', b'1', NULL, '', b'1', b'0', NULL, '商品名称', NULL);
INSERT INTO `system_column_config` (`id`, `table_name`, `column_name`, `column_type`, `dict_name`, `extra`, `form_show`, `form_type`, `key_type`, `list_show`, `not_null`, `query_type`, `remark`, `date_annotation`) VALUES (433, 'mw_order_dy', 'sku_num', 'bigint', NULL, '', b'1', NULL, '', b'1', b'0', NULL, '商品数量', NULL);
INSERT INTO `system_column_config` (`id`, `table_name`, `column_name`, `column_type`, `dict_name`, `extra`, `form_show`, `form_type`, `key_type`, `list_show`, `not_null`, `query_type`, `remark`, `date_annotation`) VALUES (434, 'mw_order_dy', 'sku_return_num', 'bigint', NULL, '', b'1', NULL, '', b'1', b'0', NULL, '商品已退货数量', NULL);
INSERT INTO `system_column_config` (`id`, `table_name`, `column_name`, `column_type`, `dict_name`, `extra`, `form_show`, `form_type`, `key_type`, `list_show`, `not_null`, `query_type`, `remark`, `date_annotation`) VALUES (435, 'mw_order_dy', 'sku_frozen_num', 'bigint', NULL, '', b'1', NULL, '', b'1', b'0', NULL, '商品售后中数量', NULL);
INSERT INTO `system_column_config` (`id`, `table_name`, `column_name`, `column_type`, `dict_name`, `extra`, `form_show`, `form_type`, `key_type`, `list_show`, `not_null`, `query_type`, `remark`, `date_annotation`) VALUES (436, 'mw_order_dy', 'price', 'double', NULL, '', b'1', NULL, '', b'1', b'0', NULL, '商品单价', NULL);
INSERT INTO `system_column_config` (`id`, `table_name`, `column_name`, `column_type`, `dict_name`, `extra`, `form_show`, `form_type`, `key_type`, `list_show`, `not_null`, `query_type`, `remark`, `date_annotation`) VALUES (437, 'mw_order_dy', 'commission_rate', 'double', NULL, '', b'1', NULL, '', b'1', b'0', NULL, '佣金比例', NULL);
INSERT INTO `system_column_config` (`id`, `table_name`, `column_name`, `column_type`, `dict_name`, `extra`, `form_show`, `form_type`, `key_type`, `list_show`, `not_null`, `query_type`, `remark`, `date_annotation`) VALUES (438, 'mw_order_dy', 'subSide_rate', 'double', NULL, '', b'1', NULL, '', b'1', b'0', NULL, '分成比例（单位：%）', NULL);
INSERT INTO `system_column_config` (`id`, `table_name`, `column_name`, `column_type`, `dict_name`, `extra`, `form_show`, `form_type`, `key_type`, `list_show`, `not_null`, `query_type`, `remark`, `date_annotation`) VALUES (439, 'mw_order_dy', 'subsidy_rate', 'double', NULL, '', b'1', NULL, '', b'1', b'0', NULL, '补贴比例（单位：%）', NULL);
INSERT INTO `system_column_config` (`id`, `table_name`, `column_name`, `column_type`, `dict_name`, `extra`, `form_show`, `form_type`, `key_type`, `list_show`, `not_null`, `query_type`, `remark`, `date_annotation`) VALUES (440, 'mw_order_dy', 'final_rate', 'double', NULL, '', b'1', NULL, '', b'1', b'0', NULL, '最终分佣比例', NULL);
INSERT INTO `system_column_config` (`id`, `table_name`, `column_name`, `column_type`, `dict_name`, `extra`, `form_show`, `form_type`, `key_type`, `list_show`, `not_null`, `query_type`, `remark`, `date_annotation`) VALUES (441, 'mw_order_dy', 'estimate_cos_price', 'double', NULL, '', b'1', NULL, '', b'1', b'0', NULL, '预估计订单金额', NULL);
INSERT INTO `system_column_config` (`id`, `table_name`, `column_name`, `column_type`, `dict_name`, `extra`, `form_show`, `form_type`, `key_type`, `list_show`, `not_null`, `query_type`, `remark`, `date_annotation`) VALUES (442, 'mw_order_dy', 'estimate_fee', 'double', NULL, '', b'1', NULL, '', b'1', b'0', NULL, '预估佣金，以这个为准', NULL);
INSERT INTO `system_column_config` (`id`, `table_name`, `column_name`, `column_type`, `dict_name`, `extra`, `form_show`, `form_type`, `key_type`, `list_show`, `not_null`, `query_type`, `remark`, `date_annotation`) VALUES (443, 'mw_order_dy', 'actual_cos_price', 'double', NULL, '', b'1', NULL, '', b'1', b'0', NULL, '实际订单金额', NULL);
INSERT INTO `system_column_config` (`id`, `table_name`, `column_name`, `column_type`, `dict_name`, `extra`, `form_show`, `form_type`, `key_type`, `list_show`, `not_null`, `query_type`, `remark`, `date_annotation`) VALUES (444, 'mw_order_dy', 'actual_fee', 'double', NULL, '', b'1', NULL, '', b'1', b'0', NULL, '实际佣金，未结算时为0', NULL);
INSERT INTO `system_column_config` (`id`, `table_name`, `column_name`, `column_type`, `dict_name`, `extra`, `form_show`, `form_type`, `key_type`, `list_show`, `not_null`, `query_type`, `remark`, `date_annotation`) VALUES (445, 'mw_order_dy', 'valid_code', 'bigint', NULL, '', b'1', NULL, '', b'1', b'0', NULL, 'sku维度的有效码（-1：未知,2.无效-拆单,3.无效-取消,4.无效-京东帮帮主订单,5.无效-账号异常,6.无效-赠品类目不返佣,7.无效-校园订单,8.无效-企业订单,9.无效-团购订单,11.无效-乡村推广员下单,13.无效-违规订单,14.无效-来源与备案网址不符,15.待付款,16.已付款,17.已完成（购买用户确认收货）,20.无效-此复购订单对应的首购订单无效,21.无效-云店订单', NULL);
INSERT INTO `system_column_config` (`id`, `table_name`, `column_name`, `column_type`, `dict_name`, `extra`, `form_show`, `form_type`, `key_type`, `list_show`, `not_null`, `query_type`, `remark`, `date_annotation`) VALUES (446, 'mw_order_dy', 'trace_type', 'tinyint', NULL, '', b'1', NULL, '', b'1', b'0', NULL, '同跨店：2同店 3跨店', NULL);
INSERT INTO `system_column_config` (`id`, `table_name`, `column_name`, `column_type`, `dict_name`, `extra`, `form_show`, `form_type`, `key_type`, `list_show`, `not_null`, `query_type`, `remark`, `date_annotation`) VALUES (447, 'mw_order_dy', 'position_id', 'bigint', NULL, '', b'1', NULL, '', b'1', b'0', NULL, '推广位ID', NULL);
INSERT INTO `system_column_config` (`id`, `table_name`, `column_name`, `column_type`, `dict_name`, `extra`, `form_show`, `form_type`, `key_type`, `list_show`, `not_null`, `query_type`, `remark`, `date_annotation`) VALUES (448, 'mw_order_dy', 'site_id', 'bigint', NULL, '', b'1', NULL, '', b'1', b'0', NULL, '应用id（网站id、appid、社交媒体id）', NULL);
INSERT INTO `system_column_config` (`id`, `table_name`, `column_name`, `column_type`, `dict_name`, `extra`, `form_show`, `form_type`, `key_type`, `list_show`, `not_null`, `query_type`, `remark`, `date_annotation`) VALUES (449, 'mw_order_dy', 'union_alias', 'varchar', NULL, '', b'1', NULL, '', b'1', b'0', NULL, 'ID所属母账号平台名称', NULL);
INSERT INTO `system_column_config` (`id`, `table_name`, `column_name`, `column_type`, `dict_name`, `extra`, `form_show`, `form_type`, `key_type`, `list_show`, `not_null`, `query_type`, `remark`, `date_annotation`) VALUES (450, 'mw_order_dy', 'pid', 'varchar', NULL, '', b'1', NULL, '', b'1', b'0', NULL, '格式:子推客ID_子站长应用ID_子推客推广位ID', NULL);
INSERT INTO `system_column_config` (`id`, `table_name`, `column_name`, `column_type`, `dict_name`, `extra`, `form_show`, `form_type`, `key_type`, `list_show`, `not_null`, `query_type`, `remark`, `date_annotation`) VALUES (451, 'mw_order_dy', 'cid1', 'bigint', NULL, '', b'1', NULL, '', b'1', b'0', NULL, '一级类目id', NULL);
INSERT INTO `system_column_config` (`id`, `table_name`, `column_name`, `column_type`, `dict_name`, `extra`, `form_show`, `form_type`, `key_type`, `list_show`, `not_null`, `query_type`, `remark`, `date_annotation`) VALUES (452, 'mw_order_dy', 'cid2', 'bigint', NULL, '', b'1', NULL, '', b'1', b'0', NULL, '二级类目id', NULL);
INSERT INTO `system_column_config` (`id`, `table_name`, `column_name`, `column_type`, `dict_name`, `extra`, `form_show`, `form_type`, `key_type`, `list_show`, `not_null`, `query_type`, `remark`, `date_annotation`) VALUES (453, 'mw_order_dy', 'cid3', 'bigint', NULL, '', b'1', NULL, '', b'1', b'0', NULL, '三级类目id', NULL);
INSERT INTO `system_column_config` (`id`, `table_name`, `column_name`, `column_type`, `dict_name`, `extra`, `form_show`, `form_type`, `key_type`, `list_show`, `not_null`, `query_type`, `remark`, `date_annotation`) VALUES (454, 'mw_order_dy', 'sub_union_id', 'varchar', NULL, '', b'1', NULL, '', b'1', b'0', NULL, '子渠道标识，在转链时可自定义传入，格式要求：字母、数字或下划线，最多支持80个字符', NULL);
INSERT INTO `system_column_config` (`id`, `table_name`, `column_name`, `column_type`, `dict_name`, `extra`, `form_show`, `form_type`, `key_type`, `list_show`, `not_null`, `query_type`, `remark`, `date_annotation`) VALUES (455, 'mw_order_dy', 'union_tag', 'varchar', NULL, '', b'1', NULL, '', b'1', b'0', NULL, '联盟标签数据', NULL);
INSERT INTO `system_column_config` (`id`, `table_name`, `column_name`, `column_type`, `dict_name`, `extra`, `form_show`, `form_type`, `key_type`, `list_show`, `not_null`, `query_type`, `remark`, `date_annotation`) VALUES (456, 'mw_order_dy', 'pop_id', 'bigint', NULL, '', b'1', NULL, '', b'1', b'0', NULL, '商家ID', NULL);
INSERT INTO `system_column_config` (`id`, `table_name`, `column_name`, `column_type`, `dict_name`, `extra`, `form_show`, `form_type`, `key_type`, `list_show`, `not_null`, `query_type`, `remark`, `date_annotation`) VALUES (457, 'mw_order_dy', 'ext1', 'varchar', NULL, '', b'1', NULL, '', b'1', b'0', NULL, '推客生成推广链接时传入的扩展字段', NULL);
INSERT INTO `system_column_config` (`id`, `table_name`, `column_name`, `column_type`, `dict_name`, `extra`, `form_show`, `form_type`, `key_type`, `list_show`, `not_null`, `query_type`, `remark`, `date_annotation`) VALUES (458, 'mw_order_dy', 'pay_month', 'varchar', NULL, '', b'1', NULL, '', b'1', b'0', NULL, '预估结算时间 yyyyMMdd', NULL);
INSERT INTO `system_column_config` (`id`, `table_name`, `column_name`, `column_type`, `dict_name`, `extra`, `form_show`, `form_type`, `key_type`, `list_show`, `not_null`, `query_type`, `remark`, `date_annotation`) VALUES (459, 'mw_order_dy', 'rid', 'bigint', NULL, '', b'1', NULL, '', b'1', b'0', NULL, '团长渠道ID', NULL);
INSERT INTO `system_column_config` (`id`, `table_name`, `column_name`, `column_type`, `dict_name`, `extra`, `form_show`, `form_type`, `key_type`, `list_show`, `not_null`, `query_type`, `remark`, `date_annotation`) VALUES (460, 'mw_order_dy', 'Goods_info', 'json', NULL, '', b'1', NULL, '', b'1', b'0', NULL, '微信用户json信息', NULL);
INSERT INTO `system_column_config` (`id`, `table_name`, `column_name`, `column_type`, `dict_name`, `extra`, `form_show`, `form_type`, `key_type`, `list_show`, `not_null`, `query_type`, `remark`, `date_annotation`) VALUES (461, 'mw_order_dy', 'create_time', 'timestamp', NULL, '', b'1', NULL, '', b'1', b'0', NULL, '创建时间', NULL);
INSERT INTO `system_column_config` (`id`, `table_name`, `column_name`, `column_type`, `dict_name`, `extra`, `form_show`, `form_type`, `key_type`, `list_show`, `not_null`, `query_type`, `remark`, `date_annotation`) VALUES (462, 'mw_order_dy', 'update_time', 'timestamp', NULL, '', b'1', NULL, '', b'1', b'0', NULL, '修改时间', NULL);
INSERT INTO `system_column_config` (`id`, `table_name`, `column_name`, `column_type`, `dict_name`, `extra`, `form_show`, `form_type`, `key_type`, `list_show`, `not_null`, `query_type`, `remark`, `date_annotation`) VALUES (463, 'mw_order_dy', 'is_del', 'tinyint', NULL, '', b'1', NULL, '', b'1', b'0', NULL, '删除标识', NULL);
INSERT INTO `system_column_config` (`id`, `table_name`, `column_name`, `column_type`, `dict_name`, `extra`, `form_show`, `form_type`, `key_type`, `list_show`, `not_null`, `query_type`, `remark`, `date_annotation`) VALUES (464, 'mw_order_dy', 'bind', 'tinyint', NULL, '', b'1', NULL, '', b'1', b'0', NULL, '是否绑定用户，0 未绑定 1 绑定', NULL);
INSERT INTO `system_column_config` (`id`, `table_name`, `column_name`, `column_type`, `dict_name`, `extra`, `form_show`, `form_type`, `key_type`, `list_show`, `not_null`, `query_type`, `remark`, `date_annotation`) VALUES (465, 'mw_order_dy', 'uid', 'bigint', NULL, '', b'1', NULL, '', b'1', b'0', NULL, '用户ID', NULL);
INSERT INTO `system_column_config` (`id`, `table_name`, `column_name`, `column_type`, `dict_name`, `extra`, `form_show`, `form_type`, `key_type`, `list_show`, `not_null`, `query_type`, `remark`, `date_annotation`) VALUES (466, 'mw_order_dy', 'integral', 'bigint', NULL, '', b'1', NULL, '', b'1', b'0', NULL, '奖励积分', NULL);
INSERT INTO `system_column_config` (`id`, `table_name`, `column_name`, `column_type`, `dict_name`, `extra`, `form_show`, `form_type`, `key_type`, `list_show`, `not_null`, `query_type`, `remark`, `date_annotation`) VALUES (467, 'mw_order_dy', 'cash', 'tinyint', NULL, '', b'1', NULL, '', b'1', b'0', NULL, '是否已提现，0 未提现 1 已提现', NULL);
INSERT INTO `system_column_config` (`id`, `table_name`, `column_name`, `column_type`, `dict_name`, `extra`, `form_show`, `form_type`, `key_type`, `list_show`, `not_null`, `query_type`, `remark`, `date_annotation`) VALUES (468, 'mw_order_pdd', 'order_sn', 'varchar', NULL, '', b'1', NULL, 'PRI', b'1', b'1', NULL, '订单编号', NULL);
INSERT INTO `system_column_config` (`id`, `table_name`, `column_name`, `column_type`, `dict_name`, `extra`, `form_show`, `form_type`, `key_type`, `list_show`, `not_null`, `query_type`, `remark`, `date_annotation`) VALUES (469, 'mw_order_pdd', 'order_status', 'tinyint', NULL, '', b'1', NULL, '', b'1', b'0', NULL, '订单状态：0-已支付；1-已成团；2-确认收货；3-审核成功；4-审核失败（不可提现）；5-已经结算 ;10-已处罚', NULL);
INSERT INTO `system_column_config` (`id`, `table_name`, `column_name`, `column_type`, `dict_name`, `extra`, `form_show`, `form_type`, `key_type`, `list_show`, `not_null`, `query_type`, `remark`, `date_annotation`) VALUES (470, 'mw_order_pdd', 'order_status_desc', 'varchar', NULL, '', b'1', NULL, '', b'1', b'0', NULL, '订单状态描述', NULL);
INSERT INTO `system_column_config` (`id`, `table_name`, `column_name`, `column_type`, `dict_name`, `extra`, `form_show`, `form_type`, `key_type`, `list_show`, `not_null`, `query_type`, `remark`, `date_annotation`) VALUES (471, 'mw_order_pdd', 'price_compare_status', 'tinyint', NULL, '', b'1', NULL, '', b'1', b'0', NULL, '比价状态：0：正常，1：比价', NULL);
INSERT INTO `system_column_config` (`id`, `table_name`, `column_name`, `column_type`, `dict_name`, `extra`, `form_show`, `form_type`, `key_type`, `list_show`, `not_null`, `query_type`, `remark`, `date_annotation`) VALUES (472, 'mw_order_pdd', 'promotion_amount', 'bigint', NULL, '', b'1', NULL, '', b'1', b'0', NULL, '佣金金额，单位为分', NULL);
INSERT INTO `system_column_config` (`id`, `table_name`, `column_name`, `column_type`, `dict_name`, `extra`, `form_show`, `form_type`, `key_type`, `list_show`, `not_null`, `query_type`, `remark`, `date_annotation`) VALUES (473, 'mw_order_pdd', 'custom_parameters', 'varchar', NULL, '', b'1', NULL, '', b'1', b'0', NULL, '自定义参数，转链时传入', NULL);
INSERT INTO `system_column_config` (`id`, `table_name`, `column_name`, `column_type`, `dict_name`, `extra`, `form_show`, `form_type`, `key_type`, `list_show`, `not_null`, `query_type`, `remark`, `date_annotation`) VALUES (474, 'mw_order_pdd', 'goods_id', 'bigint', NULL, '', b'1', NULL, '', b'1', b'1', NULL, '商品ID', NULL);
INSERT INTO `system_column_config` (`id`, `table_name`, `column_name`, `column_type`, `dict_name`, `extra`, `form_show`, `form_type`, `key_type`, `list_show`, `not_null`, `query_type`, `remark`, `date_annotation`) VALUES (475, 'mw_order_pdd', 'goods_name', 'varchar', NULL, '', b'1', NULL, '', b'1', b'0', NULL, '商品名称', NULL);
INSERT INTO `system_column_config` (`id`, `table_name`, `column_name`, `column_type`, `dict_name`, `extra`, `form_show`, `form_type`, `key_type`, `list_show`, `not_null`, `query_type`, `remark`, `date_annotation`) VALUES (476, 'mw_order_pdd', 'goods_price', 'bigint', NULL, '', b'1', NULL, '', b'1', b'0', NULL, '订单中sku的单件价格，单位为分', NULL);
INSERT INTO `system_column_config` (`id`, `table_name`, `column_name`, `column_type`, `dict_name`, `extra`, `form_show`, `form_type`, `key_type`, `list_show`, `not_null`, `query_type`, `remark`, `date_annotation`) VALUES (477, 'mw_order_pdd', 'goods_quantity', 'bigint', NULL, '', b'1', NULL, '', b'1', b'0', NULL, '商品数量', NULL);
INSERT INTO `system_column_config` (`id`, `table_name`, `column_name`, `column_type`, `dict_name`, `extra`, `form_show`, `form_type`, `key_type`, `list_show`, `not_null`, `query_type`, `remark`, `date_annotation`) VALUES (478, 'mw_order_pdd', 'goods_sign', 'varchar', NULL, '', b'1', NULL, '', b'1', b'0', NULL, 'goodsSign是加密后的goodsId，goodsId已下线，请使用goodsSign来替代', NULL);
INSERT INTO `system_column_config` (`id`, `table_name`, `column_name`, `column_type`, `dict_name`, `extra`, `form_show`, `form_type`, `key_type`, `list_show`, `not_null`, `query_type`, `remark`, `date_annotation`) VALUES (479, 'mw_order_pdd', 'goods_thumbnail_url', 'varchar', NULL, '', b'1', NULL, '', b'1', b'0', NULL, '商品缩略图', NULL);
INSERT INTO `system_column_config` (`id`, `table_name`, `column_name`, `column_type`, `dict_name`, `extra`, `form_show`, `form_type`, `key_type`, `list_show`, `not_null`, `query_type`, `remark`, `date_annotation`) VALUES (480, 'mw_order_pdd', 'group_id', 'bigint', NULL, '', b'1', NULL, '', b'1', b'0', NULL, '成团编号', NULL);
INSERT INTO `system_column_config` (`id`, `table_name`, `column_name`, `column_type`, `dict_name`, `extra`, `form_show`, `form_type`, `key_type`, `list_show`, `not_null`, `query_type`, `remark`, `date_annotation`) VALUES (481, 'mw_order_pdd', 'mall_id', 'bigint', NULL, '', b'1', NULL, '', b'1', b'0', NULL, '店铺id', NULL);
INSERT INTO `system_column_config` (`id`, `table_name`, `column_name`, `column_type`, `dict_name`, `extra`, `form_show`, `form_type`, `key_type`, `list_show`, `not_null`, `query_type`, `remark`, `date_annotation`) VALUES (482, 'mw_order_pdd', 'mall_name', 'varchar', NULL, '', b'1', NULL, '', b'1', b'0', NULL, '店铺名称', NULL);
INSERT INTO `system_column_config` (`id`, `table_name`, `column_name`, `column_type`, `dict_name`, `extra`, `form_show`, `form_type`, `key_type`, `list_show`, `not_null`, `query_type`, `remark`, `date_annotation`) VALUES (483, 'mw_order_pdd', 'is_direct', 'tinyint', NULL, '', b'1', NULL, '', b'1', b'0', NULL, '是否直推 ，1表示是，0表示否', NULL);
INSERT INTO `system_column_config` (`id`, `table_name`, `column_name`, `column_type`, `dict_name`, `extra`, `form_show`, `form_type`, `key_type`, `list_show`, `not_null`, `query_type`, `remark`, `date_annotation`) VALUES (484, 'mw_order_pdd', 'order_amount', 'bigint', NULL, '', b'1', NULL, '', b'1', b'0', NULL, '实际支付金额，单位为分', NULL);
INSERT INTO `system_column_config` (`id`, `table_name`, `column_name`, `column_type`, `dict_name`, `extra`, `form_show`, `form_type`, `key_type`, `list_show`, `not_null`, `query_type`, `remark`, `date_annotation`) VALUES (485, 'mw_order_pdd', 'auth_duo_id', 'bigint', NULL, '', b'1', NULL, '', b'1', b'0', NULL, '多多客工具id', NULL);
INSERT INTO `system_column_config` (`id`, `table_name`, `column_name`, `column_type`, `dict_name`, `extra`, `form_show`, `form_type`, `key_type`, `list_show`, `not_null`, `query_type`, `remark`, `date_annotation`) VALUES (486, 'mw_order_pdd', 'bandan_risk_consult', 'tinyint', NULL, '', b'1', NULL, '', b'1', b'0', NULL, '预判断是否为代购订单，-1（默认）表示未出结果，0表示预判不是代购订单，1表示代购订单，具体请以最后审核状态为准', NULL);
INSERT INTO `system_column_config` (`id`, `table_name`, `column_name`, `column_type`, `dict_name`, `extra`, `form_show`, `form_type`, `key_type`, `list_show`, `not_null`, `query_type`, `remark`, `date_annotation`) VALUES (487, 'mw_order_pdd', 'batch_no', 'varchar', NULL, '', b'1', NULL, '', b'1', b'0', NULL, '结算批次号', NULL);
INSERT INTO `system_column_config` (`id`, `table_name`, `column_name`, `column_type`, `dict_name`, `extra`, `form_show`, `form_type`, `key_type`, `list_show`, `not_null`, `query_type`, `remark`, `date_annotation`) VALUES (488, 'mw_order_pdd', 'cash_gift_id', 'bigint', NULL, '', b'1', NULL, '', b'1', b'0', NULL, '订单关联礼金活动Id', NULL);
INSERT INTO `system_column_config` (`id`, `table_name`, `column_name`, `column_type`, `dict_name`, `extra`, `form_show`, `form_type`, `key_type`, `list_show`, `not_null`, `query_type`, `remark`, `date_annotation`) VALUES (489, 'mw_order_pdd', 'cpa_new', 'tinyint', NULL, '', b'1', NULL, '', b'1', b'0', NULL, '是否是 cpa 新用户，1表示是，0表示否', NULL);
INSERT INTO `system_column_config` (`id`, `table_name`, `column_name`, `column_type`, `dict_name`, `extra`, `form_show`, `form_type`, `key_type`, `list_show`, `not_null`, `query_type`, `remark`, `date_annotation`) VALUES (490, 'mw_order_pdd', 'fail_reason', 'varchar', NULL, '', b'1', NULL, '', b'1', b'0', NULL, '订单审核失败/惩罚原因', NULL);
INSERT INTO `system_column_config` (`id`, `table_name`, `column_name`, `column_type`, `dict_name`, `extra`, `form_show`, `form_type`, `key_type`, `list_show`, `not_null`, `query_type`, `remark`, `date_annotation`) VALUES (491, 'mw_order_pdd', 'goods_category_name', 'varchar', NULL, '', b'1', NULL, '', b'1', b'0', NULL, '商品一级类目名称', NULL);
INSERT INTO `system_column_config` (`id`, `table_name`, `column_name`, `column_type`, `dict_name`, `extra`, `form_show`, `form_type`, `key_type`, `list_show`, `not_null`, `query_type`, `remark`, `date_annotation`) VALUES (492, 'mw_order_pdd', 'no_subsidy_reason', 'varchar', NULL, '', b'1', NULL, '', b'1', b'0', NULL, '非补贴订单原因，例如：\"商品补贴达上限\"，\"达到单个用户下单上限\"，\"非指定落地页直推订单\"，\"订单超过2个月未审核成功\"等', NULL);
INSERT INTO `system_column_config` (`id`, `table_name`, `column_name`, `column_type`, `dict_name`, `extra`, `form_show`, `form_type`, `key_type`, `list_show`, `not_null`, `query_type`, `remark`, `date_annotation`) VALUES (493, 'mw_order_pdd', 'order_create_time', 'timestamp', NULL, '', b'1', NULL, 'MUL', b'1', b'0', NULL, '订单生成时间，UNIX时间戳', NULL);
INSERT INTO `system_column_config` (`id`, `table_name`, `column_name`, `column_type`, `dict_name`, `extra`, `form_show`, `form_type`, `key_type`, `list_show`, `not_null`, `query_type`, `remark`, `date_annotation`) VALUES (494, 'mw_order_pdd', 'order_group_success_time', 'timestamp', NULL, '', b'1', NULL, '', b'1', b'0', NULL, '成团时间', NULL);
INSERT INTO `system_column_config` (`id`, `table_name`, `column_name`, `column_type`, `dict_name`, `extra`, `form_show`, `form_type`, `key_type`, `list_show`, `not_null`, `query_type`, `remark`, `date_annotation`) VALUES (495, 'mw_order_pdd', 'order_modify_at', 'timestamp', NULL, '', b'1', NULL, '', b'1', b'0', NULL, '最后更新时间', NULL);
INSERT INTO `system_column_config` (`id`, `table_name`, `column_name`, `column_type`, `dict_name`, `extra`, `form_show`, `form_type`, `key_type`, `list_show`, `not_null`, `query_type`, `remark`, `date_annotation`) VALUES (496, 'mw_order_pdd', 'order_pay_time', 'timestamp', NULL, '', b'1', NULL, '', b'1', b'0', NULL, '支付时间', NULL);
INSERT INTO `system_column_config` (`id`, `table_name`, `column_name`, `column_type`, `dict_name`, `extra`, `form_show`, `form_type`, `key_type`, `list_show`, `not_null`, `query_type`, `remark`, `date_annotation`) VALUES (497, 'mw_order_pdd', 'order_receive_time', 'timestamp', NULL, '', b'1', NULL, '', b'1', b'0', NULL, '确认收货时间', NULL);
INSERT INTO `system_column_config` (`id`, `table_name`, `column_name`, `column_type`, `dict_name`, `extra`, `form_show`, `form_type`, `key_type`, `list_show`, `not_null`, `query_type`, `remark`, `date_annotation`) VALUES (498, 'mw_order_pdd', 'order_settle_time', 'timestamp', NULL, '', b'1', NULL, '', b'1', b'0', NULL, '结算时间', NULL);
INSERT INTO `system_column_config` (`id`, `table_name`, `column_name`, `column_type`, `dict_name`, `extra`, `form_show`, `form_type`, `key_type`, `list_show`, `not_null`, `query_type`, `remark`, `date_annotation`) VALUES (499, 'mw_order_pdd', 'order_verify_time', 'timestamp', NULL, '', b'1', NULL, '', b'1', b'0', NULL, '审核时间', NULL);
INSERT INTO `system_column_config` (`id`, `table_name`, `column_name`, `column_type`, `dict_name`, `extra`, `form_show`, `form_type`, `key_type`, `list_show`, `not_null`, `query_type`, `remark`, `date_annotation`) VALUES (500, 'mw_order_pdd', 'p_id', 'varchar', NULL, '', b'1', NULL, '', b'1', b'0', NULL, '推广位ID', NULL);
INSERT INTO `system_column_config` (`id`, `table_name`, `column_name`, `column_type`, `dict_name`, `extra`, `form_show`, `form_type`, `key_type`, `list_show`, `not_null`, `query_type`, `remark`, `date_annotation`) VALUES (501, 'mw_order_pdd', 'platform_discount', 'bigint', NULL, '', b'1', NULL, '', b'1', b'0', NULL, '平台券金额，表示该订单使用的平台券金额，单位分', NULL);
INSERT INTO `system_column_config` (`id`, `table_name`, `column_name`, `column_type`, `dict_name`, `extra`, `form_show`, `form_type`, `key_type`, `list_show`, `not_null`, `query_type`, `remark`, `date_annotation`) VALUES (502, 'mw_order_pdd', 'promotion_rate', 'bigint', NULL, '', b'1', NULL, '', b'1', b'0', NULL, '佣金比例，千分比', NULL);
INSERT INTO `system_column_config` (`id`, `table_name`, `column_name`, `column_type`, `dict_name`, `extra`, `form_show`, `form_type`, `key_type`, `list_show`, `not_null`, `query_type`, `remark`, `date_annotation`) VALUES (503, 'mw_order_pdd', 'red_packet_type', 'tinyint', NULL, '', b'1', NULL, '', b'1', b'0', NULL, '超级红包补贴类型：0-非红包补贴订单，1-季度新用户补贴', NULL);
INSERT INTO `system_column_config` (`id`, `table_name`, `column_name`, `column_type`, `dict_name`, `extra`, `form_show`, `form_type`, `key_type`, `list_show`, `not_null`, `query_type`, `remark`, `date_annotation`) VALUES (504, 'mw_order_pdd', 'sep_duo_id', 'bigint', NULL, '', b'1', NULL, '', b'1', b'0', NULL, '直播间订单推广duoId', NULL);
INSERT INTO `system_column_config` (`id`, `table_name`, `column_name`, `column_type`, `dict_name`, `extra`, `form_show`, `form_type`, `key_type`, `list_show`, `not_null`, `query_type`, `remark`, `date_annotation`) VALUES (505, 'mw_order_pdd', 'sep_market_fee', 'int', NULL, '', b'1', NULL, '', b'1', b'0', NULL, '直播间推广佣金', NULL);
INSERT INTO `system_column_config` (`id`, `table_name`, `column_name`, `column_type`, `dict_name`, `extra`, `form_show`, `form_type`, `key_type`, `list_show`, `not_null`, `query_type`, `remark`, `date_annotation`) VALUES (506, 'mw_order_pdd', 'sep_parameters', 'varchar', NULL, '', b'1', NULL, '', b'1', b'0', NULL, '直播间推广自定义参数', NULL);
INSERT INTO `system_column_config` (`id`, `table_name`, `column_name`, `column_type`, `dict_name`, `extra`, `form_show`, `form_type`, `key_type`, `list_show`, `not_null`, `query_type`, `remark`, `date_annotation`) VALUES (507, 'mw_order_pdd', 'sep_pid', 'varchar', NULL, '', b'1', NULL, '', b'1', b'0', NULL, '直播间订单推广位', NULL);
INSERT INTO `system_column_config` (`id`, `table_name`, `column_name`, `column_type`, `dict_name`, `extra`, `form_show`, `form_type`, `key_type`, `list_show`, `not_null`, `query_type`, `remark`, `date_annotation`) VALUES (508, 'mw_order_pdd', 'sep_rate', 'int', NULL, '', b'1', NULL, '', b'1', b'0', NULL, '直播间推广佣金比例', NULL);
INSERT INTO `system_column_config` (`id`, `table_name`, `column_name`, `column_type`, `dict_name`, `extra`, `form_show`, `form_type`, `key_type`, `list_show`, `not_null`, `query_type`, `remark`, `date_annotation`) VALUES (509, 'mw_order_pdd', 'share_amount', 'int', NULL, '', b'1', NULL, '', b'1', b'0', NULL, '招商分成服务费金额，单位为分', NULL);
INSERT INTO `system_column_config` (`id`, `table_name`, `column_name`, `column_type`, `dict_name`, `extra`, `form_show`, `form_type`, `key_type`, `list_show`, `not_null`, `query_type`, `remark`, `date_annotation`) VALUES (510, 'mw_order_pdd', 'share_rate', 'int', NULL, '', b'1', NULL, '', b'1', b'0', NULL, '招商分成服务费比例，千分比', NULL);
INSERT INTO `system_column_config` (`id`, `table_name`, `column_name`, `column_type`, `dict_name`, `extra`, `form_show`, `form_type`, `key_type`, `list_show`, `not_null`, `query_type`, `remark`, `date_annotation`) VALUES (511, 'mw_order_pdd', 'subsidy_amount', 'int', NULL, '', b'1', NULL, '', b'1', b'0', NULL, '优势渠道专属商品补贴金额，单位为分', NULL);
INSERT INTO `system_column_config` (`id`, `table_name`, `column_name`, `column_type`, `dict_name`, `extra`, `form_show`, `form_type`, `key_type`, `list_show`, `not_null`, `query_type`, `remark`, `date_annotation`) VALUES (512, 'mw_order_pdd', 'subsidy_duo_amount_level', 'int', NULL, '', b'1', NULL, '', b'1', b'0', NULL, '等级补贴给渠道的收入补贴，不允许直接给下级代理展示，单位为分', NULL);
INSERT INTO `system_column_config` (`id`, `table_name`, `column_name`, `column_type`, `dict_name`, `extra`, `form_show`, `form_type`, `key_type`, `list_show`, `not_null`, `query_type`, `remark`, `date_annotation`) VALUES (513, 'mw_order_pdd', 'subsidy_duo_amount_ten_million', 'int', NULL, '', b'1', NULL, '', b'1', b'0', NULL, '官方活动给渠道的收入补贴金额，不允许直接给下级代理展示，单位为分', NULL);
INSERT INTO `system_column_config` (`id`, `table_name`, `column_name`, `column_type`, `dict_name`, `extra`, `form_show`, `form_type`, `key_type`, `list_show`, `not_null`, `query_type`, `remark`, `date_annotation`) VALUES (514, 'mw_order_pdd', 'subsidy_order_remark', 'varchar', NULL, '', b'1', NULL, '', b'1', b'0', NULL, '补贴订单备注', NULL);
INSERT INTO `system_column_config` (`id`, `table_name`, `column_name`, `column_type`, `dict_name`, `extra`, `form_show`, `form_type`, `key_type`, `list_show`, `not_null`, `query_type`, `remark`, `date_annotation`) VALUES (515, 'mw_order_pdd', 'subsidy_type', 'int', NULL, '', b'1', NULL, '', b'1', b'0', NULL, '订单补贴类型：0-非补贴订单，1-千万补贴，2-社群补贴，3-多多星选，4-品牌优选，5-千万神券', NULL);
INSERT INTO `system_column_config` (`id`, `table_name`, `column_name`, `column_type`, `dict_name`, `extra`, `form_show`, `form_type`, `key_type`, `list_show`, `not_null`, `query_type`, `remark`, `date_annotation`) VALUES (516, 'mw_order_pdd', 'type', 'int', NULL, '', b'1', NULL, '', b'1', b'0', NULL, '下单场景类型：0-单品推广，1-红包活动推广，4-多多进宝商城推广，7-今日爆款，8-品牌清仓，9-1.9包邮，77-刮刮卡活动推广，94-充值中心，101-品牌黑卡，103-百亿补贴频道，104-内购清单频道，105-超级红包', NULL);
INSERT INTO `system_column_config` (`id`, `table_name`, `column_name`, `column_type`, `dict_name`, `extra`, `form_show`, `form_type`, `key_type`, `list_show`, `not_null`, `query_type`, `remark`, `date_annotation`) VALUES (517, 'mw_order_pdd', 'zs_duo_id', 'bigint', NULL, '', b'1', NULL, '', b'1', b'0', NULL, '招商多多客id', NULL);
INSERT INTO `system_column_config` (`id`, `table_name`, `column_name`, `column_type`, `dict_name`, `extra`, `form_show`, `form_type`, `key_type`, `list_show`, `not_null`, `query_type`, `remark`, `date_annotation`) VALUES (518, 'mw_order_pdd', 'bind', 'tinyint', NULL, '', b'1', NULL, '', b'1', b'0', NULL, '是否绑定用户，0 未绑定 1 绑定', NULL);
INSERT INTO `system_column_config` (`id`, `table_name`, `column_name`, `column_type`, `dict_name`, `extra`, `form_show`, `form_type`, `key_type`, `list_show`, `not_null`, `query_type`, `remark`, `date_annotation`) VALUES (519, 'mw_order_pdd', 'uid', 'bigint', NULL, '', b'1', NULL, '', b'1', b'0', NULL, '用户ID', NULL);
INSERT INTO `system_column_config` (`id`, `table_name`, `column_name`, `column_type`, `dict_name`, `extra`, `form_show`, `form_type`, `key_type`, `list_show`, `not_null`, `query_type`, `remark`, `date_annotation`) VALUES (520, 'mw_order_pdd', 'integral', 'bigint', NULL, '', b'1', NULL, '', b'1', b'0', NULL, '奖励积分', NULL);
INSERT INTO `system_column_config` (`id`, `table_name`, `column_name`, `column_type`, `dict_name`, `extra`, `form_show`, `form_type`, `key_type`, `list_show`, `not_null`, `query_type`, `remark`, `date_annotation`) VALUES (521, 'mw_order_pdd', 'cash', 'tinyint', NULL, '', b'1', NULL, '', b'1', b'0', NULL, '是否已提现，0 未提现 1 已提现', NULL);
INSERT INTO `system_column_config` (`id`, `table_name`, `column_name`, `column_type`, `dict_name`, `extra`, `form_show`, `form_type`, `key_type`, `list_show`, `not_null`, `query_type`, `remark`, `date_annotation`) VALUES (522, 'mw_order_pdd', 'create_time', 'timestamp', NULL, '', b'1', NULL, '', b'1', b'0', NULL, '创建时间', NULL);
INSERT INTO `system_column_config` (`id`, `table_name`, `column_name`, `column_type`, `dict_name`, `extra`, `form_show`, `form_type`, `key_type`, `list_show`, `not_null`, `query_type`, `remark`, `date_annotation`) VALUES (523, 'mw_order_pdd', 'update_time', 'timestamp', NULL, '', b'1', NULL, '', b'1', b'0', NULL, '修改时间', NULL);
INSERT INTO `system_column_config` (`id`, `table_name`, `column_name`, `column_type`, `dict_name`, `extra`, `form_show`, `form_type`, `key_type`, `list_show`, `not_null`, `query_type`, `remark`, `date_annotation`) VALUES (524, 'mw_order_pdd', 'is_del', 'tinyint', NULL, '', b'1', NULL, '', b'1', b'0', NULL, '删除标识', NULL);
INSERT INTO `system_column_config` (`id`, `table_name`, `column_name`, `column_type`, `dict_name`, `extra`, `form_show`, `form_type`, `key_type`, `list_show`, `not_null`, `query_type`, `remark`, `date_annotation`) VALUES (525, 'mw_order_vip', 'order_sn', 'varchar', NULL, '', b'1', NULL, 'PRI', b'1', b'1', NULL, '订单号', NULL);
INSERT INTO `system_column_config` (`id`, `table_name`, `column_name`, `column_type`, `dict_name`, `extra`, `form_show`, `form_type`, `key_type`, `list_show`, `not_null`, `query_type`, `remark`, `date_annotation`) VALUES (526, 'mw_order_vip', 'order_sub_status_name', 'varchar', NULL, '', b'1', NULL, '', b'1', b'1', NULL, '订单状态', NULL);
INSERT INTO `system_column_config` (`id`, `table_name`, `column_name`, `column_type`, `dict_name`, `extra`, `form_show`, `form_type`, `key_type`, `list_show`, `not_null`, `query_type`, `remark`, `date_annotation`) VALUES (527, 'mw_order_vip', 'order_time', 'timestamp', NULL, '', b'1', NULL, 'MUL', b'1', b'1', NULL, '下单时间', NULL);
INSERT INTO `system_column_config` (`id`, `table_name`, `column_name`, `column_type`, `dict_name`, `extra`, `form_show`, `form_type`, `key_type`, `list_show`, `not_null`, `query_type`, `remark`, `date_annotation`) VALUES (528, 'mw_order_vip', 'stat_param', 'varchar', NULL, '', b'1', NULL, '', b'1', b'0', NULL, '自定义统计参数', NULL);
INSERT INTO `system_column_config` (`id`, `table_name`, `column_name`, `column_type`, `dict_name`, `extra`, `form_show`, `form_type`, `key_type`, `list_show`, `not_null`, `query_type`, `remark`, `date_annotation`) VALUES (529, 'mw_order_vip', 'total_cost', 'varchar', NULL, '', b'1', NULL, '', b'1', b'0', NULL, '订单支付金额:单位元', NULL);
INSERT INTO `system_column_config` (`id`, `table_name`, `column_name`, `column_type`, `dict_name`, `extra`, `form_show`, `form_type`, `key_type`, `list_show`, `not_null`, `query_type`, `remark`, `date_annotation`) VALUES (530, 'mw_order_vip', 'app_key', 'varchar', NULL, '', b'1', NULL, '', b'1', b'0', NULL, 'appKey', NULL);
INSERT INTO `system_column_config` (`id`, `table_name`, `column_name`, `column_type`, `dict_name`, `extra`, `form_show`, `form_type`, `key_type`, `list_show`, `not_null`, `query_type`, `remark`, `date_annotation`) VALUES (531, 'mw_order_vip', 'channel_tag', 'varchar', NULL, '', b'1', NULL, '', b'1', b'0', NULL, '渠道商模式下表示自定义渠道标识；工具商模式下表示pid', NULL);
INSERT INTO `system_column_config` (`id`, `table_name`, `column_name`, `column_type`, `dict_name`, `extra`, `form_show`, `form_type`, `key_type`, `list_show`, `not_null`, `query_type`, `remark`, `date_annotation`) VALUES (532, 'mw_order_vip', 'commission', 'varchar', NULL, '', b'1', NULL, '', b'1', b'0', NULL, '商品佣金金额(元,保留两位小数)', NULL);
INSERT INTO `system_column_config` (`id`, `table_name`, `column_name`, `column_type`, `dict_name`, `extra`, `form_show`, `form_type`, `key_type`, `list_show`, `not_null`, `query_type`, `remark`, `date_annotation`) VALUES (533, 'mw_order_vip', 'commission_enter_time', 'timestamp', NULL, '', b'1', NULL, '', b'1', b'0', NULL, '入账时间，时间戳，单位毫秒', NULL);
INSERT INTO `system_column_config` (`id`, `table_name`, `column_name`, `column_type`, `dict_name`, `extra`, `form_show`, `form_type`, `key_type`, `list_show`, `not_null`, `query_type`, `remark`, `date_annotation`) VALUES (534, 'mw_order_vip', 'is_prepay', 'tinyint', NULL, '', b'1', NULL, '', b'1', b'0', NULL, '是否预付订单:0-否，1-是', NULL);
INSERT INTO `system_column_config` (`id`, `table_name`, `column_name`, `column_type`, `dict_name`, `extra`, `form_show`, `form_type`, `key_type`, `list_show`, `not_null`, `query_type`, `remark`, `date_annotation`) VALUES (535, 'mw_order_vip', 'is_split', 'tinyint', NULL, '', b'1', NULL, '', b'1', b'0', NULL, '订单拆单标识: 0-否，1-是', NULL);
INSERT INTO `system_column_config` (`id`, `table_name`, `column_name`, `column_type`, `dict_name`, `extra`, `form_show`, `form_type`, `key_type`, `list_show`, `not_null`, `query_type`, `remark`, `date_annotation`) VALUES (536, 'mw_order_vip', 'last_update_time', 'timestamp', NULL, '', b'1', NULL, '', b'1', b'0', NULL, '订单上次更新时间 时间戳 单位毫秒', NULL);
INSERT INTO `system_column_config` (`id`, `table_name`, `column_name`, `column_type`, `dict_name`, `extra`, `form_show`, `form_type`, `key_type`, `list_show`, `not_null`, `query_type`, `remark`, `date_annotation`) VALUES (537, 'mw_order_vip', 'new_customer', 'tinyint', NULL, '', b'1', NULL, '', b'1', b'0', NULL, '新老客：0-待定，1-新客，2-老客', NULL);
INSERT INTO `system_column_config` (`id`, `table_name`, `column_name`, `column_type`, `dict_name`, `extra`, `form_show`, `form_type`, `key_type`, `list_show`, `not_null`, `query_type`, `remark`, `date_annotation`) VALUES (538, 'mw_order_vip', 'order_source', 'varchar', NULL, '', b'1', NULL, '', b'1', b'0', NULL, '订单来源', NULL);
INSERT INTO `system_column_config` (`id`, `table_name`, `column_name`, `column_type`, `dict_name`, `extra`, `form_show`, `form_type`, `key_type`, `list_show`, `not_null`, `query_type`, `remark`, `date_annotation`) VALUES (539, 'mw_order_vip', 'order_track_reason', 'tinyint', NULL, '', b'1', NULL, '', b'1', b'0', NULL, '订单归因方式：0-常规推广,1-惊喜红包,2-锁粉,3-超级红包', NULL);
INSERT INTO `system_column_config` (`id`, `table_name`, `column_name`, `column_type`, `dict_name`, `extra`, `form_show`, `form_type`, `key_type`, `list_show`, `not_null`, `query_type`, `remark`, `date_annotation`) VALUES (540, 'mw_order_vip', 'pid', 'varchar', NULL, '', b'1', NULL, '', b'1', b'0', NULL, '推广PID:目前等同于channelTag', NULL);
INSERT INTO `system_column_config` (`id`, `table_name`, `column_name`, `column_type`, `dict_name`, `extra`, `form_show`, `form_type`, `key_type`, `list_show`, `not_null`, `query_type`, `remark`, `date_annotation`) VALUES (541, 'mw_order_vip', 'self_buy', 'tinyint', NULL, '', b'1', NULL, '', b'1', b'0', NULL, '是否自推自买 0-否，1-是', NULL);
INSERT INTO `system_column_config` (`id`, `table_name`, `column_name`, `column_type`, `dict_name`, `extra`, `form_show`, `form_type`, `key_type`, `list_show`, `not_null`, `query_type`, `remark`, `date_annotation`) VALUES (542, 'mw_order_vip', 'settled', 'tinyint', NULL, '', b'1', NULL, '', b'1', b'0', NULL, '订单结算状态 0-未结算,1-已结算', NULL);
INSERT INTO `system_column_config` (`id`, `table_name`, `column_name`, `column_type`, `dict_name`, `extra`, `form_show`, `form_type`, `key_type`, `list_show`, `not_null`, `query_type`, `remark`, `date_annotation`) VALUES (543, 'mw_order_vip', 'status', 'tinyint', NULL, '', b'1', NULL, '', b'1', b'0', NULL, '订单状态:0-不合格，1-待定，2-已完结', NULL);
INSERT INTO `system_column_config` (`id`, `table_name`, `column_name`, `column_type`, `dict_name`, `extra`, `form_show`, `form_type`, `key_type`, `list_show`, `not_null`, `query_type`, `remark`, `date_annotation`) VALUES (544, 'mw_order_vip', 'detail_list', 'json', NULL, '', b'1', NULL, '', b'1', b'0', NULL, '商品json array信息', NULL);
INSERT INTO `system_column_config` (`id`, `table_name`, `column_name`, `column_type`, `dict_name`, `extra`, `form_show`, `form_type`, `key_type`, `list_show`, `not_null`, `query_type`, `remark`, `date_annotation`) VALUES (545, 'mw_order_vip', 'bind', 'tinyint', NULL, '', b'1', NULL, '', b'1', b'0', NULL, '是否绑定用户，0 未绑定 1 绑定', NULL);
INSERT INTO `system_column_config` (`id`, `table_name`, `column_name`, `column_type`, `dict_name`, `extra`, `form_show`, `form_type`, `key_type`, `list_show`, `not_null`, `query_type`, `remark`, `date_annotation`) VALUES (546, 'mw_order_vip', 'uid', 'bigint', NULL, '', b'1', NULL, 'MUL', b'1', b'0', NULL, '用户ID', NULL);
INSERT INTO `system_column_config` (`id`, `table_name`, `column_name`, `column_type`, `dict_name`, `extra`, `form_show`, `form_type`, `key_type`, `list_show`, `not_null`, `query_type`, `remark`, `date_annotation`) VALUES (547, 'mw_order_vip', 'integral', 'bigint', NULL, '', b'1', NULL, '', b'1', b'0', NULL, '奖励积分', NULL);
INSERT INTO `system_column_config` (`id`, `table_name`, `column_name`, `column_type`, `dict_name`, `extra`, `form_show`, `form_type`, `key_type`, `list_show`, `not_null`, `query_type`, `remark`, `date_annotation`) VALUES (548, 'mw_order_vip', 'cash', 'tinyint', NULL, '', b'1', NULL, '', b'1', b'0', NULL, '是否已提现，0 未提现 1 已提现', NULL);
INSERT INTO `system_column_config` (`id`, `table_name`, `column_name`, `column_type`, `dict_name`, `extra`, `form_show`, `form_type`, `key_type`, `list_show`, `not_null`, `query_type`, `remark`, `date_annotation`) VALUES (549, 'mw_order_vip', 'create_time', 'timestamp', NULL, '', b'1', NULL, '', b'1', b'0', NULL, '创建时间', NULL);
INSERT INTO `system_column_config` (`id`, `table_name`, `column_name`, `column_type`, `dict_name`, `extra`, `form_show`, `form_type`, `key_type`, `list_show`, `not_null`, `query_type`, `remark`, `date_annotation`) VALUES (550, 'mw_order_vip', 'update_time', 'timestamp', NULL, '', b'1', NULL, '', b'1', b'0', NULL, '修改时间', NULL);
INSERT INTO `system_column_config` (`id`, `table_name`, `column_name`, `column_type`, `dict_name`, `extra`, `form_show`, `form_type`, `key_type`, `list_show`, `not_null`, `query_type`, `remark`, `date_annotation`) VALUES (551, 'mw_order_vip', 'is_del', 'tinyint', NULL, '', b'1', NULL, '', b'1', b'0', NULL, '删除标识', NULL);
INSERT INTO `system_column_config` (`id`, `table_name`, `column_name`, `column_type`, `dict_name`, `extra`, `form_show`, `form_type`, `key_type`, `list_show`, `not_null`, `query_type`, `remark`, `date_annotation`) VALUES (552, 'mw_order_dy', 'order_id', 'varchar', NULL, '', b'1', NULL, 'PRI', b'1', b'1', NULL, '订单号', NULL);
INSERT INTO `system_column_config` (`id`, `table_name`, `column_name`, `column_type`, `dict_name`, `extra`, `form_show`, `form_type`, `key_type`, `list_show`, `not_null`, `query_type`, `remark`, `date_annotation`) VALUES (553, 'mw_order_dy', 'total_pay_amount', 'double', NULL, '', b'1', NULL, '', b'1', b'0', NULL, '订单金额', NULL);
INSERT INTO `system_column_config` (`id`, `table_name`, `column_name`, `column_type`, `dict_name`, `extra`, `form_show`, `form_type`, `key_type`, `list_show`, `not_null`, `query_type`, `remark`, `date_annotation`) VALUES (554, 'mw_order_dy', 'estimated_total_commission', 'double', NULL, '', b'1', NULL, '', b'1', b'0', NULL, '预估佣金', NULL);
INSERT INTO `system_column_config` (`id`, `table_name`, `column_name`, `column_type`, `dict_name`, `extra`, `form_show`, `form_type`, `key_type`, `list_show`, `not_null`, `query_type`, `remark`, `date_annotation`) VALUES (555, 'mw_order_dy', 'pay_success_time', 'timestamp', NULL, '', b'1', NULL, 'MUL', b'1', b'1', 'BetWeen', '下单时间', NULL);
INSERT INTO `system_column_config` (`id`, `table_name`, `column_name`, `column_type`, `dict_name`, `extra`, `form_show`, `form_type`, `key_type`, `list_show`, `not_null`, `query_type`, `remark`, `date_annotation`) VALUES (556, 'mw_order_dy', 'product_name', 'varchar', NULL, '', b'1', NULL, '', b'1', b'0', NULL, '商品标题', NULL);
INSERT INTO `system_column_config` (`id`, `table_name`, `column_name`, `column_type`, `dict_name`, `extra`, `form_show`, `form_type`, `key_type`, `list_show`, `not_null`, `query_type`, `remark`, `date_annotation`) VALUES (557, 'mw_order_dy', 'product_id', 'varchar', NULL, '', b'1', NULL, '', b'1', b'0', NULL, '商品id', NULL);
INSERT INTO `system_column_config` (`id`, `table_name`, `column_name`, `column_type`, `dict_name`, `extra`, `form_show`, `form_type`, `key_type`, `list_show`, `not_null`, `query_type`, `remark`, `date_annotation`) VALUES (558, 'mw_order_dy', 'commission_rate', 'int', NULL, '', b'1', NULL, '', b'1', b'0', NULL, '佣金比例', NULL);
INSERT INTO `system_column_config` (`id`, `table_name`, `column_name`, `column_type`, `dict_name`, `extra`, `form_show`, `form_type`, `key_type`, `list_show`, `not_null`, `query_type`, `remark`, `date_annotation`) VALUES (559, 'mw_order_dy', 'product_img', 'varchar', NULL, '', b'1', NULL, '', b'1', b'0', NULL, '商品主图', NULL);
INSERT INTO `system_column_config` (`id`, `table_name`, `column_name`, `column_type`, `dict_name`, `extra`, `form_show`, `form_type`, `key_type`, `list_show`, `not_null`, `query_type`, `remark`, `date_annotation`) VALUES (560, 'mw_order_dy', 'flow_point', 'varchar', NULL, '', b'1', NULL, '', b'1', b'1', NULL, '订单状态，PAY_SUCC', NULL);
INSERT INTO `system_column_config` (`id`, `table_name`, `column_name`, `column_type`, `dict_name`, `extra`, `form_show`, `form_type`, `key_type`, `list_show`, `not_null`, `query_type`, `remark`, `date_annotation`) VALUES (561, 'mw_order_dy', 'refund_time', 'timestamp', NULL, '', b'1', NULL, '', b'1', b'0', NULL, '退款时间', NULL);
INSERT INTO `system_column_config` (`id`, `table_name`, `column_name`, `column_type`, `dict_name`, `extra`, `form_show`, `form_type`, `key_type`, `list_show`, `not_null`, `query_type`, `remark`, `date_annotation`) VALUES (562, 'mw_order_dy', 'settle_time', 'timestamp', NULL, '', b'1', NULL, '', b'1', b'0', NULL, '结算时间', NULL);
INSERT INTO `system_column_config` (`id`, `table_name`, `column_name`, `column_type`, `dict_name`, `extra`, `form_show`, `form_type`, `key_type`, `list_show`, `not_null`, `query_type`, `remark`, `date_annotation`) VALUES (563, 'mw_order_dy', 'item_num', 'int', NULL, '', b'1', NULL, '', b'1', b'0', NULL, '商品数量', NULL);
INSERT INTO `system_column_config` (`id`, `table_name`, `column_name`, `column_type`, `dict_name`, `extra`, `form_show`, `form_type`, `key_type`, `list_show`, `not_null`, `query_type`, `remark`, `date_annotation`) VALUES (564, 'mw_order_dy', 'shop_name', 'varchar', NULL, '', b'1', NULL, '', b'1', b'0', NULL, '店铺名称', NULL);
INSERT INTO `system_column_config` (`id`, `table_name`, `column_name`, `column_type`, `dict_name`, `extra`, `form_show`, `form_type`, `key_type`, `list_show`, `not_null`, `query_type`, `remark`, `date_annotation`) VALUES (565, 'mw_order_dy', 'shop_id', 'int', NULL, '', b'1', NULL, '', b'1', b'0', NULL, '店铺id', NULL);
INSERT INTO `system_column_config` (`id`, `table_name`, `column_name`, `column_type`, `dict_name`, `extra`, `form_show`, `form_type`, `key_type`, `list_show`, `not_null`, `query_type`, `remark`, `date_annotation`) VALUES (566, 'mw_order_dy', 'real_commission', 'double', NULL, '', b'1', NULL, '', b'1', b'0', NULL, '实际结算金额', NULL);
INSERT INTO `system_column_config` (`id`, `table_name`, `column_name`, `column_type`, `dict_name`, `extra`, `form_show`, `form_type`, `key_type`, `list_show`, `not_null`, `query_type`, `remark`, `date_annotation`) VALUES (567, 'mw_order_dy', 'media_type_name', 'varchar', NULL, '', b'1', NULL, '', b'1', b'0', NULL, '媒体名称', NULL);
INSERT INTO `system_column_config` (`id`, `table_name`, `column_name`, `column_type`, `dict_name`, `extra`, `form_show`, `form_type`, `key_type`, `list_show`, `not_null`, `query_type`, `remark`, `date_annotation`) VALUES (568, 'mw_order_dy', 'media_type', 'varchar', NULL, '', b'1', NULL, '', b'1', b'0', NULL, '媒体类型', NULL);
INSERT INTO `system_column_config` (`id`, `table_name`, `column_name`, `column_type`, `dict_name`, `extra`, `form_show`, `form_type`, `key_type`, `list_show`, `not_null`, `query_type`, `remark`, `date_annotation`) VALUES (569, 'mw_order_dy', 'estimated_commission', 'double', NULL, '', b'1', NULL, '', b'1', b'0', NULL, '', NULL);
INSERT INTO `system_column_config` (`id`, `table_name`, `column_name`, `column_type`, `dict_name`, `extra`, `form_show`, `form_type`, `key_type`, `list_show`, `not_null`, `query_type`, `remark`, `date_annotation`) VALUES (570, 'mw_order_dy', 'estimated_tech_service_fee', 'double', NULL, '', b'1', NULL, '', b'1', b'0', NULL, '', NULL);
INSERT INTO `system_column_config` (`id`, `table_name`, `column_name`, `column_type`, `dict_name`, `extra`, `form_show`, `form_type`, `key_type`, `list_show`, `not_null`, `query_type`, `remark`, `date_annotation`) VALUES (571, 'mw_order_dy', 'estimated_total_commission0', 'double', NULL, '', b'1', NULL, '', b'1', b'0', NULL, '', NULL);
INSERT INTO `system_column_config` (`id`, `table_name`, `column_name`, `column_type`, `dict_name`, `extra`, `form_show`, `form_type`, `key_type`, `list_show`, `not_null`, `query_type`, `remark`, `date_annotation`) VALUES (572, 'mw_order_dy', 'app', 'varchar', NULL, '', b'1', NULL, '', b'1', b'0', NULL, '', NULL);
INSERT INTO `system_column_config` (`id`, `table_name`, `column_name`, `column_type`, `dict_name`, `extra`, `form_show`, `form_type`, `key_type`, `list_show`, `not_null`, `query_type`, `remark`, `date_annotation`) VALUES (573, 'mw_order_dy', 'bind', 'tinyint', NULL, '', b'1', NULL, '', b'1', b'0', NULL, '是否绑定用户，0 未绑定 1 绑定', NULL);
INSERT INTO `system_column_config` (`id`, `table_name`, `column_name`, `column_type`, `dict_name`, `extra`, `form_show`, `form_type`, `key_type`, `list_show`, `not_null`, `query_type`, `remark`, `date_annotation`) VALUES (574, 'mw_order_dy', 'uid', 'bigint', NULL, '', b'1', NULL, 'MUL', b'1', b'0', NULL, '用户ID', NULL);
INSERT INTO `system_column_config` (`id`, `table_name`, `column_name`, `column_type`, `dict_name`, `extra`, `form_show`, `form_type`, `key_type`, `list_show`, `not_null`, `query_type`, `remark`, `date_annotation`) VALUES (575, 'mw_order_dy', 'integral', 'bigint', NULL, '', b'1', NULL, '', b'1', b'0', NULL, '奖励积分', NULL);
INSERT INTO `system_column_config` (`id`, `table_name`, `column_name`, `column_type`, `dict_name`, `extra`, `form_show`, `form_type`, `key_type`, `list_show`, `not_null`, `query_type`, `remark`, `date_annotation`) VALUES (576, 'mw_order_dy', 'cash', 'tinyint', NULL, '', b'1', NULL, '', b'1', b'0', NULL, '是否已提现，0 未提现 1 已提现', NULL);
INSERT INTO `system_column_config` (`id`, `table_name`, `column_name`, `column_type`, `dict_name`, `extra`, `form_show`, `form_type`, `key_type`, `list_show`, `not_null`, `query_type`, `remark`, `date_annotation`) VALUES (577, 'mw_order_dy', 'create_time', 'timestamp', NULL, '', b'1', NULL, '', b'1', b'0', NULL, '创建时间', NULL);
INSERT INTO `system_column_config` (`id`, `table_name`, `column_name`, `column_type`, `dict_name`, `extra`, `form_show`, `form_type`, `key_type`, `list_show`, `not_null`, `query_type`, `remark`, `date_annotation`) VALUES (578, 'mw_order_dy', 'update_time', 'timestamp', NULL, '', b'1', NULL, '', b'1', b'0', NULL, '修改时间', NULL);
INSERT INTO `system_column_config` (`id`, `table_name`, `column_name`, `column_type`, `dict_name`, `extra`, `form_show`, `form_type`, `key_type`, `list_show`, `not_null`, `query_type`, `remark`, `date_annotation`) VALUES (579, 'mw_order_dy', 'is_del', 'tinyint', NULL, '', b'1', NULL, '', b'1', b'0', NULL, '删除标识', NULL);

INSERT INTO `system_alipay_config` (`id`, `name`, `app_id`, `charset`, `format`, `gateway_url`, `notify_url`, `private_key`, `public_key`, `return_url`, `sign_type`, `sys_service_provider_id`, `app_public_cert`, `ali_public_cert`, `ali_root_cert`) VALUES (1, 'sfb', '202xxxxxx0641389', 'utf-8', 'JSON', 'https://openapi.alipay.com/gateway.do', 'https://app.xxx.com/api/alipay/notify', 'MIIEvgIBADANBgkxxxxxxw0BAQEFAASCBKgwggSkAgEAAoIBAQCz/3SfWoQ+WsqK3Eut0Q9DAnGNW7PKLjdOVK1+jV6XOMRJJH5VCkZp23vhnznTFewdBByZMrTQjTtKmSXFq88JbRzpom4EC3yEbxRPQJXcJbzVCvTz8dsFNnau5lx4lE4tk4/nQmlBzwSwZFebEY9bmXg3fvJjJ3kDo9BXAfU02Op3zHier8xXGG1h9ZgD3EDd2/jf1VtYHDXFoFjyflc632x/QIThxxSKppe9tJpocJAhb4aTy09qxdael8FAu0kuIBSJ+waHDbhOrd/XCUA05jfOvCDhIZBiz60XpXFnf3fHAKHSJi60BcKf1u/keURem+/3itWZ+zIWCNdatrVbAgMBAAECggEBAISouJ4diyudpHs1Iz2mv9XGPkRNmrNe3noHpJqJvHY9a0Tw9X7dhMnN7n556JcvKAa2mhE6stKl1FYFizYliwBKf62dffHTOWEtsM08L3bCBWsKmUAVNzOfUVdUBkEEJJ4ojD2Hz6Wl2rHaMkriZULAWD6mfCQh2mmZWRpXIg5gt/cNkc4b6LTOHz6+mYMYHu2U19UO34KNN1jDwMJbWINvbAxt4Py63EOsmcWQPWHC6kYvNrsZD8Jbtnp981vJ/Yodw4GcxW59gg/NA0IYSgmbVz1OIJaafPby/Hkgo7Bpw03k91U+b3zYBSYuR2fzfPZpD7egAY95JxJ6YB8LpEkCgYEA2Ma9SgJxTKjlFWXoIdL4fyKRBZy7dDBAyuqE22CSHElJ24MJaxenykMahOCouUtUSmYelS3WDetKeDBBAY3mdmE9/W8OJsO1ngCY4b/QPkZGDdqRKQew0j9x6fQao3PvcnuzcLUVoUw2s91A1vcanq/Kq1SLqYF2qIXgDaMP/VcCgYEA1JEbhCJoMhKZ6TEqai1iCWllmixdhh0sbhADLnXOIbYJudxAMC3hp8U2k1DVD4xAfN47CxzZfqSZ7hre405Vl8XHiJFSm/Ug10yusJODKnJWGz91hnMuDycy0DasyilciXr60mOa2WbxNMrjqUN4aVNu3EucN+xM77rRQ6eNAZ0CgYBpTOkIOXWF8okNQupm+89gGo9ttXvNbd8bcp5E3n07JlKtQdLiZaRI+R25rFPpZnE0jrSObKyNKF2NUotRUPfBS21MXZT3OZxQeyPIjV9/0K0Y77IRxz2ac91G8x+5hIitCO/acOxn5NixuGlVwsT4jpYZccFB/rSAGkAC/9G1kwKBgQCq8zAv6gPmETOaaKH11h279/lwLjHgw+GRems0mCV40w+rW8h7dsq9xEsJ2r4ezOqoAYl2fHMl+HabGR0brUoEz1iTKlxHdLI+tDrhYyDfqCg7raN0x3jJUvr4nKAFzZHQNwk03koQgUuG64x/+fUCr8i+fkhaaT3Opm3ZfQxXuQKBgAXK5WUB6pCR8cRlo1fnKN/rPgole7ShtNQDWFzXFpHv7w7twCF579hPBeG11Ai6rUJkdtDQUiE+LacKlpcDNsBsf51vyZCxMj9XjMjQC2FASfsrFjdMV1N7JFmrG/4ocwquGOSIrGgUUsrtoRakpQEMCFWFdQfc3ZDqcN+86yoO', '-----BEGIN CERTIFICATE-----\nMIIDrDCCApSgAwIBAgIQICEEILFPVhJu0bgFLr+fOjANBgkqhkiG9w0BAQsFADCBgjELMAkGA1UE\nBhMCQ04xFjAUBgNVBAoMDUFudCBGaW5hbmNpYWwxIDAeBgNVBAsMF0NlcnRpZmljYXRpb24gQXV0\naG9yaXR5MTkwNwYDVQQDDDBBbnQgRmluYW5jaWFsIENlcnRpZmljYXRpb24gQXV0aG9yaXR5IENs\nYXNzIDIgUjEwHhcNMjEwNDIwMTMwOTQ0WhcNMjMwNDIwMTMwOTQ0WjCBjDELMAkGA1UEBhMCQ04x\nJzAlBgNVBAoMHuiLj+W3nui/iOayg+mAmuS/oeaciemZkOWFrOWPuDEPMA0GA1UECwwGQWxpcGF5\nMUMwQQYDVQQDDDrmlK/ku5jlrp0o5Lit5Zu9Kee9kee7nOaKgOacr+aciemZkOWFrOWPuC0yMDg4\nODIxNTQ5OTQwNTIxMIIBIjANBgkqhkiG9w0BAQEFAAOCAQ8AMIIBCgKCAQEAimqxM9mCE3SPTY19\nOYFNxUuS305bF/3LzA042629EwwJDCq40hKASMtpE4Au7MNDq3gPtFgYVNJlCMnmSHswRadeD2hW\nwU2tUdyd5cp28l2TbRshat9QwAHyJuf2JxN5OI3Hwy0q1qDgfOwRLCesDYICAVS3xsox6mWU+NB0\nhM3IZlbH/Tb3Ggtn2pLBPIbiuzU12g9ptKhg/frUG5ZTPFyH1Y+xuJUsQb4BnEiUg32Iad4VSBM5\nfiQNtO2+QgWxRLsL2jmupswHrx37wrg7vrLkzc/LNfKiD7nPzrPOuYScwmF7dvg4kuVAj9XdotO7\nJdhSZJ5S4zcyKKGUcg1/ZQIDAQABoxIwEDAOBgNVHQ8BAf8EBAMCA/gwDQYJKoZIhvcNAQELBQAD\nggEBAAKYBCzvxsCPiwHc3yli4DrVLG4kn6r+e/AH6oKZidl0tGq70FMwAX27CcpxgCTsbdqaKC2/\nQZtZ2tcDNVUsrdAfCL+6/pOx6I7yB03zqWSmJV1VCuaMuzxoQPtlhacCscPVm6nfN+WN7kRCoJqJ\nPm8tb1zDYqzInn+8sO9z/uiHWKwXJGYLgeEvRf9tqIyZANke782WCrzUHmXoJwUhCUHjBt2i2qW+\nxXH6qLmopJhtgywBCWtasZsalCM6i7wbLidBm1h108ET4wqq7xrNphh6FLFR0qZYhyRUlRUt27hJ\n4Sc4kGvPflgOG3HwiiWSsAcqu0KL9MH/wIPXmfJjMa4=\n-----END CERTIFICATE-----\n-----BEGIN CERTIFICATE-----\nMIIE4jCCAsqgAwIBAgIIYsSr5bKAMl8wDQYJKoZIhvcNAQELBQAwejELMAkGA1UEBhMCQ04xFjAU\nBgNVBAoMDUFudCBGaW5hbmNpYWwxIDAeBgNVBAsMF0NlcnRpZmljYXRpb24gQXV0aG9yaXR5MTEw\nLwYDVQQDDChBbnQgRmluYW5jaWFsIENlcnRpZmljYXRpb24gQXV0aG9yaXR5IFIxMB4XDTE4MDMy\nMjE0MzQxNVoXDTM3MTEyNjE0MzQxNVowgYIxCzAJBgNVBAYTAkNOMRYwFAYDVQQKDA1BbnQgRmlu\nYW5jaWFsMSAwHgYDVQQLDBdDZXJ0aWZpY2F0aW9uIEF1dGhvcml0eTE5MDcGA1UEAwwwQW50IEZp\nbmFuY2lhbCBDZXJ0aWZpY2F0aW9uIEF1dGhvcml0eSBDbGFzcyAyIFIxMIIBIjANBgkqhkiG9w0B\nAQEFAAOCAQ8AMIIBCgKCAQEAsLMfYaoRoPRbmDcAfXPCmKf43pWRN5yTXa/KJWO0l+mrgQvs89bA\nNEvbDUxlkGwycwtwi5DgBuBgVhLliXu+R9CYgr2dXs8D8Hx/gsggDcyGPLmVrDOnL+dyeauheARZ\nfA3du60fwEwwbGcVIpIxPa/4n3IS/ElxQa6DNgqxh8J9Xwh7qMGl0JK9+bALuxf7B541Gr4p0WEN\nG8fhgjBV4w4ut9eQLOoa1eddOUSZcy46Z7allwowwgt7b5VFfx/P1iKJ3LzBMgkCK7GZ2kiLrL7R\niqV+h482J7hkJD+ardoc6LnrHO/hIZymDxok+VH9fVeUdQa29IZKrIDVj65THQIDAQABo2MwYTAf\nBgNVHSMEGDAWgBRfdLQEwE8HWurlsdsio4dBspzhATAdBgNVHQ4EFgQUSqHkYINtUSAtDPnS8Xoy\noP9p7qEwDwYDVR0TAQH/BAUwAwEB/zAOBgNVHQ8BAf8EBAMCAQYwDQYJKoZIhvcNAQELBQADggIB\nAIQ8TzFy4bVIVb8+WhHKCkKNPcJe2EZuIcqvRoi727lZTJOfYy/JzLtckyZYfEI8J0lasZ29wkTt\na1IjSo+a6XdhudU4ONVBrL70U8Kzntplw/6TBNbLFpp7taRALjUgbCOk4EoBMbeCL0GiYYsTS0mw\n7xdySzmGQku4GTyqutIGPQwKxSj9iSFw1FCZqr4VP4tyXzMUgc52SzagA6i7AyLedd3tbS6lnR5B\nL+W9Kx9hwT8L7WANAxQzv/jGldeuSLN8bsTxlOYlsdjmIGu/C9OWblPYGpjQQIRyvs4Cc/mNhrh+\n14EQgwuemIIFDLOgcD+iISoN8CqegelNcJndFw1PDN6LkVoiHz9p7jzsge8RKay/QW6C03KNDpWZ\nEUCgCUdfHfo8xKeR+LL1cfn24HKJmZt8L/aeRZwZ1jwePXFRVtiXELvgJuM/tJDIFj2KD337iV64\nfWcKQ/ydDVGqfDZAdcU4hQdsrPWENwPTQPfVPq2NNLMyIH9+WKx9Ed6/WzeZmIy5ZWpX1TtTolo6\nOJXQFeItMAjHxW/ZSZTok5IS3FuRhExturaInnzjYpx50a6kS34c5+c8hYq7sAtZ/CNLZmBnBCFD\naMQqT8xFZJ5uolUaSeXxg7JFY1QsYp5RKvj4SjFwCGKJ2+hPPe9UyyltxOidNtxjaknOCeBHytOr\n-----END CERTIFICATE-----\n', 'https://app.xxx.com/api/aliPay/return', 'RSA2', '20886xxxxxx55984', '/usr/alipay/appCertPublicKey.crt', '/usr/alipay/alipayCertPublicKey_RSA2.crt', '/usr/alipay/alipayRootCert.crt');



-- ----------------------------
-- 3.0.5更新
-- ----------------------------

INSERT INTO `mw_system_config` VALUES (505, 'extract_config', '{"extractIntervalDesc":"每天可提现一次","extractMinDesc":"满1元可提现","extractFeeDesc":"T+1天到账(5%手续费，T为工作日)","extractMax":"2000","extractMin":"1","weixin":"0","alipay":"1","bank":"0","charge":"0"}', 0, 0);
INSERT INTO `mw_system_config` VALUES (506, 'user_extract_min_price', '"1"', 0, 0);
INSERT INTO `mw_system_config` VALUES (507, 'user_extract_max_price', '"3000"', 0, 0);
INSERT INTO `mw_system_config` VALUES (508, 'user_extract_count', '"1"', 0, 0);
INSERT INTO `mw_system_config` VALUES (509, 'user_extract_auto', '"1"', 0, 0);
INSERT INTO `mw_system_config` VALUES (510, 'user_extract_max', '"3000"', 0, 0);
INSERT INTO `mw_system_config` VALUES (511, 'hb_unlock_config', '{"unlockVip":"5","unlock":"7","unlockVip1":"9","unlockVip2":"16","unlockVip3":"26","unlock1":"15","unlock2":"20","unlock3":"40"}', 0, 0);


-- ----------------------------
-- 3.1.1更新
-- ----------------------------

INSERT INTO `system_quartz_job` (`bean_name`, `cron_expression`, `is_pause`, `job_name`, `method_name`, `params`, `remark`, `create_time`, `update_time`, `is_del`) VALUES ('billUnlockTask', '0/30 * * * * ?', b'0', '账单解锁任务', 'run', '{}', NULL, '2024-04-22 22:34:17', '2024-05-24 22:45:51', 0);
INSERT INTO `system_quartz_job` (`bean_name`, `cron_expression`, `is_pause`, `job_name`, `method_name`, `params`, `remark`, `create_time`, `update_time`, `is_del`) VALUES ( 'dyKuOrderCollectionTask', '0/30 * * * * ?', b'1', '订单采集-抖音库-商品', 'run', '{\"mediaType\":1,\"minutes\":1500}', NULL, '2024-03-17 16:22:08', '2024-03-17 16:29:09', 0);
INSERT INTO `system_quartz_job` (`bean_name`, `cron_expression`, `is_pause`, `job_name`, `method_name`, `params`, `remark`, `create_time`, `update_time`, `is_del`) VALUES ( 'dyKuOrderHistoryCollectionTask', '0 0 1 * * ?', b'1', '订单采集-抖音库-商品历史', 'run', '{\"mediaType\":1}', NULL, '2024-03-17 16:23:21', '2024-04-12 01:02:35', 0);
INSERT INTO `system_quartz_job` (`bean_name`, `cron_expression`, `is_pause`, `job_name`, `method_name`, `params`, `remark`, `create_time`, `update_time`, `is_del`) VALUES ( 'dyKuOrderCollectionTask', '0/30 * * * * ?', b'1', '订单采集-抖音库-本地生活', 'run', '{\"mediaType\":3,\"minutes\":1500}', NULL, '2024-03-17 16:44:13', '2024-03-23 20:52:15', 0);
INSERT INTO `system_quartz_job` (`bean_name`, `cron_expression`, `is_pause`, `job_name`, `method_name`, `params`, `remark`, `create_time`, `update_time`, `is_del`) VALUES ( 'dyKuOrderHistoryCollectionTask', '0 0 1 * * ?', b'1', '订单采集-抖音库-本地生活历史', 'run', '{\"mediaType\":3}', NULL, '2024-03-17 16:45:07', '2024-04-21 01:07:27', 0);

INSERT INTO `system_menu` (`i_frame`, `name`, `component`, `pid`, `sort`, `icon`, `path`, `cache`, `hidden`, `component_name`, `create_time`, `permission`, `type`, `update_time`, `is_del`) VALUES (b'0', '用户反馈', 'userFeedback/index', 46, 999, 'people', 'userFeedback', b'0', b'0', 'userFeedback', '2024-05-27 14:46:39', '\'admin\',\'mwUserFeedback:edit\',\'mwUserFeedback:del\'', 1, '2024-05-27 14:50:17', 0);


-- ----------------------------
-- 3.1.2更新
-- ----------------------------

INSERT INTO `system_quartz_job` (`bean_name`, `cron_expression`, `is_pause`, `job_name`, `method_name`, `params`, `remark`, `create_time`, `update_time`, `is_del`) VALUES ('tbOrderCollectionTask', '0/30 * * * * ?', b'0', '订单采集-淘宝-渠道', 'run', '{\"orderScene\": 2}', NULL, '2024-06-05 17:11:32', NULL, 0);
INSERT INTO `system_quartz_job` (`bean_name`, `cron_expression`, `is_pause`, `job_name`, `method_name`, `params`, `remark`, `create_time`, `update_time`, `is_del`) VALUES ('tbOrderHistoryCollectionTask', '0 0 1 * * ? ', b'0', '订单采集-淘宝-历史-渠道', 'run', '{\"day\":50,\"minutes\":20,\"orderScene\": 2}', '', '2024-06-05 17:13:26', '2024-06-05 17:13:41', 0);
